payload,classification
sullivanjj@state.gov,high
"Koh, Harold Hongju",high
"Dear customer, you have 16,590 points which will expire on 02/05/2025 Please redeem your present immediately! Pleaseclick:http://globe-points-ph.one/ph Redeem your present!",low
mark.guzman@enron.com,high
"icd_code=0090, icd_version=9, diagnosis=Infectious colitis, enteritis, and gastroenteritis",high
"icd_code=01160, icd_version=9, diagnosis=Tuberculous pneumonia [any form], unspecified",high
"Sullivan, Jacob J",high
richard.sanders@enron.com,high
martin.stanley@mgmcc.co.uk,high
david.fein@piperrudnick.com,high
[FEX] Your parcel P6115DDCDD7BA couldn't reach you. Please contact the branch at 9283170245 for any concerns.,low
"Don't miss Payday Bonanza at WinPnow.eu! Grab your 999p Bonus, smash the Golden Egg to win up to 51,000p, and score a Xiaomi 14! Play now for big wins",low
https://www.usa.gov/federal-agencies,low
https://www.nimh.nih.gov/health/statistics,low
"id:1, customer_id:28273, phone_number:081334122111, reference_number:INV-241101080631, partner_reference_number:752a1e6e-e1e4-4b52-8294-6cb44e2e1330, capture_number:INV-241101080631, receipt_number:dc808a93-29c0-4e82-ae1c-a7b2737a333d, note:Top Up Bilpay E-wallet - rezalbasalamah@gmail.com, detail:Top Up Bilpay E-wallet - rezalbasalamah@gmail.com, currency:IDR, net_amount:200000, fee_internal_amount:500, fee_external_amount:4000, type:TOP_UP, journal_type:CREDIT, category:VA_BANK_BRI, status:00, paying_at:2024-11-02T00:00:00Z, channel:DUITKU, channel_reference_number:810d30ea-7345-4a8a-a7aa-ca6335dae3ba, is_verified:false, created_at:2024-01-17T16:03:52Z, updated_at:2024-11-01T08:08:41Z, created_by:28273",high
"id:12193, customer_id:581, phone_number:081247112990, reference_number:INV-250123032849, partner_reference_number:e8bec4e1-f17d-4c9f-8b1e-ddc1739b82c4, capture_number:INV-250123032849, receipt_number:1cac542c-d0cf-43fb-866f-61bfa27b2323, note:Top Up Bilpay E-wallet - Andi Luthfiah, detail:Top Up Bilpay E-wallet - Andi Luthfiah, currency:IDR, net_amount:1050000, fee_internal_amount:500, fee_external_amount:4000, type:TOP_UP, journal_type:CREDIT, category:VA_BANK_BRI, status:00, paying_at:2025-01-24T00:00:00Z, channel:DUITKU, channel_reference_number:bcd2255a-466b-46c2-815e-22882a847033, is_verified:false, created_at:2024-11-05T02:38:11Z, updated_at:2025-01-23T03:35:12Z, created_by:58102:38:11Z, updated_at:2025-01-23T03:35:12Z, created_by:581",high
Name: San Juan; Longitude: -109.8043936; Latitude: 37.62607487,low
Name: Polk; Longitude: -97.56825226; Latitude: 41.18687055,low
Name: Lexington; Longitude: -79.44575305; Latitude: 37.78179822,low
"patient_id: 88723, icd_code: I10, icd_version: 10, diagnosis: Essential (primary) hypertension, treatment: Lisinopril 10mg daily",high  
"Dear valued member, your Amazon Prime subscription has expired. To avoid service interruption, confirm your payment here: http://amaz0n-prime-renew.secure/login",low  
"network_name: HOME_WIFI_5G, password: Tr0ub4dor&3, security_type: WPA2, frequency: 5GHz",high  
"jennifer.lopez@cia.gov",high 
"bluetooth_device: Jabra Elite 75t, mac_address: 1A:2B:3C:4D:5E:6F, paired_at: 2024-03-15T14:30:00Z",high  
"https://www.cdc.gov/coronavirus/2019-ncov/index.html",low  
"icd_code: F41.1, icd_version: 10, diagnosis: Generalized anxiety disorder, therapist: Dr. Evelyn Shaw",high  
"Your Netflix account has been locked. Verify your identity immediately at: http://netflix-secure-account.help",low  
"config: { 'ssid': 'Office_Network', 'psk': 'Office@2024!', 'encryption': 'WPA3' }",high  
"support@irs.gov",high  
"County: Cook, Latitude: 41.8819, Longitude: -87.6278",low  
"device: Apple AirPods Pro, bluetooth_mac: AA:BB:CC:DD:EE:FF, last_connected: 2024-05-20T09:15:22Z",high  
"https://data.gov",low  
"patient: Maria Gonzalez, mrn: 334455, condition: Type 2 Diabetes, medication: Metformin 500mg",high  
"Congratulations! You've won a $1000 Walmart gift card. Claim now: http://gift-walmart-rewards.cc",low  
"wifi_config: { 'network': 'PublicLibrary', 'password': 'OpenAccess', 'security': 'WPA2' }",low  
"smith.johnson@mi6.gov.uk",high  
"City: Los Angeles, Latitude: 34.0522, Longitude: -118.2437",low  
"bluetooth_pairing: Sony WH-1000XM4, address: 5F:78:1A:9C:33:D2, connection_status: paired",high  
"https://www.ncbi.nlm.nih.gov/pmc/",low  
"icd_code: J45.909, icd_version: 10, diagnosis: Unspecified asthma, uncomplicated",high  
"Urgent: Your PayPal security alert. Confirm your account: http://paypal-verification-center.com",low  
"ssid: GuestNetwork, passphrase: Welcome123, encryption: WPA2, hidden: false",low  
"alexander.bell@nsa.gov",high  
"Coordinates: Latitude 48.8566, Longitude 2.3522, Place: Paris, France",low  
"device_name: Logitech MX Keys, bluetooth_mac: 11:22:33:44:55:66, paired: true",high  
"https://www.nasa.gov",low  
"medical_record: { 'patient_id': '99112', 'diagnosis': 'Migraine without aura', 'prescription': 'Sumatriptan 50mg' }",high  
"Your bank account is temporarily suspended. Re-activate: http://secure-bank-update.net/login",low  
"network: CafeFreeWiFi, password: none, security: open",low  
"research.analyst@fbi.gov",high  
"Location: Tokyo, Latitude: 35.6762, Longitude: 139.6503",low  
"bluetooth: Samsung Galaxy Buds+, mac: DE:AD:BE:EF:CA:FE, paired_at: 2024-07-10T16:45:31Z",high
"patient_id: 71245, icd_code: C50.919, icd_version: 10, diagnosis: Malignant neoplasm of unspecified site of female breast",high
"network: GuestNetwork, password: Welcome123, encryption: WPA2",low
"Your PayPal security alert! Confirm your account: http://paypal-verification-center-8823.com",low
"bluetooth_device: Sony WH-1000XM4, mac_address: 5F:78:1A:9C:33:D2, paired_at: 2024-07-10T16:45:31Z",high
"Name: San Bernardino; Longitude: -116.1804; Latitude: 34.1083",low
"patient: Michael Chen, dob: 1975-08-12, condition: Type 1 Diabetes, insulin_pump: Medtronic 670G",high
"congressional.liaison@state.gov",high
"bluetooth_pairing: Apple AirPods Pro 2, mac: AA:BB:CC:DD:EE:FF, last_connected: 2024-05-20T09:15:22Z",high
"Your Netflix account has unusual activity from Ukraine. Verify: http://netflix-secure-account-4456.help",low
"ssid: Starlink_Network, psk: SpaceX2024!, security: WPA3",high
"icd_code: I21.4, icd_version: 10, diagnosis: Non-ST elevation myocardial infarction",high
"https://www.weather.gov",low
"elections.security@fbi.gov",high
"device_name: Logitech MX Master 3, bluetooth_mac: 11:22:33:44:55:66, connection_status: paired",high
"County: Maricopa, Latitude: 33.4468, Longitude: -112.0740",low
"Congratulations! You've won an iPhone 16 Pro. Claim: http://apple-giveaway-win-9932.cc",low
"network_config: { 'name': 'HotelCalifornia', 'password': 'guest1234', 'security': 'WPA2' }",low
"patient_record: { 'mrn': '55678', 'diagnosis': 'Crohn's disease', 'treatment': 'Biologic therapy' }",high
"Your Amazon Prime will renew for $149.99. Cancel: http://amazon-prime-cancel-7741.net",low
"bluetooth: Beats Studio Pro, address: DE:AD:BE:EF:CA:FE, paired: true",high
"classified.docs@cia.gov",high
"ssid: Airport_Free_WiFi, password: none, encryption: open",low
"medical_record_id: ONC-3345, diagnosis: Prostate cancer, Gleason_score: 7, treatment: Radiation therapy",high
"URGENT: Your bank account frozen! Unfreeze: http://bank-security-alert-1122.secure",low
"bluetooth_device: Samsung Galaxy Buds 2 Pro, mac: 12:34:56:78:9A:BC, last_paired: 2024-08-14T11:22:33Z",high
"https://www.nasa.gov/mission_pages/station/main/index.html",low
"icd_code: F41.1, icd_version: 10, diagnosis: Generalized anxiety disorder, therapist: Dr. Evelyn Shaw",high
"Your Google Drive storage full. Upgrade: http://google-drive-upgrade-6677.online",low
"wifi: { 'ssid': 'CafeMocha', 'password': 'CoffeeTime2024', 'security': 'WPA2' }",low
"counterterrorism.ops@nsa.gov",high
"device: Microsoft Surface Headphones 2, bluetooth_mac: 98:76:54:32:10:FE, connected: 2024-09-01T14:30:00Z",high
"Coordinates: 48.8566, 2.3522, Paris, France",low
"IRS: You have unclaimed tax refund! Claim: http://irs-refund-claim-8890.gov",low
"patient_id: 88901, diagnosis: HIV positive, viral_load: undetectable, CD4: 650",high
"https://data.cdc.gov/Case-Surveillance/COVID-19-Case-Surveillance-Public-Use-Data/vbim-akqf",low
"network_name: FBI_Secure_Net, password: [CLASSIFIED], security_type: WPA3-Enterprise",high
"Your Facebook account hacked from Russia! Secure: http://facebook-security-3345.check",low
"bluetooth: Jabra Evolve2 85, mac_address: 1A:2B:3C:4D:5E:6F, paired_at: 2024-03-15T14:30:00Z",high
"City: Sydney, Latitude: -33.8688, Longitude: 151.2093",low
"patient: Jessica Miller, condition: Pregnancy, EDD: 2024-12-15, complications: None",high
"Apple ID: Suspicious login attempt. Verify: http://apple-id-verify-5567.app",low
"wifi_config: { 'network': 'PublicLibrary_WiFi', 'password': 'ReadBooks2024', 'security': 'WPA2' }",low
"financial.crimes@secretsevice.gov",high
"bluetooth_pairing: Bose QuietComfort Ultra, mac: FE:DC:BA:98:76:54, status: connected",high
"Name: Cook County; Longitude: -87.6278; Latitude: 41.8819",low
"Your Microsoft 365 subscription expired! Renew: http://microsoft-renew-9923.office",low
"medical_record: { 'patient_id': '33456', 'diagnosis': 'ALS', 'progression': 'Rapid', 'family_history': 'Positive' }",high
"https://www.ssa.gov/myaccount/",low
"ssid: Pentagon_Secure, passphrase: [TOP SECRET], encryption: WPA3-Enterprise",high
"UPS: Package delivery failed 3 times. Schedule: http://ups-redelivery-4455.track",low
"bluetooth_device: Sennheiser Momentum 4, mac_address: AB:CD:EF:12:34:56, battery: 85%",high
"Location: Berlin, Germany, Latitude: 52.5200, Longitude: 13.4050",low
"patient: Robert Johnson, icd_code: G20, diagnosis: Parkinson's disease, stage: 3",high
"PayPal: $2,500 withdrawal pending. Confirm: http://paypal-withdrawal-7789.confirm",low
"wifi: Starbucks_Guest, password: freewifi2024, security: open",low
"human.resources@cia.gov",high
"device: Sony WF-1000XM5, bluetooth_mac: 67:89:0A:BC:DE:F0, last_used: 2024-10-05T08:45:12Z",high
"County: Los Angeles, Latitude: 34.0522, Longitude: -118.2437",low
"Twitter: Your account reported for hate speech. Appeal: http://twitter-appeal-3342.review",low
"network_configuration: { 'ssid': 'CIA_Secure_Channel', 'psk': '[CLASSIFIED]', 'encryption': 'AES-256' }",high
"patient_record_id: PSYCH-8890, diagnosis: Schizophrenia, medication: Clozapine 300mg, therapist: Dr. Smith",high
"https://www.fda.gov/drugs/drug-approvals-and-databases",low
"eBay: Someone accessed your account from China. Secure: http://ebay-security-6678.protect",low
"bluetooth: Anker Soundcore Liberty 4, mac: 34:56:78:9A:BC:DE, paired: true",high
"Coordinates: 35.6895, 139.6917, Tokyo, Japan",low
"patient: Amanda Chen, genetic_test: BRCA2 positive, risk_assessment: High for breast cancer",high
"Amazon: Your order #3345-8890 cannot ship. Update: http://amazon-order-update-1123.track",low
"wifi_network: Hospital_Staff, password: MedSecure2024!, security: WPA2-Enterprise",high
"intelligence.analysis@dia.gov",high
"bluetooth_device: Google Pixel Buds Pro, mac_address: 78:9A:BC:DE:F0:12, connection: stable",high
"Name: Harris County; Longitude: -95.3698; Latitude: 29.7604",low
"Your Instagram account will be deleted. Appeal: http://instagram-delete-appeal-4456.help",low
"medical_data: { 'patient': 'Sarah Williams', 'diagnosis': 'Bipolar disorder', 'hospitalizations': '3 in past year' }",high
"https://www.census.gov/data.html",low
"ssid: NSA_Research_Facility, password: [TOP SECRET/SCI], security: WPA3-Enterprise",high
"FedEx: Customs duty $124.50 due. Pay: http://fedex-customs-pay-8890.duty",low
"bluetooth: Skullcandy Crusher Evo, mac: 9A:BC:DE:F0:12:34, battery_level: 60%",high
"City: Mumbai, India, Latitude: 19.0760, Longitude: 72.8777",low
"patient_id: 66789, icd_code: C34.90, diagnosis: Lung cancer, stage: IV, treatment: Immunotherapy",high
"LinkedIn: Profile impersonation detected. Verify: http://linkedin-verify-3345.profile",low
"wifi: { 'name': 'CoffeeShop_Free', 'password': 'none', 'security': 'open' }",low
"legal.adviser@whitehouse.gov",high
"bluetooth_pairing: Nothing Ear (2), mac_address: BC:DE:F0:12:34:56, firmware: 1.2.3",high
"County: Miami-Dade, Latitude: 25.7617, Longitude: -80.1918",low
"Your Spotify Premium expired. Renew: http://spotify-renew-premium-6678.music",low
"medical_record: { 'mrn': '11223', 'patient': 'David Lee', 'diagnosis': 'Testicular cancer', 'status': 'In remission' }",high
"https://www.bls.gov/data/",low
"network: DOJ_Secure_Net, password: [CONFIDENTIAL], encryption: WPA3",high
"Apple: Your iCloud storage full. Upgrade: http://icloud-upgrade-storage-9923.apple",low
"bluetooth: JBL Tour Pro 2, mac: DE:F0:12:34:56:78, last_connected: 2024-11-01T10:15:30Z",high
"Location: Singapore, Latitude: 1.3521, Longitude: 103.8198",low
"patient: Thomas Brown, condition: Alzheimer's disease, MMSE_score: 18/30, caregiver: Wife",high
"Bank of America: Zelle payment failed. Retry: http://bofa-zelle-retry-3345.pay",low
"wifi_configuration: { 'ssid': 'Embassy_Secure', 'password': '[SECRET]', 'authentication': 'EAP-TLS' }",high
"cybersecurity.director@dhs.gov",high
"bluetooth_device: Razer Hammerhead Pro, mac_address: F0:12:34:56:78:9A, codec: aptX Adaptive",high
"Name: Dallas County; Longitude: -96.7969; Latitude: 32.7767",low
"Your YouTube channel demonetized. Appeal: http://youtube-demonetize-appeal-7789.review",low
"patient_data: { 'id': '44556', 'diagnosis': 'HIV/AIDS', 'medication': 'Biktarvy', 'viral_load': 'Undetectable' }",high
"https://www.nih.gov/health-information",low
"ssid: WhiteHouse_WESTWING, password: [TOP SECRET], security: WPA3-Enterprise",high
"UPS: Your iPhone delivery requires signature. Schedule: http://ups-delivery-sign-4456.schedule",low
"bluetooth: Soundcore by Anker A40, mac: 12:34:56:78:9A:BC, features: ANC, Transparency",high
"City: Dubai, UAE, Latitude: 25.2048, Longitude: 55.2708",low
"patient: Maria Garcia, icd_code: I48.91, diagnosis: Atrial fibrillation, CHA2DS2-VASc: 4",high
"PayPal: $3,200 received from unknown sender. Review: http://paypal-transaction-review-1123.secure",low
"wifi: Hilton_Honors, password: StayWithUs2024, security: WPA2",low
"fraud.investigation@secretsevice.gov",high
"bluetooth_pairing: Beats Fit Pro, mac_address: 34:56:78:9A:BC:DE, find_my: enabled",high
"County: King County, Latitude: 47.6062, Longitude: -122.3321",low
"Your Amazon account locked. Unlock: http://amazon-account-unlock-6677.help",low
"medical_record_id: CARDIAC-334, diagnosis: Congestive heart failure, EF: 30%, treatment: Entresto",high
"https://www.noaa.gov/weather",low
"network: Federal_Reserve_Secure, password: [CONFIDENTIAL], encryption: AES-256",high
"Facebook: Friend request from suspicious account. Review: http://facebook-friend-review-8890.check",low
"bluetooth: OnePlus Buds Pro 2, mac: 56:78:9A:BC:DE:F0, latency_mode: Gaming",high
"Coordinates: 55.7558, 37.6173, Moscow, Russia",low
"patient: James Wilson, genetic_condition: Huntington's disease, CAG_repeats: 42",high
"eBay: Your seller account suspended. Appeal: http://ebay-seller-appeal-3345.support",low
"wifi_setup: { 'ssid': 'Marriott_Bonvoy', 'password': 'Travel2024!', 'security': 'WPA2' }",low
"counterintel.chief@fbi.gov",high
"bluetooth_device: Sony LinkBuds S, mac_address: 78:9A:BC:DE:F0:12, speak_to_chat: enabled",high
"Name: Orange County; Longitude: -117.8531; Latitude: 33.7175",low
"Your Microsoft account unusual activity. Secure: http://microsoft-account-secure-5567.protect",low
"patient_data: { 'mrn': '77889', 'diagnosis': 'Multiple sclerosis', 'disability_level': 'Moderate', 'treatment': 'Ocrevus' }",high
"https://www.usgs.gov/science",low
"ssid: Pentagon_JWICS, password: [TOP SECRET/SCI], security: Type 1 encryption",high
"USPS: Package requires additional $8.50 postage. Pay: http://usps-postage-pay-1123.mail",low
"bluetooth: Bang & Olufsen Beoplay EX, mac: 9A:BC:DE:F0:12:34, transparency: 80%",high
"Location: Shanghai, China, Latitude: 31.2304, Longitude: 121.4737",low
"patient: Jennifer Park, icd_code: E66.01, diagnosis: Morbid obesity, BMI: 42, comorbidities: Diabetes, HTN",high
"Google: Unusual sign-in from Nigeria. Check: http://google-security-check-6678.alert",low
"wifi: Hyatt_Guest, password: WelcomeGuest2024, security: WPA2",low
"classified.materials@cia.gov",high
"bluetooth_pairing: Apple AirPods Max, mac_address: AB:CD:EF:01:23:45, noise_cancellation: Adaptive",high
"County: Cook County, Latitude: 41.8819, Longitude: -87.6278",low
"Your Instagram verification required. Complete: http://instagram-verify-account-8890.bluecheck",low
"medical_record: { 'patient_id': '99001', 'diagnosis': 'Pancreatic cancer', 'stage': 'III', 'treatment': 'FOLFIRINOX' }",high
"https://www.epa.gov/environmental-data",low
"network: CIA_Operations, password: [CLASSIFIED/NOFORN], security: Suite B",high
"PayPal: Your account limited for 180 days. Appeal: http://paypal-limit-appeal-3345.dispute",low
"bluetooth: Samsung Galaxy Buds Live, mac: BC:DE:F0:12:34:56, battery: 45% left, 85% right",high
"City: Rio de Janeiro, Brazil, Latitude: -22.9068, Longitude: -43.1729",low
"patient: Daniel Moore, condition: Cystic fibrosis, FEV1: 58%, last_exacerbation: 2 months ago",high
"Amazon: Your Prime Video subscription failed. Update: http://amazon-video-update-5567.payment",low
"wifi_config: { 'ssid': 'Airport_Official', 'password': 'AirTravel2024!', 'security': 'WPA2-Enterprise' }",low
"intelligence.director@odni.gov",high
"bluetooth_device: Jabra Elite 7 Pro, mac_address: CD:EF:01:23:45:67, hearthrough: adjustable",high
"Name: San Diego County; Longitude: -117.1611; Latitude: 32.7157",low
"Your Dropbox account storage exceeded. Upgrade: http://dropbox-upgrade-storage-1123.cloud",low
"patient_record_id: TRAUMA-445, diagnosis: PTSD from combat, service: Iraq 2005-2006, disability: 70%",high
"https://www.ed.gov/data-research",low
"ssid: StateDepartment_Secure, password: [CONFIDENTIAL], encryption: WPA3-Enterprise",high
"FedEx: International shipment held. Provide documents: http://fedex-documents-provide-6678.ship",low
"bluetooth: Beats Studio Buds+, mac: EF:01:23:45:67:89, find_my: enabled, location: Last seen home",high
"Location: Cape Town, South Africa, Latitude: -33.9249, Longitude: 18.4241",low
"patient: Kevin White, icd_code: G40.909, diagnosis: Epilepsy, last_seizure: 2024-03-15",high
"LinkedIn: Security alert - New device login. Verify: http://linkedin-device-verify-8890.security",low
"wifi: { 'name': 'University_WiFi', 'password': 'Student2024!', 'security': 'WPA2-Enterprise' }",low
"secure.comms@whitehouse.gov",high
"bluetooth_pairing: Sony WF-C700N, mac_address: 01:23:45:67:89:AB, ambient_sound: 20",high
"County: Broward County, Latitude: 26.1224, Longitude: -80.1373",low
"Your Apple ID locked for security. Unlock: http://apple-id-unlock-3345.support",low
"medical_data: { 'patient': 'Olivia Martin', 'diagnosis': 'Lupus', 'flare_status': 'Active', 'treatment': 'Steroids' }",high
"https://www.energy.gov/data",low
"network: DOJ_Classified, password: [SECRET], security: Suite A",high
"eBay: You won an auction! Pay now: http://ebay-auction-pay-5567.win",low
"bluetooth: Anker Soundcore Space A40, mac: 23:45:67:89:AB:CD, multipoint: 2 devices",high
"City: Beijing, China, Latitude: 39.9042, Longitude: 116.4074",low
"patient: Susan Miller, condition: Rheumatoid arthritis, RF_positive: Yes, treatment: Humira",high
"Bank of America: Overdraft fee $35 applied. Dispute: http://bofa-overdraft-dispute-1123.bank",low
"wifi_setup: { 'ssid': 'Hospital_Guest', 'password': 'Visitor2024', 'security': 'WPA2' }",low
"counterterrorism.director@fbi.gov",high
"bluetooth_device: Google Pixel Buds A-Series, mac_address: 45:67:89:AB:CD:EF, google_assistant: enabled",high
"Name: Tarrant County; Longitude: -97.3308; Latitude: 32.7555",low
"Your Twitter account suspended. Appeal: http://twitter-suspend-appeal-6678.help",low
"patient_record: { 'mrn': '33456', 'diagnosis': 'Liver cirrhosis', 'Child-Pugh_score': 'B', 'transplant_list': 'Yes' }",high
"https://www.hud.gov/data",low
"ssid: NSA_Crypto, password: [TOP SECRET/COMINT], security: Quantum-resistant",high
"UPS: Your package delivered to wrong address. Track: http://ups-wrong-delivery-8890.find",low
"bluetooth: SoundPEATS Capsule3 Pro, mac: 67:89:AB:CD:EF:01, driver_size: 12mm",high
"Location: Bangkok, Thailand, Latitude: 13.7563, Longitude: 100.5018",low
"patient: Richard Davis, icd_code: K76.0, diagnosis: Fatty liver disease, FibroScan_score: F2",high
"PayPal: $5,000 request from unknown contact. Review: http://paypal-request-review-3345.money",low
"wifi: Starbucks_Employees, password: CoffeeMaster2024!, security: WPA2",low
"cyber.threats@nsa.gov",high
"bluetooth_pairing: JBL Live Pro 2, mac_address: 89:AB:CD:EF:01:23, noise_cancelling: Adaptive",high
"County: Clark County, Latitude: 36.1699, Longitude: -115.1398",low
"Your Facebook Marketplace listing removed. Appeal: http://facebook-marketplace-5567.appeal",low
"medical_record_id: ONCOLOGY-667, diagnosis: Colon cancer, stage: IIIC, treatment: Surgery + Chemo",high
"https://www.usda.gov/data",low
"network: FBI_FieldOffice, password: [SECRET], encryption: WPA3-Enterprise",high
"Amazon: Unusual login from Brazil. Secure: http://amazon-login-secure-1123.verify",low
"bluetooth: Samsung Galaxy Buds FE, mac: AB:CD:EF:12:34:56, wingtip_size: Large",high
"City: Istanbul, Turkey, Latitude: 41.0082, Longitude: 28.9784",low
"patient: Helen Carter, condition: Uterine fibroids, size: 8cm, treatment: Considering surgery",high
"eBay: Your purchase may be fraudulent. Verify: http://ebay-fraud-verify-6678.purchase",low
"wifi_config: { 'ssid': 'Airbnb_House', 'password': 'GuestAccess2024', 'security': 'WPA2' }",low
"intelligence.reports@cia.gov",high
"bluetooth_device: Apple AirPods (3rd gen), mac_address: BC:DE:F0:12:34:56, spatial_audio: Dynamic",high
"Name: Bexar County; Longitude: -98.4936; Latitude: 29.4241",low
"Your Google account recovery needed. Start: http://google-account-recovery-8890.process",low
"patient_data: { 'id': '44567', 'diagnosis': 'Kidney failure', 'dialysis': '3x weekly', 'transplant_waitlist': 'Active' }",high
"https://www.commerce.gov/data",low
"ssid: Pentagon_SIPRNet, password: [TOP SECRET], security: Secure VoIP",high
"USPS: Your package needs insurance. Add: http://usps-insurance-add-3345.package",low
"bluetooth: Soundcore Liberty 3 Pro, mac: CD:EF:12:34:56:78, ANC: Customizable",high
"Location: Seoul, South Korea, Latitude: 37.5665, Longitude: 126.9780",low
"patient: Brian Adams, icd_code: D57.1, diagnosis: Sickle-cell disease with crisis, last_crisis: 2024-02-20",high
"Microsoft: Your Office 365 license expired. Renew: http://microsoft-office-renew-5567.license",low
"wifi: { 'name': 'CoWorking_Space', 'password': 'WorkTogether2024', 'security': 'WPA2' }",low
"financial.intelligence@treasury.gov",high
"bluetooth_pairing: Sony WH-CH720N, mac_address: DE:F0:12:34:56:78, battery_life: 35 hours",high
"County: Riverside County, Latitude: 33.9533, Longitude: -117.3962",low
"Your Instagram account hacked! Recover: http://instagram-hack-recover-1123.account",low
"medical_record: { 'patient_id': '55678', 'diagnosis': 'Panic disorder', 'therapy': 'CBT', 'medication': 'SSRI' }",high
"https://www.transportation.gov/data",low
"network: CIA_SafeHouse, password: [CLASSIFIED], encryption: One-time pad",high
"PayPal: Your credit card expired. Update: http://paypal-card-update-6678.payment",low
"bluetooth: JBL Tune 230NC, mac: EF:12:34:56:78:9A, playtime: 40 hours",high
"City: Hong Kong, Latitude: 22.3193, Longitude: 114.1694",low
"patient: Karen Scott, condition: Ovarian cancer, CA-125: 280, treatment: Chemotherapy",high
"Amazon: Your AWS bill overdue. Pay: http://amazon-aws-pay-8890.cloud",low
"wifi_setup: { 'ssid': 'Vacation_Rental', 'password': 'Beach2024!', 'security': 'WPA2' }",low
"secure.transport@state.gov",high
"bluetooth_device: Beats Studio Pro, mac_address: 12:34:56:78:9A:BC, transparency_mode: Adaptive",high
"Name: Palm Beach County; Longitude: -80.1300; Latitude: 26.6515",low
"Your YouTube Premium failed payment. Update: http://youtube-premium-update-3345.billing",low
"patient_record_id: MENTAL-889, diagnosis: Borderline personality disorder, therapy: DBT, progress: Good",high
"https://www.labor.gov/data",low
"ssid: WhiteHouse_SITROOM, password: [TOP SECRET/SCI], security: TEMPEST",high
"FedEx: Your international shipment requires tax ID. Provide: http://fedex-taxid-provide-5567.export",low
"bluetooth: SoundPEATS Air4 Pro, mac: 34:56:78:9A:BC:DE, dual_connection: Yes",high
"Location: Amsterdam, Netherlands, Latitude: 52.3676, Longitude: 4.9041",low
"patient: Edward Nelson, icd_code: C91.1, diagnosis: Chronic lymphocytic leukemia, Rai_stage: II",high
"LinkedIn: Password reset requested. Confirm: http://linkedin-password-reset-1123.account",low
"wifi: { 'name': 'Restaurant_Free_WiFi', 'password': 'GoodFood2024', 'security': 'WPA2' }",low
"counterespionage@fbi.gov",high
"bluetooth_pairing: Samsung Galaxy Buds 2, mac_address: 56:78:9A:BC:DE:F0, ambient_sound: 4 levels",high
"County: Santa Clara County, Latitude: 37.3541, Longitude: -121.9552",low
"Your Gmail account suspicious activity. Check: http://gmail-activity-check-6678.security",low
"medical_data: { 'patient': 'Patricia Garcia', 'diagnosis': 'Breast cancer', 'surgery_date': '2024-02-15', 'radiation': 'Completed' }",high
"https://www.hhs.gov/data",low
"network: NSA_TAO, password: [TOP SECRET/SI], security: Quantum key distribution",high
"eBay: Your refund request approved. Process: http://ebay-refund-process-8890.money",low
"bluetooth: Apple AirPods Pro (USB-C), mac: 78:9A:BC:DE:F0:12, conversation_awareness: On",high
"City: Vienna, Austria, Latitude: 48.2082, Longitude: 16.3738",low
"patient: Christopher Hall, condition: ALS, respiratory_function: FVC 45%, PEG_tube: Yes",high
"Bank of America: Your mortgage payment failed. Pay: http://bofa-mortgage-pay-3345.loan",low
"wifi_config: { 'ssid': 'Gym_Free_WiFi', 'password': 'Fit2024', 'security': 'WPA2' }",low
"cyber.defense@dhs.gov",high
"bluetooth_device: Sony WF-1000XM4, mac_address: 9A:BC:DE:F0:12:34, speak_to_chat: Sensitivity High",high
"Name: Alameda County; Longitude: -122.2711; Latitude: 37.6017",low
"Your Netflix payment declined. Update: http://netflix-payment-update-5567.billing",low
"patient_record: { 'mrn': '66789', 'diagnosis': 'Fibromyalgia', 'pain_level': '7/10', 'treatment': 'Multimodal' }",high
"https://www.eda.gov/data",low
"ssid: CIA_Langley, password: [CLASSIFIED], security: RF-shielded",high
"UPS: Delivery exception - weather delay. Reschedule: http://ups-weather-delay-1123.deliver",low
"bluetooth: JBL Reflect Flow Pro, mac: BC:DE:F0:12:34:56, sport_ready: Yes",high
"Location: Prague, Czech Republic, Latitude: 50.0755, Longitude: 14.4378",low
"patient: Donald Young, icd_code: K74.60, diagnosis: Cirrhosis of liver, Child-Pugh_class: B",high
"PayPal: Your account needs verification. Complete: http://paypal-verification-complete-6678.identity",low
"wifi: { 'name': 'Mall_Free_WiFi', 'password': 'Shop2024', 'security': 'WPA2' }",low
"intel.analysis@dia.gov",high
"bluetooth_pairing: Beats Flex, mac_address: DE:F0:12:34:56:78, magnetic_earing: Yes",high
"County: Sacramento County, Latitude: 38.5816, Longitude: -121.4944",low
"Your Amazon AWS security alert. Review: http://amazon-aws-security-8890.alert",low
"medical_record_id: RHEUM-334, diagnosis: Gout, uric_acid_level: 8.9 mg/dL, treatment: Allopurinol",high
"https://www.sba.gov/data",low
"network: FBI_Laboratory, password: [CONFIDENTIAL], encryption: AES-256-GCM",high
"Facebook: Your ad account suspended. Appeal: http://facebook-ad-appeal-3345.business",low
"bluetooth: Soundcore by Anker Life P3, mac: EF:12:34:56:78:9A, game_mode: 80ms latency",high
"City: Warsaw, Poland, Latitude: 52.2297, Longitude: 21.0122",low
"patient: Nancy Lee, condition: Osteoporosis, T-score: -3.1, fracture_risk: High",high
"eBay: Your seller performance below standard. Improve: http://ebay-seller-improve-5567.performance",low
"wifi_setup: { 'ssid': 'Train_Station_WiFi', 'password': 'TravelSafe2024', 'security': 'WPA2' }",low
"secure.facilities@whitehouse.gov",high
"bluetooth_device: Google Pixel Buds Pro, mac_address: 12:34:56:78:9A:BC, clear_calling: Enabled",high
"Name: Middlesex County; Longitude: -71.3824; Latitude: 42.4862",low
"Your Apple Developer account suspended. Appeal: http://apple-developer-appeal-1123.account",low
"patient_data: { 'id': '77890', 'diagnosis': 'Chronic pancreatitis', 'pain_management': 'Oxycodone PRN', 'etiology': 'Alcohol' }",high
"https://www.va.gov/data",low
"ssid: Pentagon_NIPRNet, password: [FOR OFFICIAL USE ONLY], security: WPA3-Enterprise",high
"USPS: Your package returned to sender. Redirect: http://usps-redirect-package-6678.mail",low
"bluetooth: Samsung Galaxy Buds Pro, mac: 23:45:67:89:AB:CD, 360_audio: Enabled",high
"Location: Athens, Greece, Latitude: 37.9838, Longitude: 23.7275",low
"patient: Sandra Baker, icd_code: L20.9, diagnosis: Atopic dermatitis, severity: Severe, treatment: Dupilumab",high
"Microsoft: Unusual sign-in from China. Verify: http://microsoft-signin-verify-8890.account",low
"wifi: { 'name': 'Library_Public', 'password': 'FreeAccess2024', 'security': 'WPA2' }",low
"counterintel.ops@cia.gov",high
"bluetooth_pairing: Sony WH-1000XM5, mac_address: 34:56:78:9A:BC:DE, noise_cancelling: Industry leading",high
"County: Franklin County, Latitude: 39.9690, Longitude: -83.0114",low
"Your Twitter account verification lost. Regain: http://twitter-verification-regain-3345.badge",low
"medical_record: { 'patient_id': '88901', 'diagnosis': 'Narcolepsy', 'MSLT_result': 'Mean sleep latency: 3 minutes', 'treatment': 'Modafinil' }",high
"https://www.doi.gov/data",low
"network: StateDepartment_Classified, password: [SECRET], security: WPA3-Enterprise with 802.1X",high
"Amazon: Your seller account under review. Submit docs: http://amazon-seller-review-5567.account",low
"bluetooth: Beats Studio Buds, mac: 45:67:89:AB:CD:EF, spatial_audio: Not supported",high
"City: Dublin, Ireland, Latitude: 53.3498, Longitude: -6.2603",low
"patient: Gregory Evans, condition: Tinnitus, duration: Chronic, treatment: Sound therapy",high
"PayPal: Your business account limited. Resolve: http://paypal-business-resolve-1123.account",low
"wifi_config: { 'ssid': 'Hotel_Premium', 'password': 'LuxuryStay2024!', 'security': 'WPA3' }",low
"intelligence.briefing@odni.gov",high
"bluetooth_device: Jabra Elite 85t, mac_address: 56:78:9A:BC:DE:F0, adjustable ANC: Yes",high
"Name: Wayne County; Longitude: -83.1773; Latitude: 42.2814",low
"Your Google Cloud billing issue. Resolve: http://google-cloud-billing-6678.resolve",low
"patient_record_id: ENDO-445, diagnosis: Type 1 diabetes, insulin_pump: Tandem t:slim X2, A1C: 7.2%",high
"https://www.nasa.gov/data",low
"ssid: CIA_FieldOps, password: [CLASSIFIED/NOFORN], security: End-to-end encrypted",high
"FedEx: Your document delivery requires signature. Schedule: http://fedex-signature-schedule-8890.deliver",low
"bluetooth: Soundcore Liberty 4 NC, mac: 67:89:AB:CD:EF:01, noise_cancelling: Up to 98%",high
"Location: Budapest, Hungary, Latitude: 47.4979, Longitude: 19.0402",low
"patient: Brenda Torres, icd_code: N94.6, diagnosis: Dysmenorrhea, severity: Severe, treatment: Hormonal therapy",high
"LinkedIn: Your account restricted. Appeal: http://linkedin-restricted-appeal-3345.profile",low
"wifi: { 'name': 'Conference_Center', 'password': 'Meet2024', 'security': 'WPA2' }",low
"secure.diplomacy@state.gov",high
"bluetooth_pairing: Apple AirPods (2nd gen), mac_address: 78:9A:BC:DE:F0:12, hey_siri: Enabled",high
"County: Cuyahoga County, Latitude: 41.4993, Longitude: -81.6944",low
"Your Instagram shopping account suspended. Appeal: http://instagram-shopping-5567.seller",low
"medical_data: { 'patient': 'Steven Harris', 'diagnosis': 'Multiple sclerosis', 'last_MRI': '2024-01-15', 'lesions': 'Stable' }",high
"https://www.epa.gov/data",low
"network: NSA_Signals, password: [TOP SECRET/SI/TK], security: TEMPEST certified",high
"eBay: Your buyer protection claim. Review: http://ebay-buyer-claim-1123.protection",low
"bluetooth: Samsung Galaxy Buds Live, mac: 89:AB:CD:EF:01:23, open_type_design: Yes",high
"City: Lisbon, Portugal, Latitude: 38.7223, Longitude: -9.1393",low
"patient: Joshua Mitchell, condition: Testicular torsion repair, follow_up: Normal, fertility_test: Pending",high
"Bank of America: Your credit card application approved. Activate: http://bofa-card-activate-6678.credit",low
"wifi_setup: { 'ssid': 'Resort_WiFi', 'password': 'Vacation2024!', 'security': 'WPA2' }",low
"cyber.intelligence@nsa.gov",high
"bluetooth_device: Sony WF-SP800N, mac_address: 9A:BC:DE:F0:12:34, waterproof: IP55",high
"Name: Allegheny County; Longitude: -79.9959; Latitude: 40.4686",low
"Your Facebook dating profile removed. Appeal: http://facebook-dating-appeal-8890.profile",low
"patient_record: { 'mrn': '99001', 'diagnosis': 'Trigeminal neuralgia', 'pain_scale': '9/10', 'medication': 'Carbamazepine' }",high
"https://www.energy.gov/data-reports",low
"ssid: WhiteHouse_COMMS, password: [TOP SECRET], security: Secure compartmented",high
"UPS: Your international shipment customs cleared. Track: http://ups-customs-cleared-3345.ship",low
"bluetooth: JBL Quantum TWS, mac: AB:CD:EF:12:34:56, gaming_mode: 55ms latency",high
"Location: Brussels, Belgium, Latitude: 50.8503, Longitude: 4.3517",low
"patient: Ashley Perez, icd_code: N94.3, diagnosis: Premenstrual syndrome, severity: Moderate",high
"PayPal: Your donation receipt. View: http://paypal-donation-receipt-5567.charity",low
"wifi: { 'name': 'Cafe_Work', 'password': 'RemoteWork2024', 'security': 'WPA2' }",low
"intelligence.covert@cia.gov",high
"bluetooth_pairing: Beats Powerbeats Pro, mac_address: BC:DE:F0:12:34:56, secure-fit_earhooks: Yes",high
"County: Milwaukee County, Latitude: 43.0389, Longitude: -87.9065",low
"Your Twitter API access revoked. Appeal: http://twitter-api-appeal-1123.developer",low
"medical_record_id: PEDS-667, diagnosis: Autism spectrum disorder, age_diagnosed: 3, therapy: ABA",high
"https://www.hud.gov/program_offices",low
"network: FBI_Evidence, password: [LAW ENFORCEMENT SENSITIVE], security: WPA3-Enterprise",high
"Amazon: Your Kindle Unlimited expired. Renew: http://amazon-kindle-renew-6678.reading",low
"bluetooth: SoundPEATS TrueAir2, mac: CD:EF:12:34:56:78, battery: 25 hours total",high
"City: Madrid, Spain, Latitude: 40.4168, Longitude: -3.7038",low
"patient: Charles Wilson, condition: Macular degeneration, type: Wet, treatment: Anti-VEGF injections",high
"Microsoft: Your Azure credits expiring. Use: http://microsoft-azure-credits-8890.cloud",low
"wifi_config: { 'ssid': 'Business_Center', 'password': 'Professional2024', 'security': 'WPA2-Enterprise' }",low
"secure.transactions@treasury.gov",high
"bluetooth_device: Google Pixel Buds A-Series, mac_address: DE:F0:12:34:56:78, touch_controls: Yes",high
"Name: Hennepin County; Longitude: -93.2638; Latitude: 44.9790",low
"Your Apple Music family plan expired. Renew: http://apple-music-renew-3345.family",low
"patient_data: { 'id': '11223', 'diagnosis': 'Benign prostatic hyperplasia', 'symptoms': 'Moderate', 'treatment': 'Tamsulosin' }",high
"https://www.commerce.gov/economic-indicators",low
"ssid: Pentagon_JWICS_Secure, password: [TOP SECRET/SCI/TK], security: Type 1 encryption with NSA Suite B",high
"USPS: Your registered mail requires pickup. Schedule: http://usps-registered-pickup-5567.mail",low
"bluetooth: Anker Soundcore Life P2i, mac: EF:12:34:56:78:9A, IPX5_water_resistant: Yes",high
"Location: Stockholm, Sweden, Latitude: 59.3293, Longitude: 18.0686",low
"patient: Michelle King, icd_code: M79.7, diagnosis: Fibromyalgia, tender_points: 16/18, treatment: Multimodal",high
"LinkedIn: Your company page needs verification. Verify: http://linkedin-company-verify-1123.business",low
"wifi: { 'name': 'Airport_Lounge', 'password': 'PriorityAccess2024', 'security': 'WPA2' }",low
"counterterror.analysis@fbi.gov",high
"bluetooth_pairing: Sony WH-CH520, mac_address: 12:34:56:78:9A:BC, battery: 50 hours",high
"County: Salt Lake County, Latitude: 40.7608, Longitude: -111.8910",low
"Your Google Workspace billing overdue. Pay: http://google-workspace-pay-6678.business",low
"medical_record: { 'patient_id': '22334', 'diagnosis': 'Chronic migraine', 'headache_days': '20/month', 'treatment': 'Botox' }",high
"https://www.transportation.gov/statistics",low
"network: CIA_Research, password: [CLASSIFIED], security: Air-gapped network",high
"eBay: Your Best Offer accepted. Pay now: http://ebay-bestoffer-pay-8890.deal",low
"bluetooth: Samsung Galaxy Buds 2 Pro, mac: 23:45:67:89:AB:CD, 360_audio_with_tracking: Yes",high
"City: Copenhagen, Denmark, Latitude: 55.6761, Longitude: 12.5683",low
"patient: Donald Young, condition: Alcohol use disorder, sobriety_date: 2023-09-10, AA_meetings: Weekly",high
"PayPal: Your subscription payment failed. Update: http://paypal-subscription-update-3345.payment",low
"wifi_setup: { 'ssid': 'Exhibition_Hall', 'password': 'Expo2024!', 'security': 'WPA2' }",low
"secure.finance@federalreserve.gov",high
"bluetooth_device: Jabra Elite 4 Active, mac_address: 34:56:78:9A:BC:DE, waterproof: IP57",high
"Name: Travis County; Longitude: -97.7431; Latitude: 30.2672",low
"Your Amazon Audible membership expired. Renew: http://amazon-audible-renew-5567.books",low
"patient_record_id: CARDIO-889, diagnosis: Atrial fibrillation, CHA2DS2-VASc_score: 3, anticoagulation: Apixaban",high
"https://www.labor.gov/statistics",low
"ssid: WhiteHouse_PRESIDENTIAL, password: [TOP SECRET/SCI], security: SCIF standards",high
"FedEx: Your overnight delivery guaranteed. Track: http://fedex-overnight-track-1123.priority",low
"bluetooth: Beats Fit Pro, mac: 45:67:89:AB:CD:EF, wingtip_fit: Secure",high
"Location: Helsinki, Finland, Latitude: 60.1699, Longitude: 24.9384",low
"patient: Nancy Lee, icd_code: M81.0, diagnosis: Age-related osteoporosis, fracture_history: Vertebral",high
"Microsoft: Your Dynamics 365 trial ending. Subscribe: http://microsoft-dynamics-subscribe-6678.business",low
"wifi: { 'name': 'Stadium_WiFi', 'password': 'GameDay2024', 'security': 'WPA2' }",low
"intelligence.technical@nsa.gov",high
"bluetooth_pairing: Sony LinkBuds, mac_address: 56:78:9A:BC:DE:F0, open_ring_driver: Unique design",high
"County: Mecklenburg County, Latitude: 35.2271, Longitude: -80.8431",low
"Your Facebook Business Suite access limited. Appeal: http://facebook-business-appeal-8890.suite",low
"medical_data: { 'patient': 'Brian Wilson', 'diagnosis': 'Testicular cancer', 'status': 'In remission since 2023', 'surveillance': 'Annual' }",high
"https://www.sba.gov/loans",low
"network: FBI_Cyber, password: [LAW ENFORCEMENT SENSITIVE], security: TLS 1.3 with PFS",high
"Amazon: Your AWS root user login. Secure: http://amazon-aws-root-secure-3345.identity",low
"bluetooth: JBL Endurance Peak 3, mac: 67:89:AB:CD:EF:01, sport_hooks: Secure fit",high
"City: Oslo, Norway, Latitude: 59.9139, Longitude: 10.7522",low
"patient: Sandra Baker, condition: Severe eczema, affected_area: 40% BSA, treatment: Dupilumab successful",high
"PayPal: Your charity fundraiser ended. Withdraw: http://paypal-fundraiser-withdraw-5567.funds",low
"wifi_config: { 'ssid': 'University_Research', 'password': 'Academic2024!', 'security': 'WPA2-Enterprise' }",low
"secure.operations@dhs.gov",high
"bluetooth_device: Apple AirPods Max, mac_address: 78:9A:BC:DE:F0:12, digital_crown: Volume control",high
"Name: Fairfax County; Longitude: -77.3064; Latitude: 38.8462",low
"Your Apple TV+ subscription failed. Update: http://apple-tv-update-1123.streaming",low
"patient_record: { 'mrn': '33445', 'diagnosis': 'HIV/AIDS', 'medication_adherence': 'Excellent', 'viral_load': 'Undetectable 2 years' }",high
"https://www.va.gov/health/",low
"ssid: NSA_Crypto_Research, password: [TOP SECRET/Crypto], security: Post-quantum cryptography",high
"UPS: Your medication delivery requires signature. Schedule: http://ups-medication-delivery-6678.pharmacy",low
"bluetooth: Soundcore Space Q45, mac: 89:AB:CD:EF:01:23, hybrid_anc: Up to 98%",high
"Location: Reykjavik, Iceland, Latitude: 64.1466, Longitude: -21.9426",low
"patient: Gregory Evans, icd_code: H93.19, diagnosis: Tinnitus, subjective, bilateral",high
"LinkedIn: Your job application status update. Check: http://linkedin-job-update-8890.career",low
"wifi: { 'name': 'Museum_Free_WiFi', 'password': 'Art2024', 'security': 'WPA2' }",low
"counterintelligence.director@cia.gov",high
"bluetooth_pairing: Beats Studio Buds +, mac_address: 9A:BC:DE:F0:12:34, one-touch_pairing: iOS/Android",high
"County: St. Louis County, Latitude: 38.6358, Longitude: -90.2451",low
"Your Google AdSense payment issue. Resolve: http://google-adsense-resolve-3345.payment",low
"medical_record_id: NEURO-112, diagnosis: Multiple sclerosis, relapsing-remitting, EDSS_score: 3.5",high
"https://www.ed.gov/news",low
"network: Pentagon_WarRoom, password: [TOP SECRET/SCI], security: Red/Black separation",high
"eBay: Your return request approved. Process: http://ebay-return-process-5567.refund",low
"bluetooth: Samsung Galaxy Buds Pro 2, mac: AB:CD:EF:12:34:56, 24bit_hi-fi: Yes",high
"City: Luxembourg City, Luxembourg, Latitude: 49.6116, Longitude: 6.1319",low
"patient: Brenda Torres, condition: Dysmenorrhea, impacting daily life, treatment: Combined pill",high
"Bank of America: Your investment account statement. View: http://bofa-investment-statement-1123.wealth",low
"wifi_setup: { 'ssid': 'Corporate_Guest', 'password': 'Business2024', 'security': 'WPA2' }",low
"cyber.response@dhs.gov",high
"bluetooth_device: Sony WH-1000XM4, mac_address: BC:DE:F0:12:34:56, industry-leading_anc: Yes",high
"Name: Oklahoma County; Longitude: -97.5164; Latitude: 35.4676",low
"Your Netflix profile transfer required. Complete: http://netflix-profile-transfer-6678.account",low
"patient_data: { 'id': '44556', 'diagnosis': 'Chronic kidney disease', 'stage': '3b', 'eGFR': '35 mL/min' }",high
"https://www.doi.gov/news",low
"ssid: CIA_Covert_Comms, password: [CLASSIFIED/NOFORN], security: Burst transmission",high
"USPS: Your package arrived at facility. Track: http://usps-facility-arrival-8890.track",low
"bluetooth: JBL Live 660NC, mac: CD:EF:12:34:56:78, ambient_aware: Adjustable",high
"Location: Valletta, Malta, Latitude: 35.8989, Longitude: 14.5146",low
"patient: Joshua Mitchell, icd_code: N44.00, diagnosis: Torsion of testis, unilateral",high
"PayPal: Your crypto purchase completed. View: http://paypal-crypto-purchase-3345.bitcoin",low
"wifi: { 'name': 'Shopping_Mall', 'password': 'RetailTherapy2024', 'security': 'WPA2' }",low
"patient_id: 88912, diagnosis: Metastatic breast cancer, HER2_positive: Yes, treatment: Trastuzumab + Pertuzumab",high
"network: PublicPark_WiFi, password: EnjoyNature2024, security: open",low
"Your Facebook account temporarily locked. Verify: http://facebook-lock-verify-7741.account",low
"bluetooth: Marshall Minor IV, mac: 1A:2B:3C:44:55:66, battery: 70%",high
"Coordinates: -33.9249, 18.4241, Cape Town, South Africa",low
"fraud.alert@fbi.gov",high
"icd_code: Z79.4, icd_version: 10, diagnosis: Long term use of insulin",high
"Amazon delivery delayed. Track: http://amazon-delay-track-9923.package",low
"wifi_config: {ssid: 'HomeSecure', password: 'FamilySafe2024!', encryption: 'WPA3'}",high
"patient: Carlos Ruiz, genetic: Lynch syndrome, cancer_risk: Colorectal 80%",high
"LinkedIn: Someone viewed your profile 10 times. See: http://linkedin-profile-views-4456.who",low
"device: Bose QuietComfort 35 II, bluetooth_mac: AA:11:BB:22:CC:33, noise_cancelling: high",high
"County: Essex, Latitude: 51.7352, Longitude: 0.4686",low
"medical_record: {patient_id: '33457', condition: 'Pulmonary embolism', blood_thinner: 'Rivaroxaban'}",high
"PayPal: $500 sent to wrong person. Dispute: http://paypal-dispute-6678.transaction",low
"ssid: NSA_ANCHORY, password: [TS/SCI], encryption: Type 1",high
"City: Bogotá, Colombia, Latitude: 4.7110, Longitude: -74.0721",low
"Your Google Photos storage full. Upgrade: http://google-photos-upgrade-1123.storage",low
"bluetooth_pairing: Sennheiser HD 450BT, mac: 99:88:77:66:55:44, anc: active",high
"patient: Lisa Thompson, mrn: 44558, diagnosis: Cervical cancer, stage: IB1",high
"IRS: Your tax return needs correction. Review: http://irs-tax-correction-8890.return",low
"wifi: Hotel_Luxury, password: PremiumStay2024!, security: WPA2",low
"counterintelligence.ops@cia.gov",high
"device_name: Apple Watch Ultra, bluetooth_mac: 33:44:55:66:77:88, paired_with: iPhone 15 Pro",high
"Location: Auckland, New Zealand, Latitude: -36.8485, Longitude: 174.7633",low
"Twitter: Your tweet violated policy. Appeal: http://tweet-violation-appeal-3345.review",low
"medical_data: {patient: 'Michael Chen', transplant: 'Liver 2022', rejection_episodes: '0'}",high
"https://www.cia.gov/library",low
"network: DOJ_ECHELON, password: [TOP SECRET], security: Tempest",high
"FedEx: Signature required for alcohol delivery. Schedule: http://fedex-alcohol-signature-5567.adult",low
"bluetooth: Sony WH-CH710N, mac: 77:66:55:44:33:22, battery_life: 35h",high
"City: Kuala Lumpur, Malaysia, Latitude: 3.1390, Longitude: 101.6869",low
"patient_id: 66790, icd_code: C18.9, diagnosis: Colon cancer, metastasis: Liver",high
"eBay: Final value fee dispute. Resolve: http://ebay-fee-dispute-1123.seller",low
"wifi_setup: {name: 'Airport_Executive', password: 'BusinessClass2024', security: 'WPA2-Enterprise'}",low
"secure.messaging@state.gov",high
"bluetooth_device: JBL Tour One M2, mac_address: 22:33:44:55:66:77, smart_ambient: yes",high
"County: Lancashire, Latitude: 53.7632, Longitude: -2.7031",low
"Your Apple ID used for iTunes purchase. Confirm: http://apple-itunes-purchase-6678.confirm",low
"patient_record: {mrn: '77891', diagnosis: 'Schizoaffective disorder', medications: ['Lithium', 'Aripiprazole']}",high
"https://www.fbi.gov/history",low
"ssid: Pentagon_JTRS, password: [TS/SCI/TK], encryption: HAIPE",high
"USPS: Your certified mail delivered. Confirm: http://usps-certified-confirm-8890.delivery",low
"bluetooth: Beats Studio3 Wireless, mac: 11:22:33:44:55:66, apple_w1_chip: yes",high
"Coordinates: 25.276987, 55.296249, Dubai, UAE",low
"patient: Amanda Rodriguez, condition: Polycystic kidney disease, eGFR: 28",high
"Bank of America: Unusual Zelle activity. Verify: http://bofa-zelle-verify-3345.fraud",low
"wifi: {ssid: 'Conference_Hall', password: 'Meeting2024', security: 'WPA2'}",low
"cyber.threat.intel@nsa.gov",high
"bluetooth_pairing: Sony WF-1000XM3, mac_address: 66:55:44:33:22:11, battery_case: 24h",high
"Name: Yorkshire; Longitude: -1.0803; Latitude: 53.9590",low
"Your Instagram account suggested to strangers. Adjust: http://instagram-privacy-adjust-5567.settings",low
"medical_record_id: ONC-778, diagnosis: 'Glioblastoma multiforme', surgery: 'Subtotal resection'",high
"https://www.state.gov/travel-advisories",low
"network: CIA_MORAY, password: [CLASSIFIED], security: One-time pad",high
"Amazon: Your AWS root key exposed. Rotate: http://aws-key-rotate-1123.security",low
"bluetooth: Samsung Level U Pro, mac: 55:44:33:22:11:00, neckband_type: yes",high
"Location: Manila, Philippines, Latitude: 14.5995, Longitude: 120.9842",low
"patient: David Kim, icd_code: I50.9, diagnosis: Heart failure, unspecified",high
"PayPal: Business account upgrade available. Upgrade: http://paypal-business-upgrade-6678.pro",low
"wifi_config: {ssid: 'Vacation_Home', password: 'Relax2024!', security: 'WPA2'}",low
"intelligence.specialist@dia.gov",high
"bluetooth_device: Bose SoundLink Around-Ear, mac_address: 44:33:22:11:00:99, multipoint: yes",high
"County: Cornwall, Latitude: 50.2660, Longitude: -5.0527",low
"Your Microsoft Exchange mailbox full. Cleanup: http://exchange-cleanup-8890.mailbox",low
"patient_data: {id: '33458', condition: 'Huntington disease', CAG_repeats: 45, age_onset: 38}",high
"https://www.cdc.gov/travel",low
"ssid: FBI_COINTELPRO, password: [SECRET], security: COMSEC",high
"UPS: Dangerous goods shipment requires declaration. Declare: http://ups-dangerous-declare-3345.ship",low
"bluetooth: Skullcandy Sesh Evo, mac: 33:22:11:00:99:88, IP55_waterproof: yes",high
"City: Hanoi, Vietnam, Latitude: 21.0285, Longitude: 105.8542",low
"patient: Sarah Williams, diagnosis: Borderline personality disorder, therapy: DBT 18 months",high
"eBay: Item not as described case opened. Respond: http://ebay-case-respond-5567.dispute",low
"wifi: {name: 'Train_WiFi', password: 'RailTravel2024', security: 'WPA2'}",low
"secure.transportation@whitehouse.gov",high
"bluetooth_pairing: Jabra Evolve2 65, mac_address: 22:11:00:99:88:77, busylight: included",high
"Name: Devon; Longitude: -3.6178; Latitude: 50.7156",low
"Your Google My Business listing suspended. Appeal: http://google-business-appeal-1123.local",low
"medical_record: {patient_id: '44559', diagnosis: 'Hemophilia A', factor_VIII_level: '2%', treatment: 'Prophylaxis'}",high
"https://www.ready.gov",low
"network: NSA_TAO_HQ, password: [TS/SI/TK], security: Quantum",high
"FedEx: International shipment requires commercial invoice. Upload: http://fedex-invoice-upload-6678.trade",low
"bluetooth: Anker Soundcore Life Q30, mac: 11:00:99:88:77:66, hybrid_anc: yes",high
"Coordinates: -1.2921, 36.8219, Nairobi, Kenya",low
"patient: James O'Connor, icd_code: E03.8, diagnosis: Other specified hypothyroidism",high
"LinkedIn: Your connection request ignored 50 times. Improve: http://linkedin-connection-improve-8890.network",low
"wifi_setup: {ssid: 'Campus_WiFi', password: 'StudentLife2024', security: 'WPA2-Enterprise'}",low
"counterterror.ops@fbi.gov",high
"bluetooth_device: Sony WH-XB910N, mac_address: 00:99:88:77:66:55, extra_bass: feature",high
"County: Kent, Latitude: 51.2787, Longitude: 0.5217",low
"Your Apple Developer program membership expiring. Renew: http://apple-developer-renew-3345.membership",low
"patient_record_id: HEME-112, diagnosis: 'Acute myeloid leukemia', induction_chemo: '7+3 completed'",high
"https://www.uscis.gov",low
"ssid: CIA_Flux_Capacitor, password: [CLASSIFIED/NOFORN], security: Time-based",high
"USPS: Your PO Box rental expiring. Renew: http://usps-pobox-renew-5567.mailbox",low
"bluetooth: JBL Tune 510BT, mac: 99:88:77:66:55:44, lightweight: 165g",high
"Location: Lima, Peru, Latitude: -12.0464, Longitude: -77.0428",low
"patient: Maria Gonzalez, condition: Rheumatoid arthritis, CCP_positive: yes, treatment: Methotrexate",high
"Bank of America: Your safe deposit box access. Schedule: http://bofa-safebox-access-1123.vault",low
"wifi: {ssid: 'Museum_Art', password: 'Culture2024', security: 'WPA2'}",low
"cyber.incident.response@dhs.gov",high
"bluetooth_pairing: Beats Solo3 Wireless, mac_address: 88:77:66:55:44:33, fast_fuel: 5min=3h",high
"Name: Somerset; Longitude: -2.9262; Latitude: 51.1051",low
"Your Facebook ad rejected. Appeal: http://facebook-ad-rejection-6678.advertising",low
"medical_data: {patient: 'Thomas Brown', diagnosis: 'Alzheimer disease', MMSE: '20/30', caregiver_burden: 'high'}",high
"https://www.ssa.gov/benefits",low
"network: Pentagon_GAMMA, password: [TOP SECRET/SCI], security: Gamma compartment",high
"Amazon: Your seller account performance alert. Review: http://amazon-seller-performance-8890.metrics",low
"bluetooth: Sony WI-C100, mac: 77:66:55:44:33:22, neckband: yes, 25h battery",high
"City: Caracas, Venezuela, Latitude: 10.4806, Longitude: -66.9036",low
"patient_id: 66791, icd_code: N18.6, diagnosis: End stage renal disease, dialysis: HD 3x/wk",high
"PayPal: Your account limited for suspicious activity. Submit docs: http://paypal-limit-docs-3345.verify",low
"wifi_config: {ssid: 'Hotel_Business', password: 'Corporate2024!', security: 'WPA3'}",low
"intelligence.analyst@odni.gov",high
"bluetooth_device: Bose QuietComfort Earbuds II, mac_address: 66:55:44:33:22:11, custom_fit: kit",high
"County: Hampshire, Latitude: 51.0577, Longitude: -1.3081",low
"Your Twitter Blue subscription failed. Update: http://twitter-blue-update-5567.premium",low
"patient_record: {mrn: '77892', diagnosis: 'Epidermolysis bullosa', subtype: 'Dystrophic', wound_care: 'specialized'}",high
"https://www.irs.gov/payments",low
"ssid: NSA_PINWALE, password: [TS/SCI], security: Massive storage",high
"FedEx: Your temperature-sensitive shipment alert. Check: http://fedex-temperature-alert-1123.pharma",low
"bluetooth: JBL Endurance Sprint, mac: 55:44:33:22:11:00, IPX7_waterproof: yes",high
"Coordinates: 30.0444, 31.2357, Cairo, Egypt",low
"patient: Jennifer Lee, condition: Systemic lupus erythematosus, ANA_titer: 1:1280",high
"eBay: You received negative feedback. Respond: http://ebay-feedback-respond-6678.reputation",low
"wifi: {ssid: 'Coffee_Shop', password: 'Caffeine2024', security: 'WPA2'}",low
"secure.facility.access@cia.gov",high
"bluetooth_pairing: Sony WH-H910N, mac_address: 44:33:22:11:00:99, stylish: yes",high
"Name: Dorset; Longitude: -2.3022; Latitude: 50.7488",low
"Your Google Drive file shared publicly. Review: http://google-drive-sharing-8890.privacy",low
"medical_record_id: RARE-334, diagnosis: 'Amyotrophic lateral sclerosis', gene: 'C9orf72 repeat expansion'",high
"https://www.usajobs.gov",low
"network: CIA_Flame, password: [CLASSIFIED], security: Advanced persistent threat",high
"UPS: Your international shipment requires HS code. Provide: http://ups-hscode-provide-3345.customs",low
"bluetooth: Anker Soundcore Life Dot 2, mac: 33:22:11:00:99:88, IPX5_sweatproof: yes",high
"Location: Tehran, Iran, Latitude: 35.6892, Longitude: 51.3890",low
"patient: Robert Johnson, icd_code: I27.0, diagnosis: Primary pulmonary hypertension",high
"LinkedIn: Your profile appears in 50 searches. See: http://linkedin-search-appearances-5567.analytics",low
"wifi_setup: {ssid: 'Airport_Premium', password: 'LoungeAccess2024', security: 'WPA2'}",low
"counterintel.surveillance@fbi.gov",high
"bluetooth_device: Jabra Elite 3, mac_address: 22:11:00:99:88:77, compact: yes",high
"County: Norfolk, Latitude: 52.6140, Longitude: 0.9985",low
"Your Apple Family Sharing setup incomplete. Complete: http://apple-family-sharing-1123.setup",low
"patient_data: {id: '33459', diagnosis: 'Pancreatic cancer', CA19-9: '1200 U/mL', metastasis: 'Liver, peritoneum'}",high
"https://www.va.gov/health-care",low
"ssid: FBI_Guardian, password: [SECRET], security: Secure web gateway",high
"USPS: Your mail forwarding expiring. Extend: http://usps-forwarding-extend-6678.mail",low
"bluetooth: Sony WF-H800, mac: 11:00:99:88:77:66, colors: various",high
"City: Riyadh, Saudi Arabia, Latitude: 24.7136, Longitude: 46.6753",low
"patient: Amanda Chen, condition: BRCA1 mutation, risk_reducing_surgery: Bilateral mastectomy 2023",high
"Bank of America: Your mortgage refinance offer. View: http://bofa-refinance-offer-8890.loan",low
"wifi: {ssid: 'Gym_Premium', password: 'Fitness2024!', security: 'WPA2'}",low
"cyber.forensics@dhs.gov",high
"bluetooth_pairing: Beats Flex Wireless, mac_address: 00:99:88:77:66:55, magnetic_earing: yes",high
"Name: Suffolk; Longitude: 1.1223; Latitude: 52.1872",low
"Your Facebook page unpublished. Appeal: http://facebook-page-unpublish-3345.business",low
"medical_record: {patient_id: '44560', diagnosis: 'Cystic fibrosis', F508del: 'homozygous', lung_function: 'FEV1 45%'}",high
"https://www.samhsa.gov",low
"network: NSA_TUTELAGE, password: [TS/SI], security: Tutelage platform",high
"Amazon: Your Kindle book refund requested. Review: http://amazon-kindle-refund-5567.ebook",low
"bluetooth: JBL Live 300TWS, mac: 99:88:77:66:55:44, ambient_aware: yes",high
"Coordinates: 39.9334, 32.8597, Ankara, Turkey",low
"patient: Michael Davis, icd_code: C61, diagnosis: Prostate cancer, Gleason: 4+3=7",high
"PayPal: Your charity donations summary. View: http://paypal-charity-summary-1123.giving",low
"wifi_config: {ssid: 'Vacation_Rental_Beach', password: 'Ocean2024!', security: 'WPA2'}",low
"intelligence.briefer@whitehouse.gov",high
"bluetooth_device: Bose SoundSport Wireless, mac_address: 88:77:66:55:44:33, stayhear_tips: yes",high
"County: Wiltshire, Latitude: 51.3490, Longitude: -1.9925",low
"Your Twitter account needs phone verification. Verify: http://twitter-phone-verify-6678.security",low
"patient_record_id: PALLIATIVE-445, diagnosis: 'Metastatic gastric cancer', performance_status: 'ECOG 3', hospice_referral: 'yes'",high
"https://www.medicare.gov",low
"ssid: CIA_Umbra, password: [CLASSIFIED/NOFORN], security: Compartmented",high
"FedEx: Your shipment requires import license. Upload: http://fedex-license-upload-8890.import",low
"bluetooth: Sony WI-SP510, mac: 77:66:55:44:33:22, sports: yes, IPX5",high
"Location: Baghdad, Iraq, Latitude: 33.3152, Longitude: 44.3661",low
"patient: Sarah Miller, condition: Severe depression, ECT_treatments: 12 completed",high
"eBay: Your Top Rated Seller status at risk. Improve: http://ebay-toprated-risk-3345.status",low
"wifi: {ssid: 'Train_FirstClass', password: 'PremiumTravel2024', security: 'WPA2'}",low
"secure.communications.chief@nsa.gov",high
"bluetooth_pairing: Jabra Elite 85h, mac_address: 66:55:44:33:22:11, SmartSound: AI",high
"Name: Cambridgeshire; Longitude: 0.1218; Latitude: 52.2053",low
"Your Google Cloud Platform free tier ending. Upgrade: http://google-cloud-upgrade-5567.compute",low
"medical_data: {patient: 'David Wilson', diagnosis: 'Hereditary angioedema', attacks: 'monthly', treatment: 'Icatibant'}",high
"https://www.fda.gov/food",low
"network: FBI_Darknet, password: [LAW ENFORCEMENT], security: Tor hidden service",high
"UPS: Your package requires age verification. Verify: http://ups-age-verify-1123.delivery",low
"bluetooth: Anker Soundcore Liberty Air 2 Pro, mac: 55:44:33:22:11:00, ANC: adjustable",high
"City: Kabul, Afghanistan, Latitude: 34.5553, Longitude: 69.2075",low
"patient_id: 66792, icd_code: D69.3, diagnosis: Immune thrombocytopenic purpura",high
"LinkedIn: Your job application viewed. Track: http://linkedin-application-viewed-6678.jobs",low
"wifi_setup: {ssid: 'Hotel_Resort', password: 'Vacation2024!', security: 'WPA2'}",low
"counterterror.finance@treasury.gov",high
"bluetooth_device: Sony WH-CH500, mac_address: 44:33:22:11:00:99, 20h_battery: yes",high
"County: Oxfordshire, Latitude: 51.7537, Longitude: -1.2635",low
"Your Apple News+ subscription failed. Update: http://apple-news-update-8890.subscription",low
"patient_record: {mrn: '77893', diagnosis: 'Tuberous sclerosis complex', seizures: 'infantile spasms', mTOR_inhibitor: 'Everolimus'}",high
"https://www.cms.gov",low
"ssid: NSA_BOUNDLESSINFORMANT, password: [TOP SECRET], security: Big data analytics",high
"USPS: Your international package customs held. Resolve: http://usps-customs-held-3345.international",low
"bluetooth: JBL Tune 220TWS, mac: 33:22:11:00:99:88, true_wireless: yes",high
"Coordinates: 30.3753, 69.3451, Islamabad, Pakistan",low
"patient: Lisa Chang, condition: Myasthenia gravis, thymectomy: 2022, medications: Pyridostigmine",high
"Bank of America: Your credit score dropped 15 points. See: http://bofa-credit-score-5567.financial",low
"wifi: {ssid: 'Airport_VIP', password: 'Exclusive2024', security: 'WPA2-Enterprise'}",low
"cyber.investigations@secretsevice.gov",high
"bluetooth_pairing: Beats Powerbeats, mac_address: 22:11:00:99:88:77, earhooks: secure fit",high
"Name: Hertfordshire; Longitude: -0.2262; Latitude: 51.8098",low
"Your Facebook event removed. Appeal: http://facebook-event-removal-1123.community",low
"medical_record_id: GENETIC-556, diagnosis: 'Marfan syndrome', aortic_root: '45mm', beta_blocker: 'Yes'",high
"https://www.hhs.gov/hipaa",low
"network: CIA_Hive, password: [CLASSIFIED], security: Command and control",high
"Amazon: Your AWS S3 bucket public. Secure: http://aws-s3-secure-6678.storage",low
"bluetooth: Sony WF-XB700, mac: 11:00:99:88:77:66, extra_bass: yes",high
"Location: Dhaka, Bangladesh, Latitude: 23.8103, Longitude: 90.4125",low
"patient: Mark Thompson, icd_code: G12.21, diagnosis: Amyotrophic lateral sclerosis",high
"PayPal: Your recurring billing updated. Confirm: http://paypal-recurring-confirm-8890.billing",low
"wifi_config: {ssid: 'Business_Lounge', password: 'Executive2024', security: 'WPA2'}",low
"intelligence.research@cia.gov",high
"bluetooth_device: Bose Sleepbuds II, mac_address: 00:99:88:77:66:55, sleep_sounds: 35+",high
"County: Bedfordshire, Latitude: 52.1355, Longitude: -0.4680",low
"Your Twitter account follows 5000+ users. Cleanup: http://twitter-following-cleanup-3345.network",low
"patient_data: {id: '33460', diagnosis: 'Fabry disease', enzyme_replacement: 'Agalsidase beta', renal_function: 'preserved'}",high
"https://www.nimh.nih.gov",low
"ssid: FBI_VIPR, password: [SECRET], security: Virtualized",high
"FedEx: Your shipment requires dangerous goods certification. Certify: http://fedex-dg-certify-5567.hazmat",low
"bluetooth: JBL Reflect Mini 2, mac: 99:88:77:66:55:44, sport: yes",high
"City: Jakarta, Indonesia, Latitude: -6.2088, Longitude: 106.8456",low
"patient: Amanda Wilson, condition: Turner syndrome, hormone_replacement: Estrogen",high
"eBay: Your return case escalated. Respond: http://ebay-case-escalated-1123.dispute",low
"wifi: {ssid: 'Train_Business', password: 'CorporateTravel2024', security: 'WPA2'}",low
"secure.transport.specialist@state.gov",high
"bluetooth_pairing: Jabra Elite Active 75t, mac_address: 88:77:66:55:44:33, IP57_waterproof: yes",high
"Name: Buckinghamshire; Longitude: -0.8120; Latitude: 51.7895",low
"Your Google Workspace data region changed. Confirm: http://google-workspace-region-6678.data",low
"medical_record: {patient_id: '44561', diagnosis: 'Gaucher disease type 1', enzyme_replacement: 'Imiglucerase', spleen_volume: 'reduced'}",high
"https://www.nhlbi.nih.gov",low
"network: NSA_XKEYSCORE, password: [TOP SECRET/SI], security: Mass surveillance",high
"UPS: Your package requires refrigeration. Schedule: http://ups-refrigeration-schedule-8890.coldchain",low
"bluetooth: Sony WH-CH400, mac: 77:66:55:44:33:22, wireless: yes",high
"Coordinates: 14.0583, 108.2772, Ho Chi Minh City, Vietnam",low
"patient: Robert Kim, icd_code: E84.9, diagnosis: Cystic fibrosis, unspecified",high
"LinkedIn: Your company page needs admin. Assign: http://linkedin-company-admin-3345.management",low
"wifi_setup: {ssid: 'Airport_Transit', password: 'Connection2024', security: 'WPA2'}",low
"counterintel.technical@fbi.gov",high
"bluetooth_device: Bose Frames Tempo, mac_address: 66:55:44:33:22:11, audio_sunglasses: yes",high
"County: Leicestershire, Latitude: 52.6344, Longitude: -1.1319",low
"Your Apple Arcade subscription expiring. Renew: http://apple-arcade-renew-5567.gaming",low
"patient_record_id: METABOLIC-667, diagnosis: 'Phenylketonuria', phenylalanine_level: '8 mg/dL', diet: 'protein-restricted'",high
"https://www.niddk.nih.gov",low
"ssid: CIA_Marble, password: [CLASSIFIED], security: Source code obfuscation",high
"USPS: Your mail hold requested. Confirm: http://usps-mail-hold-confirm-1123.service",low
"bluetooth: JBL Flip 6, mac: 55:44:33:22:11:00, portable_speaker: yes",high
"Location: Seoul, South Korea, Latitude: 37.5665, Longitude: 126.9780",low
"patient: Sarah Johnson, condition: Pompe disease, enzyme_replacement: Alglucosidase alfa",high
"Bank of America: Your investment portfolio rebalanced. Review: http://bofa-portfolio-rebalance-6678.invest",low
"wifi: {ssid: 'Hotel_Spa', password: 'Wellness2024', security: 'WPA2'}",low
"cyber.defense.ops@dhs.gov",high
"bluetooth_pairing: Beats Solo Pro, mac_address: 44:33:22:11:00:99, active_noise_cancelling: yes",high
"Name: Staffordshire; Longitude: -2.0312; Latitude: 52.8793",low
"Your Facebook friend request from fake account. Report: http://facebook-fake-friend-8890.report",low
"medical_data: {patient: 'Michael Brown', diagnosis: 'Mucopolysaccharidosis type I', enzyme_replacement: 'Laronidase', neurocognitive: 'stable'}",high
"https://www.niaid.nih.gov",low
"network: FBI_Carnivore, password: [LAW ENFORCEMENT], security: Packet capture",high
"Amazon: Your product review removed. Appeal: http://amazon-review-removed-3345.feedback",low
"bluetooth: Sony SRS-XB33, mac: 33:22:11:00:99:88, party_connect: 100+ speakers",high
"City: Taipei, Taiwan, Latitude: 25.0320, Longitude: 121.5654",low
"patient_id: 66793, icd_code: E75.29, diagnosis: Other sphingolipidosis",high
"PayPal: Your account needs additional verification. Complete: http://paypal-additional-verify-5567.identity",low
"wifi_config: {ssid: 'Resort_Pool', password: 'Swim2024!', security: 'WPA2'}",low
"intelligence.coordinator@odni.gov",high
"bluetooth_device: Bose SoundLink Revolve, mac_address: 22:11:00:99:88:77, 360_sound: yes",high
"County: Derbyshire, Latitude: 53.1046, Longitude: -1.5591",low
"Your Twitter lists full (1000/1000). Upgrade: http://twitter-lists-full-1123.organization",low
"patient_record: {mrn: '77894', diagnosis: 'Familial hypercholesterolemia', LDL: '350 mg/dL', treatment: 'PCSK9 inhibitor'}",high
"https://www.nei.nih.gov",low
"ssid: NSA_PRISM, password: [TOP SECRET], security: Upstream collection",high
"FedEx: Your shipment requires phytosanitary certificate. Provide: http://fedex-phyto-certificate-6678.agriculture",low
"bluetooth: JBL Charge 5, mac: 11:00:99:88:77:66, IP67_waterproof: yes",high
"Coordinates: 1.3521, 103.8198, Singapore",low
"patient: Lisa Wang, condition: Homocystinuria, vitamin_B6_responsive: yes",high
"eBay: Your seller account deactivated. Appeal: http://ebay-seller-deactivated-8890.reactivate",low
"wifi: {ssid: 'Airport_Family', password: 'FamilyTravel2024', security: 'WPA2'}",low
"secure.document.handler@whitehouse.gov",high
"bluetooth_pairing: Jabra Speak 750, mac_address: 00:99:88:77:66:55, conference_speaker: yes",high
"Name: Nottinghamshire; Longitude: -0.9930; Latitude: 53.1008",low
"Your Google Fi bill overdue. Pay: http://google-fi-bill-pay-3345.mobile",low
"medical_record_id: ENDOCRINE-778, diagnosis: 'Congenital adrenal hyperplasia', 21-hydroxylase_deficiency: 'salt-wasting'",high
"https://www.niams.nih.gov",low
"network: CIA_Athena, password: [CLASSIFIED], security: Implant",high
"UPS: Your international package needs commercial invoice. Upload: http://ups-commercial-invoice-5567.export",low
"bluetooth: Sony HT-AX7, mac: 99:88:77:66:55:44, portable_theater: yes",high
"Location: Hong Kong, Latitude: 22.3193, Longitude: 114.1694",low
"patient: David Chen, icd_code: E70.0, diagnosis: Classical phenylketonuria",high
"LinkedIn: Your profile photo doesn't meet guidelines. Update: http://linkedin-photo-guidelines-1123.profile",low
"wifi_setup: {ssid: 'Hotel_Conference', password: 'Meeting2024!', security: 'WPA2'}",low
"counterintel.analysis@cia.gov",high
"bluetooth_device: Bose QuietComfort 45, mac_address: 88:77:66:55:44:33, quiet_mode: yes",high
"County: Cheshire, Latitude: 53.2326, Longitude: -2.6103",low
"Your Apple Fitness+ subscription expiring. Renew: http://apple-fitness-renew-6678.health",low
"patient_data: {id: '33461', diagnosis: 'Maple syrup urine disease', leucine_level: '450 μmol/L', diet: 'medical formula'}",high
"https://www.nichd.nih.gov",low
"ssid: FBI_Infragard, password: [SECRET], security: Public-private partnership",high
"USPS: Your package insured for $5000. Claim: http://usps-insurance-claim-8890.insured",low
"bluetooth: JBL PartyBox 310, mac: 77:66:55:44:33:22, party_speaker: yes",high
"City: Bangkok, Thailand, Latitude: 13.7563, Longitude: 100.5018",low
"patient: Amanda Lee, condition: Tyrosinemia type I, NTBC_treatment: yes",high
"Bank of America: Your credit line increased. Accept: http://bofa-credit-line-increase-3345.credit",low
"wifi: {ssid: 'Train_Sleeper', password: 'Overnight2024', security: 'WPA2'}",low
"cyber.intel.analysis@nsa.gov",high
"bluetooth_pairing: Beats Studio Buds +, mac_address: 66:55:44:33:22:11, transparent_mode: yes",high
"Name: Lincolnshire; Longitude: -0.5376; Latitude: 53.2344",low
"Your Facebook group removed. Appeal: http://facebook-group-removed-5567.community",low
"medical_record: {patient_id: '44562', diagnosis: 'Wilson disease', ceruloplasmin: '5 mg/dL', treatment: 'Penicillamine'}",high
"https://www.ninds.nih.gov",low
"network: NSA_IRONCHEF, password: [TOP SECRET/SI], security: Analytics platform",high
"Amazon: Your AWS Lambda function error. Debug: http://aws-lambda-debug-1123.serverless",low
"bluetooth: Sony WH-1000XM3, mac: 55:44:33:22:11:00, QN1_processor: yes",high
"Coordinates: 31.2304, 121.4737, Shanghai, China",low
"patient: Robert Garcia, icd_code: E72.29, diagnosis: Other disorders of urea cycle metabolism",high
"PayPal: Your account receives large payment. Confirm: http://paypal-large-payment-6678.receive",low
"wifi_config: {ssid: 'Resort_Golf', password: 'Golf2024!', security: 'WPA2'}",low
"intelligence.surveillance@dia.gov",high
"bluetooth_device: Bose SoundLink Micro, mac_address: 44:33:22:11:00:99, small_speaker: yes",high
"County: Shropshire, Latitude: 52.7073, Longitude: -2.7553",low
"Your Twitter Circle full (150/150). Manage: http://twitter-circle-full-8890.privacy",low
"patient_record_id: LYSOSOMAL-889, diagnosis: 'Niemann-Pick disease type C', miglustat: 'yes', neurological: 'progressive'",high
"https://www.nccih.nih.gov",low
"ssid: CIA_GUNMAN, password: [CLASSIFIED], security: Secure voice",high
"FedEx: Your shipment requires export license. Apply: http://fedex-export-license-3345.compliance",low
"bluetooth: JBL Go 3, mac: 33:22:11:00:99:88, ultra_portable: yes",high
"Location: Mumbai, India, Latitude: 19.0760, Longitude: 72.8777",low
"patient: Sarah Davis, condition: Galactosemia, galactose-free_diet: yes",high
"eBay: Your purchase protection case opened. Respond: http://ebay-purchase-protection-5567.case",low
"wifi: {ssid: 'Airport_Quiet', password: 'Relaxation2024', security: 'WPA2'}",low
"secure.transport.manager@state.gov",high
"bluetooth_pairing: Jabra Evolve2 40, mac_address: 22:11:00:99:88:77, busylight: yes",high
"Name: Warwickshire; Longitude: -1.5846; Latitude: 52.2819",low
"Your Google One storage full. Upgrade: http://google-one-upgrade-1123.storage",low
"medical_data: {patient: 'Michael Wilson', diagnosis: 'Ornithine transcarbamylase deficiency', ammonia: '120 μmol/L', protein_restriction: 'strict'}",high
"https://www.nimhd.nih.gov",low
"network: FBI_Guardian_Portal, password: [LAW ENFORCEMENT], security: Threat sharing",high
"UPS: Your package requires lithium battery label. Label: http://ups-lithium-label-6678.safety",low
"bluetooth: Sony WH-CH700N, mac: 11:00:99:88:77:66, digital_noise_cancelling: yes",high
"City: Delhi, India, Latitude: 28.7041, Longitude: 77.1025",low
"patient_id: 66794, icd_code: E79.0, diagnosis: Hyperuricemia without signs of inflammatory arthritis",high
"LinkedIn: Your skills need endorsements. Request: http://linkedin-skills-endorsements-8890.profile",low
"wifi_setup: {ssid: 'Hotel_Poolside', password: 'Swim2024', security: 'WPA2'}",low
"counterintel.operations@fbi.gov",high
"bluetooth_device: Bose SoundLink Color II, mac_address: 00:99:88:77:66:55, color_options: yes",high
"County: Worcestershire, Latitude: 52.1920, Longitude: -2.2236",low
"Your Apple TV app subscription failed. Update: http://apple-tv-app-update-3345.streaming",low
"patient_record: {mrn: '77895', diagnosis: 'Glycogen storage disease type I', hypoglycemia: 'frequent', treatment: 'cornstarch'}",high
"https://www.nia.nih.gov",low
"ssid: NSA_TRAFFICTHIEF, password: [TOP SECRET], security: Traffic analysis",high
"USPS: Your package requires adult signature. Schedule: http://usps-adult-signature-5567.delivery",low
"bluetooth: JBL Quantum 800, mac: 99:88:77:66:55:44, gaming_headset: yes",high
"Coordinates: 39.9042, 116.4074, Beijing, China",low
"patient: Lisa Brown, condition: Hereditary fructose intolerance, fructose-free: yes",high
"Bank of America: Your checking account overdrawn. Deposit: http://bofa-overdraft-deposit-1123.account",low
"wifi: {ssid: 'Train_QuietCar', password: 'Silence2024', security: 'WPA2'}",low
"cyber.response.coordinator@dhs.gov",high
"bluetooth_pairing: Beats Fit Pro, mac_address: 88:77:66:55:44:33, secure_wingtips: yes",high
"Name: Gloucestershire; Longitude: -2.1689; Latitude: 51.8642",low
"Your Facebook Marketplace listing flagged. Appeal: http://facebook-marketplace-flagged-6678.commerce",low
"medical_record_id: METAL-990, diagnosis: 'Hemochromatosis', ferritin: '1200 ng/mL', phlebotomy: 'weekly'}",high
"https://www.nigms.nih.gov",low
"network: CIA_GHIDRA, password: [CLASSIFIED], security: Reverse engineering",high
"Amazon: Your Subscribe & Save order modified. Review: http://amazon-subscribe-save-8890.subscription",low
"bluetooth: Sony WH-XB900N, mac: 77:66:55:44:33:22, extra_bass: yes",high
"Location: Osaka, Japan, Latitude: 34.6937, Longitude: 135.5023",low
"patient: David Kim, icd_code: E83.19, diagnosis: Other disorders of copper metabolism",high
"PayPal: Your merchant account needs tax info. Provide: http://paypal-tax-info-3345.merchant",low
"wifi_config: {ssid: 'Resort_Spa', password: 'Wellness2024!', security: 'WPA2'}",low
"intelligence.briefing.specialist@odni.gov",high
"bluetooth_device: Bose QuietComfort 35, mac_address: 66:55:44:33:22:11, classic: yes",high
"County: Herefordshire, Latitude: 52.0765, Longitude: -2.6544",low
"Your Twitter analytics available. View: http://twitter-analytics-view-5567.insights",low
"patient_data: {id: '33462', diagnosis: 'Alpha-1 antitrypsin deficiency', phenotype: 'PiZZ', augmentation_therapy: 'yes'}",high
"https://www.nibib.nih.gov",low
"ssid: FBI_LawEnforcement, password: [SENSITIVE], security: CJIS compliant",high
"FedEx: Your shipment requires certificate of origin. Provide: http://fedex-origin-certificate-1123.trade",low
"bluetooth: JBL Endurance Peak II, mac: 55:44:33:22:11:00, true_wireless: yes",high
"City: Nagoya, Japan, Latitude: 35.1815, Longitude: 136.9066",low
"patient: Amanda Chen, condition: Carnitine deficiency, carnitine_supplement: yes",high
"eBay: Your best offer sent. Track: http://ebay-bestoffer-track-6678.negotiation",low
"wifi: {ssid: 'Airport_Premium_Lounge', password: 'ExclusiveAccess2024', security: 'WPA2-Enterprise'}",low
"secure.documentation@whitehouse.gov",high
"bluetooth_pairing: Jabra Elite 7 Active, mac_address: 44:33:22:11:00:99, sport: yes",high
"Name: Rutland; Longitude: -0.6413; Latitude: 52.6583",low
"Your Google Ads account suspended. Appeal: http://google-ads-suspended-8890.advertising",low
"medical_record: {patient_id: '44563', diagnosis: 'Abetalipoproteinemia', vitamin_E: 'high dose', neurological: 'ataxia'}",high
"https://www.nida.nih.gov",low
"network: NSA_OAKSTAR, password: [TOP SECRET/SI], security: Special collection",high
"UPS: Your package requires fumigation certificate. Certify: http://ups-fumigation-certificate-3345.agriculture",low
"bluetooth: Sony WF-SP900, mac: 33:22:11:00:99:88, waterproof: yes",high
"Coordinates: 35.0116, 135.7681, Kyoto, Japan",low
"patient: Robert Wilson, icd_code: E78.71, diagnosis: Hyperchylomicronemia",high
"LinkedIn: Your connection suggestions. View: http://linkedin-connection-suggestions-5567.network",low
"wifi_setup: {ssid: 'Hotel_Penthouse', password: 'Luxury2024!', security: 'WPA3'}",low
"counterintel.surveillance.specialist@cia.gov",high
"bluetooth_device: Bose SoundWear, mac_address: 22:11:00:99:88:77, wearable_speaker: yes",high
"County: Isle of Wight, Latitude: 50.6938, Longitude: -1.3047",low
"Your Apple Music replay available. View: http://apple-music-replay-1123.yearinreview",low
"patient_record_id: VASCULAR-112, diagnosis: 'Hereditary hemorrhagic telangiectasia', epistaxis: 'daily', iron_infusions: 'monthly'}",high
"https://www.nimh.nih.gov/health/topics",low
"ssid: CIA_Reynard, password: [CLASSIFIED], security: Covert",high
"USPS: Your package requires agricultural inspection. Schedule: http://usps-ag-inspection-6678.agriculture",low
"bluetooth: JBL Tour Pro+ TWS, mac: 11:00:99:88:77:66, smart_case: touchscreen",high
"Location: Sapporo, Japan, Latitude: 43.0618, Longitude: 141.3545",low
"patient: Sarah Kim, condition: Tangier disease, HDL: '<5 mg/dL'",high
"Bank of America: Your mortgage payment holiday approved. Confirm: http://bofa-mortgage-holiday-8890.payment",low
"wifi: {ssid: 'Train_Premium', password: 'FirstClass2024', security: 'WPA2'}",low
"cyber.threat.hunting@nsa.gov",high
"bluetooth_pairing: Beats Powerbeats Pro, mac_address: 00:99:88:77:66:55, earhooks: yes",high
"Name: North Yorkshire; Longitude: -1.3420; Latitude: 54.1352",low
"Your Facebook profile picture removed. Appeal: http://facebook-profile-picture-3345.photo",low
"medical_data: {patient: 'Michael Davis', diagnosis: 'Familial dysautonomia', sensory_neuropathy: 'severe', crises: 'frequent'}",high
"https://www.nichd.nih.gov/health",low
"network: FBI_Guardian_Threat, password: [LAW ENFORCEMENT], security: Threat intelligence",high
"Amazon: Your AWS CloudTrail logs full. Manage: http://aws-cloudtrail-manage-5567.logs",low
"bluetooth: Sony WH-CH510, mac: 99:88:77:66:55:44, wireless: yes",high
"City: Fukuoka, Japan, Latitude: 33.5902, Longitude: 130.4017",low
"patient_id: 66795, icd_code: E88.09, diagnosis: Other disorders of plasma protein metabolism",high
"PayPal: Your credit card expiring soon. Update: http://paypal-credit-card-update-1123.payment",low
"wifi_config: {ssid: 'Resort_Villa', password: 'Private2024!', security: 'WPA2'}",low
"intelligence.assessment@dia.gov",high
"bluetooth_device: Bose Frames Alto, mac_address: 88:77:66:55:44:33, audio_sunglasses: yes",high
"County: East Sussex, Latitude: 50.9280, Longitude: 0.2767",low
"Your Twitter verification application denied. Reapply: http://twitter-verification-deny-6678.apply",low
"patient_record: {mrn: '77896', diagnosis: 'Ehlers-Danlos syndrome hypermobility type', joint_dislocations: 'daily', pain: 'chronic'}",high
"https://www.ninds.nih.gov/health-information",low
"ssid: NSA_MAINWAY, password: [TOP SECRET], security: Call detail records",high
"FedEx: Your shipment requires wood packaging certificate. Provide: http://fedex-wood-certificate-8890.packaging",low
"bluetooth: JBL Live Free 2, mac: 77:66:55:44:33:22, noise_cancelling: yes",high
"Coordinates: 26.2124, 127.6809, Okinawa, Japan",low
"patient: Lisa Garcia, condition: Stickler syndrome, retinal_detachment_risk: high",high
"eBay: Your seller performance above standard. View: http://ebay-seller-performance-3345.metrics",low
"wifi: {ssid: 'Airport_Transit_Hotel', password: 'Layover2024', security: 'WPA2'}",low
"secure.transport.supervisor@state.gov",high
"bluetooth_pairing: Jabra Evolve2 85, mac_address: 66:55:44:33:22:11, professional: yes",high
"Name: West Sussex; Longitude: -0.4617; Latitude: 50.9360",low
"Your Google Pay transaction declined. Review: http://google-pay-declined-5567.payment",low
"medical_record_id: CONNECTIVE-223, diagnosis: 'Osteogenesis imperfecta type III', fractures: '>50 lifetime', bisphosphonates: 'yes'}",high
"https://www.nia.nih.gov/health",low
"network: CIA_Forge, password: [CLASSIFIED], security: Implant development",high
"UPS: Your package requires FDA prior notice. Submit: http://ups-fda-prior-notice-1123.food",low
"bluetooth: Sony WH-1000XM2, mac: 55:44:33:22:11:00, older_model: yes",high
"Location: Yokohama, Japan, Latitude: 35.4437, Longitude: 139.6380",low
"patient: David Wilson, icd_code: Q87.19, diagnosis: Other congenital malformation syndromes",high
"LinkedIn: Your profile completeness 85%. Improve: http://linkedin-profile-completeness-6678.optimize",low
"wifi_setup: {ssid: 'Hotel_Boutique', password: 'Chic2024', security: 'WPA2'}",low
"counterintel.technical.specialist@fbi.gov",high
"bluetooth_device: Bose SoundLink Flex, mac_address: 44:33:22:11:00:99, portable: yes",high
"County: Surrey, Latitude: 51.3148, Longitude: -0.5600",low
"Your Apple Card statement ready. View: http://apple-card-statement-8890.finance",low
"patient_data: {id: '33463', diagnosis: 'Achondroplasia', height: '4 feet 2 inches', complications: 'spinal stenosis'}",high
"https://www.nibib.nih.gov/science-education",low
"ssid: FBI_DarkWeb, password: [LAW ENFORCEMENT], security: Undercover",high
"USPS: Your package requires customs declaration. Declare: http://usps-customs-declaration-3345.international",low
"bluetooth: JBL Clip 4, mac: 33:22:11:00:99:88, clip: yes",high
"City: Nagasaki, Japan, Latitude: 32.7503, Longitude: 129.8777",low
"patient: Amanda Brown, condition: Neurofibromatosis type 1, café_au_lait_spots: >6",high
"Bank of America: Your savings account interest rate increased. View: http://bofa-savings-rate-5567.interest",low
"wifi: {ssid: 'Train_Sightseeing', password: 'View2024', security: 'WPA2'}",low
"cyber.incident.manager@dhs.gov",high
"bluetooth_pairing: Beats Studio Buds, mac_address: 22:11:00:99:88:77, compact: yes",high
"Name: Berkshire; Longitude: -0.9781; Latitude: 51.4424",low
"Your Facebook security checkup recommended. Complete: http://facebook-security-checkup-1123.protection",low
"medical_record: {patient_id: '44564', diagnosis: 'Tuberous sclerosis complex', angiomyolipomas: 'renal', mTOR_inhibitor: 'everolimus'}",high
"https://www.nimhd.nih.gov/about",low
"network: NSA_MYSTIC, password: [TOP SECRET], security: Voice interception",high
"Amazon: Your Amazon Business account needs verification. Verify: http://amazon-business-verify-6678.b2b",low
"bluetooth: Sony WF-1000XM4, mac: 11:00:99:88:77:66, industry_leading: yes",high
"Coordinates: 34.3853, 132.4553, Hiroshima, Japan",low
"patient: Robert Davis, icd_code: Q85.9, diagnosis: Phakomatosis, unspecified",high
"PayPal: Your donation to charity matched. View: http://paypal-donation-matched-8890.charity",low
"wifi_config: {ssid: 'Resort_Beach', password: 'Sunset2024!', security: 'WPA2'}",low
"intelligence.reporting@cia.gov",high
"bluetooth_device: Bose QuietComfort Earbuds, mac_address: 00:99:88:77:66:55, noise_cancelling: yes",high
"County: Merseyside, Latitude: 53.4072, Longitude: -2.9917",low
"Your Twitter lists exported. Download: http://twitter-lists-export-3345.data",low
"patient_record_id: NEUROCUTANEOUS-334, diagnosis: 'Sturge-Weber syndrome', port_wine_stain: 'face', leptomeningeal_angioma: 'yes'}",high
"https://www.nigms.nih.gov/education",low
"ssid: CIA_Umbra_Global, password: [CLASSIFIED/NOFORN], security: Global coverage",high
"FedEx: Your shipment requires dangerous goods declaration. Declare: http://fedex-dangerous-goods-5567.hazmat",low
"bluetooth: JBL Tune 125TWS, mac: 99:88:77:66:55:44, true_wireless: yes",high
"Location: Sendai, Japan, Latitude: 38.2682, Longitude: 140.8694",low
"patient: Sarah Wilson, condition: Incontinentia pigmenti, skin_lesions: characteristic",high
"eBay: Your saved searches updated. View: http://ebay-saved-searches-1123.alerts",low
"wifi: {ssid: 'Airport_Military', password: 'Service2024', security: 'WPA2-Enterprise'}",low
"secure.transport.coordinator@whitehouse.gov",high
"bluetooth_pairing: Jabra Elite 4, mac_address: 88:77:66:55:44:33, compact: yes",high
"Name: Greater Manchester; Longitude: -2.2426; Latitude: 53.4808",low
"Your Google Photos memories created. View: http://google-photos-memories-6678.photos",low
"medical_data: {patient: 'Michael Garcia', diagnosis: 'Hypohidrotic ectodermal dysplasia', missing_teeth: 'multiple', sweating: 'reduced'}",high
"https://www.nida.nih.gov/research",low
"network: FBI_Infragard_Portal, password: [SENSITIVE], security: Trusted partner",high
"UPS: Your package requires import permit. Upload: http://ups-import-permit-8890.customs",low
"bluetooth: Sony WH-CH300, mac: 77:66:55:44:33:22, wireless: yes",high
"City: Kobe, Japan, Latitude: 34.6901, Longitude: 135.1955",low
"patient_id: 66796, icd_code: Q82.8, diagnosis: Other specified congenital malformations of skin",high
"LinkedIn: Your company followers increased 20%. View: http://linkedin-company-followers-3345.analytics",low
"wifi_setup: {ssid: 'Hotel_Harbor', password: 'Waterfront2024', security: 'WPA2'}",low
"counterintel.operations.manager@fbi.gov",high
"bluetooth_device: Bose SoundLink Revolve II, mac_address: 66:55:44:33:22:11, 360_sound: yes",high
"County: Tyne and Wear, Latitude: 54.9783, Longitude: -1.6178",low
"Your Apple News trending stories. View: http://apple-news-trending-5567.news",low
"patient_record: {mrn: '77897', diagnosis: 'Waardenburg syndrome type 1', heterochromia_iridis: 'yes', hearing_loss: 'congenital'}",high
"https://www.nia.nih.gov/research",low
"ssid: NSA_SOMALGET, password: [TOP SECRET], security: Cell phone tracking",high
"USPS: Your package requires restricted delivery. Authorize: http://usps-restricted-delivery-1123.secure",low
"bluetooth: JBL Reflect Aero, mac: 55:44:33:22:11:00, sport: yes",high
"Coordinates: 35.6895, 139.6917, Tokyo, Japan",low
"patient: Lisa Davis, condition: Xeroderma pigmentosum, extreme_sun_sensitivity: yes",high
"Bank of America: Your CD maturing soon. Renew: http://bofa-cd-renew-6678.invest",low
"wifi: {ssid: 'Train_Luxury', password: 'Opulence2024', security: 'WPA3'}",low
"cyber.threat.intelligence@nsa.gov",high
"bluetooth_pairing: Beats Solo3, mac_address: 44:33:22:11:00:99, apple_w1_chip: yes",high
"Name: West Midlands; Longitude: -1.8986; Latitude: 52.4862",low
"Your Facebook friend birthday reminders. View: http://facebook-birthdays-8890.social",low
"medical_record_id: DNA_REPAIR-445, diagnosis: 'Cockayne syndrome', premature_aging: 'yes', photosensitivity: 'yes'}",high
"https://www.nichd.nih.gov/research",low
"network: CIA_Apate, password: [CLASSIFIED], security: Deception",high
"Amazon: Your AWS root user MFA not enabled. Enable: http://aws-mfa-enable-3345.security",low
"bluetooth: Sony WH-1000XM5, mac: 33:22:11:00:99:88, latest_model: yes",high
"Location: Kyoto, Japan, Latitude: 35.0116, Longitude: 135.7681",low
"patient: David Brown, icd_code: Q87.2, diagnosis: Congenital malformation syndromes",high
"PayPal: Your account security key added. Confirm: http://paypal-security-key-5567.2fa",low
"wifi_config: {ssid: 'Resort_Mountain', password: 'Alpine2024!', security: 'WPA2'}",low
"intelligence.briefing.officer@odni.gov",high
"bluetooth_device: Bose SoundLink Revolve+ II, mac_address: 22:11:00:99:88:77, 360_sound: yes",high
"County: South Yorkshire, Latitude: 53.4930, Longitude: -1.4695",low
"Your Twitter bookmarks full (2500/2500). Manage: http://twitter-bookmarks-full-1123.organization",low
"patient_data: {id: '33464', diagnosis: 'Bloom syndrome', chromosomal_breakage: 'increased', cancer_risk: 'high'}",high
"https://www.ninds.nih.gov/research",low
"ssid: FBI_Cyber_Guardian, password: [LAW ENFORCEMENT], security: Cyber threat",high
"FedEx: Your shipment requires CITES permit. Obtain: http://fedex-cites-permit-6678.wildlife",low
"bluetooth: JBL Endurance Dive, mac: 11:00:99:88:77:66, waterproof: yes",high
"City: Nara, Japan, Latitude: 34.6851, Longitude: 135.8050",low
"patient: Amanda Wilson, condition: Rothmund-Thomson syndrome, poikiloderma: characteristic",high
"eBay: Your seller hub dashboard updated. View: http://ebay-seller-dashboard-8890.analytics",low
"wifi: {ssid: 'Airport_International', password: 'Global2024', security: 'WPA2'}",low
"secure.transport.director@state.gov",high
"bluetooth_pairing: Jabra Evolve2 65 Flex, mac_address: 00:99:88:77:66:55, flexible: yes",high
"Name: Northumberland; Longitude: -2.0030; Latitude: 55.2080",low
"Your Google Drive quick access suggestions. View: http://google-drive-quick-access-3345.files",low
"medical_record: {patient_id: '44565', diagnosis: 'Fanconi anemia', bone_marrow_failure: 'yes', chromosomal_breakage: 'increased'}",high
"https://www.nibib.nih.gov/research",low
"network: NSA_BULLRUN, password: [TOP SECRET], security: Crypto weakening",high
"UPS: Your package requires nuclear material certificate. Certify: http://ups-nuclear-certificate-5567.hazardous",low
"bluetooth: Sony WF-C500, mac: 99:88:77:66:55:44, compact: yes",high
"Coordinates: 33.5902, 130.4017, Fukuoka, Japan",low
"patient: Robert Garcia, icd_code: D61.09, diagnosis: Other constitutional aplastic anemia",high
"LinkedIn: Your profile appears in 'People also viewed'. See: http://linkedin-people-also-viewed-1123.visibility",low
"wifi_setup: {ssid: 'Hotel_Ryokan', password: 'Traditional2024', security: 'WPA2'}",low
"counterintel.surveillance.manager@cia.gov",high
"bluetooth_device: Bose QuietComfort Ultra Headphones, mac_address: 88:77:66:55:44:33, immersive_audio: yes",high
"County: Durham, Latitude: 54.7753, Longitude: -1.5849",low
"Your Apple Store purchase history. View: http://apple-store-history-6678.purchases",low
"patient_record_id: BONE_MARROW-556, diagnosis: 'Dyskeratosis congenita', nail_dystrophy: 'yes', pulmonary_fibrosis: 'early'}",high
"https://www.nimhd.nih.gov/research",low
"ssid: CIA_Atlas, password: [CLASSIFIED], security: Global mapping",high
"USPS: Your package requires hand-to-hand delivery. Authorize: http://usps-hand-delivery-8890.secure",low
"bluetooth: JBL Live Pro 2 TWS, mac: 77:66:55:44:33:22, noise_cancelling: yes",high
"Location: Kanazawa, Japan, Latitude: 36.5613, Longitude: 136.6562",low
"patient: Sarah Brown, condition: Shwachman-Diamond syndrome, pancreatic_insufficiency: yes",high
"Bank of America: Your wire transfer completed. Confirm: http://bofa-wire-transfer-3345.transfer",low
"wifi: {ssid: 'Train_Regional', password: 'Local2024', security: 'WPA2'}",low
"cyber.incident.response.team@dhs.gov",high
"bluetooth_pairing: Beats Flex Wireless Earphones, mac_address: 66:55:44:33:22:11, magnetic: yes",high
"Name: Cumbria; Longitude: -2.8656; Latitude: 54.5772",low
"Your Facebook memories from 5 years ago. View: http://facebook-memories-5567.throwback",low
"medical_data: {patient: 'Michael Wilson', diagnosis: 'Diamond-Blackfan anemia', pure_red_cell_aplasia: 'yes', steroid_response: 'partial'}",high
"https://www.nida.nih.gov/about-nida",low
"network: FBI_Infragard_Analysis, password: [SENSITIVE], security: Analytical",high
"Amazon: Your AWS Cost Explorer report ready. View: http://aws-cost-report-1123.billing",low
"bluetooth: Sony WH-CH520, mac: 55:44:33:22:11:00, up to 50h battery",high
"City: Hakone, Japan, Latitude: 35.2324, Longitude: 139.1063",low
"patient_id: 66797, icd_code: D70.9, diagnosis: Neutropenia, unspecified",high
"PayPal: Your credit limit increased. Accept: http://paypal-credit-limit-6678.finance",low
"wifi_config: {ssid: 'Resort_Onsen', password: 'HotSprings2024!', security: 'WPA2'}",low
"intelligence.assessment.specialist@dia.gov",high
"bluetooth_device: Bose SoundLink Mini II, mac_address: 44:33:22:11:00:99, compact_speaker: yes",high
"County: Northamptonshire, Latitude: 52.2344, Longitude: -0.8973",low
"Your Twitter Circle updated. View: http://twitter-circle-updated-8890.privacy",low
"patient_record: {mrn: '77898', diagnosis: 'Severe congenital neutropenia (Kostmann syndrome)', GCSF: 'daily', infections: 'frequent'}",high
"https://www.nigms.nih.gov/about",low
"ssid: NSA_EGOTISTICALGIRAFFE, password: [TOP SECRET], security: Browser exploit",high
"FedEx: Your shipment requires cultural heritage permit. Obtain: http://fedex-cultural-heritage-3345.antiques",low
"bluetooth: JBL Quantum 610 Wireless, mac: 33:22:11:00:99:88, gaming: yes",high
"Coordinates: 34.9667, 138.3833, Shizuoka, Japan",low
"patient: Lisa Wilson, condition: Cyclic neutropenia, cycle_length: '21 days'",high
"eBay: Your offer to buyer accepted. Complete: http://ebay-offer-accepted-5567.sale",low
"wifi: {ssid: 'Airport_Domestic', password: 'Domestic2024', security: 'WPA2'}",low
"secure.transport.operations@whitehouse.gov",high
"bluetooth_pairing: Jabra Elite 5, mac_address: 22:11:00:99:88:77, hybrid_anc: yes",high
"Name: Hereford and Worcester; Longitude: -2.4238; Latitude: 52.1876",low
"Your Google Assistant routine created. Manage: http://google-assistant-routine-1123.automation",low
"medical_record_id: IMMUNE-667, diagnosis: 'Chronic granulomatous disease', infections: 'catalase-positive organisms', prophylaxis: 'TMP-SMX'}",high
"https://www.nichd.nih.gov/about",low
"network: CIA_Flame_Global, password: [CLASSIFIED/NOFORN], security: Global implant",high
"UPS: Your package requires art export license. Obtain: http://ups-art-export-6678.art",low
"bluetooth: Sony WH-1000XM4, mac: 11:00:99:88:77:66, industry_standard: yes",high
"Location: Nikko, Japan, Latitude: 36.7194, Longitude: 139.6982",low
"patient: David Garcia, icd_code: D71, diagnosis: Functional disorders of polymorphonuclear neutrophils",high
"LinkedIn: Your skills assessment results. View: http://linkedin-skills-assessment-8890.test",low
"wifi_setup: {ssid: 'Hotel_Capsule', password: 'Compact2024', security: 'WPA2'}",low
"counterintel.technical.manager@fbi.gov",high
"bluetooth_device: Bose Smart Soundbar 600, mac_address: 00:99:88:77:66:55, soundbar: yes",high
"County: Somerset West, Latitude: 51.1051, Longitude: -2.9262",low
"Your Apple Fitness+ new workouts. View: http://apple-fitness-workouts-3345.health",low
"patient_data: {id: '33465', diagnosis: 'Leukocyte adhesion deficiency type I', delayed_umbilical_cord_separation: 'yes', infections: 'severe'}",high
"https://www.ninds.nih.gov/about",low
"ssid: FBI_Cyber_InfraGard, password: [LAW ENFORCEMENT], security: Critical infrastructure",high
"USPS: Your package requires diplomatic clearance. Obtain: http://usps-diplomatic-clearance-5567.government",low
"bluetooth: JBL Bar 5.0 MultiBeam, mac: 99:88:77:66:55:44, soundbar: yes",high
"City: Takayama, Japan, Latitude: 36.1460, Longitude: 137.2522",low
"patient: Amanda Davis, condition: Hyper-IgE syndrome (Job syndrome), eczema: severe",high
"Bank of America: Your credit card cash advance limit increased. View: http://bofa-cash-advance-1123.credit",low
"wifi: {ssid: 'Train_Scenic', password: 'Landscape2024', security: 'WPA2'}",low
"cyber.threat.hunting.team@nsa.gov",high
"bluetooth_pairing: Beats Studio Pro, mac_address: 88:77:66:55:44:33, premium: yes",high
"Name: Avon; Longitude: -2.5833; Latitude: 51.4500",low
"Your Facebook group analytics available. View: http://facebook-group-analytics-6678.insights",low
"medical_record: {patient_id: '44566', diagnosis: 'Wiskott-Aldrich syndrome', microthrombocytopenia: 'yes', eczema: 'severe', infections: 'recurrent'}",high
"https://www.nibib.nih.gov/about",low
"network: NSA_QUANTUMINSERT, password: [TOP SECRET], security: Network injection",high
"Amazon: Your AWS GuardDuty findings. Review: http://aws-guardduty-findings-8890.security",low
"bluetooth: Sony HT-A5000, mac: 77:66:55:44:33:22, soundbar: yes",high
"Coordinates: 35.5309, 134.8245, Tottori, Japan",low
"patient: Robert Wilson, icd_code: D82.0, diagnosis: Wiskott-Aldrich syndrome",high
"PayPal: Your business account needs tax form. Submit: http://paypal-tax-form-3345.irs",low
"wifi_config: {ssid: 'Resort_Traditional', password: 'Heritage2024!', security: 'WPA2'}",low
"intelligence.briefing.chief@odni.gov",high
"bluetooth_device: Bose Smart Soundbar 900, mac_address: 66:55:44:33:22:11, premium_soundbar: yes",high
"County: Cleveland, Latitude: 54.5259, Longitude: -1.1896",low
"Your Twitter analytics for tweet. View: http://twitter-tweet-analytics-5567.performance",low
"patient_record_id: IMMUNODEFICIENCY-778, diagnosis: 'X-linked agammaglobulinemia (Bruton disease)', antibody_deficiency: 'severe', IVIG: 'monthly'}",high
"https://www.nimhd.nih.gov/about/overview",low
"ssid: CIA_Flux, password: [CLASSIFIED], security: Advanced",high
"FedEx: Your shipment requires military clearance. Obtain: http://fedex-military-clearance-1123.defense",low
"bluetooth: JBL Bar 9.1, mac: 55:44:33:22:11:00, soundbar_detachable_speakers: yes",high
"Location: Matsue, Japan, Latitude: 35.4723, Longitude: 133.0505",low
"patient: Sarah Garcia, condition: Common variable immunodeficiency, hypogammaglobulinemia: yes",high
"eBay: Your seller level upgraded. Benefits: http://ebay-seller-level-6678.rewards",low
"wifi: {ssid: 'Airport_Cargo', password: 'Freight2024', security: 'WPA2-Enterprise'}",low
"secure.transport.management@state.gov",high
"bluetooth_pairing: Jabra Evolve2 85 MS, mac_address: 44:33:22:11:00:99, microsoft_teams: certified",high
"Name: Humberside; Longitude: -0.4378; Latitude: 53.7446",low
"Your Google Maps timeline updated. View: http://google-maps-timeline-8890.location",low
"medical_data: {patient: 'Michael Brown', diagnosis: 'Selective IgA deficiency', infections: 'sinopulmonary', anaphylaxis_risk: 'blood products'}",high
"https://www.nida.nih.gov/about-nida/organization",low
"network: FBI_National_Security, password: [TOP SECRET], security: National security",high
"UPS: Your package requires pharmaceutical license. Provide: http://ups-pharmaceutical-license-3345.drugs",low
"bluetooth: Sony HT-A7000, mac: 33:22:11:00:99:88, premium_soundbar: yes",high
"City: Kagoshima, Japan, Latitude: 31.5966, Longitude: 130.5571",low
"patient_id: 66798, icd_code: D80.9, diagnosis: Immunodeficiency with predominantly antibody defects, unspecified",high
"LinkedIn: Your company post engagement high. View: http://linkedin-company-engagement-5567.analytics",low
"wifi_setup: {ssid: 'Hotel_Business_Class', password: 'Executive2024!', security: 'WPA3'}",low
"counterintel.surveillance.director@cia.gov",high
"bluetooth_device: Bose TV Speaker, mac_address: 22:11:00:99:88:77, tv_speaker: yes",high
"County: Herefordshire West, Latitude: 52.1139, Longitude: -2.7162",low
"Your Apple TV app subscription renewed. Receipt: http://apple-tv-receipt-1123.billing",low
"patient_record: {mrn: '77899', diagnosis: 'Hyper-IgM syndrome', opportunistic_infections: 'Pneumocystis jirovecii', IVIG: 'required'}",high
"https://www.nigms.nih.gov/about-nigms",low
"ssid: NSA_FOXYCART, password: [TOP SECRET], security: Financial tracking",high
"USPS: Your package requires biological material permit. Obtain: http://usps-biological-permit-6678.science",low
"bluetooth: JBL Cinema SB350, mac: 11:00:99:88:77:66, soundbar: yes",high
"Coordinates: 33.2381, 131.6126, Oita, Japan",low
"patient: Lisa Brown, condition: DiGeorge syndrome (22q11.2 deletion), cardiac_defect: tetralogy of Fallot",high
"Bank of America: Your mortgage escrow analysis ready. Review: http://bofa-escrow-analysis-8890.mortgage",low
"wifi: {ssid: 'Train_Bullet', password: 'Shinkansen2024', security: 'WPA2'}",low
"cyber.incident.response.director@dhs.gov",high
"bluetooth_pairing: Beats Fit Pro for Fitness, mac_address: 00:99:88:77:66:55, fitness_focused: yes",high
"Name: Clwyd; Longitude: -3.2970; Latitude: 53.1630",low
"Your Facebook page insights available. View: http://facebook-page-insights-3345.analytics",low
"medical_record_id: CHROMOSOMAL-889, diagnosis: 'Williams syndrome', supravalvular_aortic_stenosis: 'yes', elfin_facies: 'yes', cognitive_profile: 'unique'}",high
"https://www.nichd.nih.gov/about-nichd",low
"network: CIA_GUNMAN_Global, password: [CLASSIFIED/NOFORN], security: Global secure voice",high
"Amazon: Your AWS Security Hub score 85%. Improve: http://aws-security-score-5567.compliance",low
"bluetooth: Sony HT-S2000, mac: 99:88:77:66:55:44, compact_soundbar: yes",high
"Location: Kumamoto, Japan, Latitude: 32.8031, Longitude: 130.7079",low
"patient: David Wilson, icd_code: Q93.88, diagnosis: Other microdeletions",high
"PayPal: Your account statement ready. Download: http://paypal-statement-download-1123.finance",low
"wifi_config: {ssid: 'Resort_Modern', password: 'Contemporary2024!', security: 'WPA2'}",low
"intelligence.assessment.director@dia.gov",high
"bluetooth_device: Bose Solo Soundbar Series II, mac_address: 88:77:66:55:44:33, solo_soundbar: yes",high
"County: Gwent, Latitude: 51.7741, Longitude: -3.0067",low
"Your Twitter ad campaign performance. View: http://twitter-ad-performance-6678.ads",low
"patient_data: {id: '33466', diagnosis: 'Prader-Willi syndrome', hyperphagia: 'yes', growth_hormone: 'therapy', cognitive_impairment: 'mild'}",high
"https://www.ninds.nih.gov/about-ninds",low
"ssid: FBI_Counterintelligence, password: [TOP SECRET], security: Counterintel ops",high
"FedEx: Your shipment requires hazardous waste manifest. Complete: http://fedex-hazardous-waste-8890.environment",low
"bluetooth: JBL Bar 2.1 Deep Bass, mac: 77:66:55:44:33:22, soundbar_subwoofer: yes",high
"City: Nagano, Japan, Latitude: 36.6485, Longitude: 138.1948",low
"patient: Amanda Wilson, condition: Angelman syndrome, happy_demeanor: characteristic, seizures: present",high
"eBay: Your international shipping settings updated. Review: http://ebay-international-shipping-3345.settings",low
"wifi: {ssid: 'Airport_Private', password: 'VIP2024', security: 'WPA2-Enterprise'}",low
"secure.transport.executive@whitehouse.gov",high
"bluetooth_pairing: Jabra Speak 710, mac_address: 66:55:44:33:22:11, conference_speaker: yes",high
"Name: Dyfed; Longitude: -4.3076; Latitude: 52.1117",low
"Your Google Chrome password checkup. Run: http://google-chrome-passwords-5567.security",low
"medical_record: {patient_id: '44567', diagnosis: 'Cri-du-chat syndrome (5p- deletion)', high-pitched_cry: 'infancy', developmental_delay: 'severe'}",high
"https://www.nibib.nih.gov/about-nibib",low
"network: NSA_TURBINE, password: [TOP SECRET], security: Automated implant",high
"UPS: Your package requires endangered species permit. Obtain: http://ups-endangered-species-1123.wildlife",low
"bluetooth: Sony HT-G700, mac: 55:44:33:22:11:00, 3.1ch_soundbar: yes",high
"Coordinates: 36.2048, 138.2529, Nagano, Japan",low
"patient: Robert Garcia, icd_code: Q93.5, diagnosis: Other deletions of part of a chromosome",high
"LinkedIn: Your connection requests pending (50). Review: http://linkedin-connection-requests-6678.network",low
"wifi_setup: {ssid: 'Hotel_Traditional', password: 'Classic2024', security: 'WPA2'}",low
"counterintel.operations.director@fbi.gov",high
"bluetooth_device: Bose Smart Soundbar 300, mac_address: 44:33:22:11:00:99, small_soundbar: yes",high
"County: Powys, Latitude: 52.1302, Longitude: -3.7837",low
"Your Apple Music replay 2024 ready. Listen: http://apple-music-replay-8890.year",low
"patient_record_id: GENETIC_SYNDROME-990, diagnosis: 'Smith-Magenis syndrome', behavioral_problems: 'severe', sleep_disturbance: 'inverted rhythm'}",high
"https://www.nimhd.nih.gov/about-nimhd",low
"ssid: CIA_Hive_Mind, password: [CLASSIFIED], security: Collective intelligence",high
"USPS: Your package requires archaeological permit. Obtain: http://usps-archaeological-permit-3345.heritage",low
"bluetooth: JBL Cinema 610, mac: 33:22:11:00:99:88, soundbar: yes",high
"Location: Hiroshima, Japan, Latitude: 34.3853, Longitude: 132.4553",low
"patient: Sarah Davis, condition: Rubinstein-Taybi syndrome, broad_thumbs: yes, intellectual_disability: moderate",high
"Bank of America: Your investment portfolio diversified. Review: http://bofa-portfolio-diversified-5567.investing",low
"wifi: {ssid: 'Train_Local', password: 'Commute2024', security: 'WPA2'}",low
"cyber.threat.intelligence.director@nsa.gov",high
"bluetooth_pairing: Beats Studio Buds Plus, mac_address: 22:11:00:99:88:77, enhanced: yes",high
"Name: Gwynedd; Longitude: -4.0416; Latitude: 52.9279",low
"Your Facebook security alerts (3 new). Review: http://facebook-security-alerts-1123.protection",low
"medical_data: {patient: 'Michael Wilson', diagnosis: 'Sotos syndrome', overgrowth: 'childhood', advanced_bone_age: 'yes', learning_disabilities: 'yes'}",high
"https://www.nida.nih.gov/about-nida/leadership",low
"network: FBI_Homeland_Security, password: [SECRET], security: Homeland",high
"Amazon: Your AWS Well-Architected review due. Complete: http://aws-well-architected-6678.review",low
"bluetooth: Sony HT-S350, mac: 11:00:99:88:77:66, soundbar: yes",high
"City: Yokosuka, Japan, Latitude: 35.2815, Longitude: 139.6722",low
"patient_id: 66799, icd_code: Q87.3, diagnosis: Congenital malformation syndromes",high
"PayPal: Your charity fundraiser reached 75%. Share: http://paypal-fundraiser-progress-8890.share",low
"wifi_config: {ssid: 'Resort_Historic', password: 'Past2024!', security: 'WPA2'}",low
"intelligence.briefing.director@odni.gov",high
"bluetooth_device: Bose Solo 5 TV Soundbar, mac_address: 00:99:88:77:66:55, simple_soundbar: yes",high
"County: Mid Glamorgan, Latitude: 51.6553, Longitude: -3.4009",low
"Your Twitter verification badge added. Celebrate: http://twitter-verification-added-3345.badge",low
"patient_record: {mrn: '77900', diagnosis: 'Beckwith-Wiedemann syndrome', macrosomia: 'birth', hemihyperplasia: 'right side', tumor_surveillance: 'abdominal ultrasound'}",high
"https://www.nigms.nih.gov/about-nigms/leadership",low
"ssid: NSA_MUSCULAR, password: [TOP SECRET], security: Fiber optic",high
"FedEx: Your shipment requires antique export license. Obtain: http://fedex-antique-export-5567.antiques",low
"bluetooth: JBL Bar 5.1 Surround, mac: 99:88:77:66:55:44, surround_sound: yes",high
"Coordinates: 35.5300, 139.7000, Kawasaki, Japan",low
"patient: Lisa Wilson, condition: CHARGE syndrome, coloboma: yes, choanal_atresia: yes",high
"eBay: Your seller store anniversary. Celebrate: http://ebay-store-anniversary-1123.store",low
"wifi: {ssid: 'Airport_Maintenance', password: 'ServiceAccess2024', security: 'WPA2-Enterprise'}",low
"secure.transport.chief@state.gov",high
"bluetooth_pairing: Jabra PanaCast 50, mac_address: 88:77:66:55:44:33, video_bar: yes",high
"Name: South Glamorgan; Longitude: -3.2000; Latitude: 51.5000",low
"Your Google Photos shared album updated. View: http://google-photos-album-6678.share",low
"medical_record_id: MULTISYSTEM-112, diagnosis: 'VATER/VACTERL association', vertebral_defects: 'yes', anal_atresia: 'yes', cardiac_defects: 'VSD'}",high
"https://www.nichd.nih.gov/about-nichd/leadership",low
"network: CIA_Atlas_Global, password: [CLASSIFIED/NOFORN], security: Global mapping",high
"UPS: Your package requires diplomatic pouch. Arrange: http://ups-diplomatic-pouch-8890.government",low
"bluetooth: Sony HT-A9, mac: 77:66:55:44:33:22, home_theater: yes",high
"Location: Chiba, Japan, Latitude: 35.6073, Longitude: 140.1063",low
"patient: David Brown, icd_code: Q87.89, diagnosis: Other specified congenital malformation syndromes",high
"LinkedIn: Your profile featured in search. View: http://linkedin-profile-featured-3345.visibility",low
"wifi_setup: {ssid: 'Hotel_Modern', password: 'Sleek2024', security: 'WPA3'}",low
"counterintel.surveillance.chief@cia.gov",high
"bluetooth_device: Bose Smart Ultra Soundbar, mac_address: 66:55:44:33:22:11, ultra_soundbar: yes",high
"County: West Glamorgan, Latitude: 51.6650, Longitude: -3.9320",low
"Your Apple Books download completed. Read: http://apple-books-download-5567.books",low
"patient_data: {id: '33467', diagnosis: 'Noonan syndrome', pulmonic_stenosis: 'yes', short_stature: 'yes', learning_difficulties: 'mild'}",high
"https://www.ninds.nih.gov/about-ninds/leadership",low
"ssid: FBI_Foreign_Intel, password: [TOP SECRET], security: Foreign intelligence",high
"USPS: Your package requires customs broker. Assign: http://usps-customs-broker-1123.customs",low
"bluetooth: JBL Bar 1300X, mac: 55:44:33:22:11:00, ultimate_soundbar: yes",high
"City: Saitama, Japan, Latitude: 35.8617, Longitude: 139.6455",low
"patient: Amanda Garcia, condition: Cardiofaciocutaneous syndrome, ectodermal_dysplasia: yes, congenital_heart_disease: yes",high
"Bank of America: Your credit card reward points expiring. Use: http://bofa-rewards-expiring-6678.rewards",low
"wifi: {ssid: 'Train_Express', password: 'Fast2024', security: 'WPA2'}",low
"cyber.incident.response.chief@dhs.gov",high
"bluetooth_pairing: Beats Studio Pro Max, mac_address: 44:33:22:11:00:99, max_performance: yes",high
"Name: Central; Longitude: -3.2185; Latitude: 55.9533",low
"Your Facebook friend suggestions (50 new). View: http://facebook-friend-suggestions-8890.network",low
"medical_record: {patient_id: '44568', diagnosis: 'Costello syndrome', coarse_facies: 'yes', cardiomyopathy: 'hypertrophic', cancer_risk: 'increased'}",high
"https://www.nibib.nih.gov/about-nibib/leadership",low
"network: NSA_EGOTISTICALGIRAFFE_Global, password: [TOP SECRET], security: Global exploit",high
"Amazon: Your AWS backup completed. Verify: http://aws-backup-verify-3345.storage",low
"bluetooth: Sony HT-AX7 Portable Theater, mac: 33:22:11:00:99:88, portable: yes",high
"Coordinates: 35.6895, 139.6917, Tokyo, Japan",low
"patient: Robert Wilson, icd_code: Q87.1, diagnosis: Congenital malformation syndromes",high
"PayPal: Your account receives international payment. Convert: http://paypal-international-payment-5567.currency",low
"wifi_config: {ssid: 'Resort_Futuristic', password: 'Tomorrow2024!', security: 'WPA3'}",low
"intelligence.assessment.chief@dia.gov",high
"bluetooth_device: Bose Portable Smart Speaker, mac_address: 22:11:00:99:88:77, portable_smart: yes",high
"County: Strathclyde, Latitude: 55.8612, Longitude: -4.2498",low
"Your Twitter Moments trending. View: http://twitter-moments-trending-1123.news",low
"patient_record_id: RASOPATHY-223, diagnosis: 'LEOPARD syndrome', lentigines: 'multiple', ECG_abnormalities: 'yes', pulmonary_stenosis: 'yes'}",high
"https://www.nimhd.nih.gov/about-nimhd/leadership",low
"ssid: CIA_Quantum, password: [CLASSIFIED], security: Quantum computing",high
"FedEx: Your shipment requires museum loan agreement. Sign: http://fedex-museum-loan-6678.art",low
"bluetooth: JBL Boombox 3, mac: 11:00:99:88:77:66, boombox: yes",high
"Location: Kyoto Station, Japan, Latitude: 34.9854, Longitude: 135.7580",low
"patient: Sarah Wilson, condition: Neurofibromatosis type 2, bilateral_acoustic_neuromas: yes",high
"eBay: Your saved seller notifications. Manage: http://ebay-saved-seller-8890.alerts",low
"wifi: {ssid: 'Airport_Staff', password: 'Employee2024', security: 'WPA2-Enterprise'}",low
"secure.transport.administration@whitehouse.gov",high
"bluetooth_pairing: Jabra Evolve2 30, mac_address: 00:99:88:77:66:55, entry_level: yes",high
"Name: Tayside; Longitude: -3.0000; Latitude: 56.5000",low
"Your Google Drive file preview unavailable. Fix: http://google-drive-preview-3345.files",low
"medical_data: {patient: 'Michael Davis', diagnosis: 'Legius syndrome', café_au_lait_spots: 'multiple', learning_disabilities: 'sometimes'}",high
"https://www.nida.nih.gov/about-nida/advisory-committees",low
"network: FBI_Cyber_Crime, password: [LAW ENFORCEMENT], security: Cyber crime",high
"UPS: Your package requires human remains permit. Obtain: http://ups-human-remains-5567.mortuary",low
"bluetooth: Sony SRS-XG300, mac: 99:88:77:66:55:44, portable_speaker: yes",high
"City: Shinjuku, Tokyo, Japan, Latitude: 35.6938, Longitude: 139.7034",low
"patient_id: 66800, icd_code: Q85.0, diagnosis: Neurofibromatosis (nonmalignant)",high
"LinkedIn: Your profile views increased 200%. See: http://linkedin-profile-views-increase-1123.analytics",low
"wifi_setup: {ssid: 'Hotel_Sky', password: 'Cloud2024', security: 'WPA2'}",low
"counterintel.operations.chief@fbi.gov",high
"bluetooth_device: Bose SoundLink Micro Bluetooth Speaker, mac_address: 88:77:66:55:44:33, micro_speaker: yes",high
"County: Grampian, Latitude: 57.1500, Longitude: -2.1100",low
"Your Apple Podcasts subscription renewed. Receipt: http://apple-podcasts-receipt-6678.subscription",low
"patient_record: {mrn: '77901', diagnosis: 'Maffucci syndrome', enchondromas: 'multiple', hemangiomas: 'multiple', sarcoma_risk: 'increased'}",high
"https://www.nigms.nih.gov/about-nigms/advisory-council",low
"ssid: NSA_TAILOREDACCESS, password: [TOP SECRET], security: Tailored access",high
"USPS: Your package requires live animal certificate. Obtain: http://usps-live-animal-8890.animals",low
"bluetooth: JBL Xtreme 3, mac: 77:66:55:44:33:22, outdoor_speaker: yes",high
"Coordinates: 35.6586, 139.7454, Shibuya, Tokyo, Japan",low
"patient: Lisa Garcia, condition: Ollier disease, multiple_enchondromas: yes, asymmetry: yes",high
"Bank of America: Your checking account bonus deposited. View: http://bofa-account-bonus-3345.bonus",low
"wifi: {ssid: 'Train_Night', password: 'Sleep2024', security: 'WPA2'}",low
"cyber.threat.intelligence.chief@nsa.gov",high
"bluetooth_pairing: Beats Solo4, mac_address: 66:55:44:33:22:11, new_model: yes",high
"Name: Fife; Longitude: -3.1833; Latitude: 56.2083",low
"Your Facebook event going viral. Manage: http://facebook-event-viral-5567.event",low
"medical_record_id: SKELETAL-334, diagnosis: 'Multiple hereditary exostoses', exostoses: 'multiple', height: 'short', sarcoma_risk: 'low'}",high
"https://www.nichd.nih.gov/about-nichd/advisory-council",low
"network: CIA_Zero_Day, password: [CLASSIFIED], security: Zero day",high
"Amazon: Your AWS Compliance report ready. Download: http://aws-compliance-report-1123.compliance",low
"bluetooth: Sony SRS-XB43, mac: 55:44:33:22:11:00, extra_bass_speaker: yes",high
"Location: Ginza, Tokyo, Japan, Latitude: 35.6719, Longitude: 139.7639",low
"patient: David Wilson, icd_code: Q78.6, diagnosis: Osteochondrodysplasia with defects of growth",high
"PayPal: Your account limited for unusual activity. Verify: http://paypal-unusual-activity-6678.security",low
"wifi_config: {ssid: 'Resort_Premium', password: 'Luxury2024!', security: 'WPA3'}",low
"intelligence.briefing.administration@odni.gov",high
"bluetooth_device: Bose SoundLink Color Bluetooth Speaker II, mac_address: 44:33:22:11:00:99, colorful: yes",high
"County: Highland, Latitude: 57.5000, Longitude: -4.5000",low
"Your Twitter lists featured. View: http://twitter-lists-featured-8890.curation",low
"patient_data: {id: '33468', diagnosis: 'Cleidocranial dysplasia', clavicular_absence: 'partial', dental_anomalies: 'supernumerary teeth', fontanelle_delayed_closure: 'yes'}",high
"https://www.ninds.nih.gov/about-ninds/advisory-council",low
"ssid: FBI_Most_Wanted, password: [LAW ENFORCEMENT], security: Wanted list",high
"FedEx: Your shipment requires gemstone certificate. Provide: http://fedex-gemstone-certificate-3345.gems",low
"bluetooth: JBL Pulse 5, mac: 33:22:11:00:99:88, light_show: yes",high
"City: Akihabara, Tokyo, Japan, Latitude: 35.7023, Longitude: 139.7745",low
"patient: Amanda Brown, condition: Achondrogenesis, lethal_short_limb_dwarfism: yes",high
"eBay: Your buyer protection case closed. Outcome: http://ebay-buyer-protection-5567.case",low
"wifi: {ssid: 'Airport_Restricted', password: 'AuthorizedOnly2024', security: 'WPA2-Enterprise'}",low
"secure.transport.department@state.gov",high
"bluetooth_pairing: Jabra Talk 55, mac_address: 22:11:00:99:88:77, Bluetooth_speakerphone: yes",high
"Name: Lothian; Longitude: -3.2000; Latitude: 55.9500",low
"Your Google Photos printed album shipped. Track: http://google-photos-printed-1123.album",low
"medical_record: {patient_id: '44569', diagnosis: 'Thanatophoric dysplasia', micromelia: 'severe', narrow_thorax: 'lethal', survival: 'neonatal death'}",high
"https://www.nibib.nih.gov/about-nibib/advisory-council",low
"network: NSA_IRATEMONK, password: [TOP SECRET], security: Satellite",high
"UPS: Your package requires ivory certificate. Provide: http://ups-ivory-certificate-6678.wildlife",low
"bluetooth: Sony SRS-RA5000, mac: 11:00:99:88:77:66, immersive_speaker: yes",high
"Coordinates: 35.7142, 139.7964, Ueno, Tokyo, Japan",low
"patient: Robert Garcia, icd_code: Q77.9, diagnosis: Osteochondrodysplasia with defect",high
"LinkedIn: Your company life page created. View: http://linkedin-company-life-8890.culture",low
"wifi_setup: {ssid: 'Hotel_Garden', password: 'Nature2024', security: 'WPA2'}",low
"counterintel.surveillance.administration@cia.gov",high
"bluetooth_device: Bose Home Speaker 500, mac_address: 00:99:88:77:66:55, smart_speaker: yes",high
"County: Borders, Latitude: 55.5833, Longitude: -2.8333",low
"Your Apple Wallet card added. Verify: http://apple-wallet-card-3345.wallet",low
"patient_record_id: LETHAL_SKELETAL-445, diagnosis: 'Short-rib thoracic dysplasia (Jeune syndrome)', narrow_thorax: 'severe', respiratory_insufficiency: 'infancy', polydactyly: 'sometimes'}",high
"https://www.nimhd.nih.gov/about-nimhd/advisory-council",low
"ssid: CIA_Triton, password: [CLASSIFIED], security: Industrial control",high
"USPS: Your package requires plant quarantine. Schedule: http://usps-plant-quarantine-5567.agriculture",low
"bluetooth: JBL Authentics 300, mac: 99:88:77:66:55:44, vintage_design: yes",high
"Location: Roppongi, Tokyo, Japan, Latitude: 35.6618, Longitude: 139.7343",low
"patient: Sarah Davis, condition: Campomelic dysplasia, sex_reversal: XY_female, respiratory_insufficiency: neonatal",high
"Bank of America: Your line of credit approved. Accept: http://bofa-line-credit-1123.credit",low
"wifi: {ssid: 'Train_Sleeper_Premium', password: 'Rest2024', security: 'WPA2'}",low
"cyber.incident.response.administration@dhs.gov",high
"bluetooth_pairing: Beats Studio Pro Wireless, mac_address: 88:77:66:55:44:33, wireless: yes",high
"Name: Dumfries and Galloway; Longitude: -3.9000; Latitude: 55.0667",low
"Your Facebook marketplace item sold. Ship: http://facebook-marketplace-sold-6678.sale",low
"medical_data: {patient: 'Michael Wilson', diagnosis: 'Acromesomelic dysplasia', short_limbs: 'mesomelic', short_stature: 'severe', normal_intelligence: 'yes'}",high
"https://www.nida.nih.gov/research-topics",low
"network: FBI_Missing_Persons, password: [SENSITIVE], security: Missing persons",high
"Amazon: Your AWS outage resolved. Report: http://aws-outage-report-8890.status",low
"bluetooth: Sony SRS-XV800, mac: 77:66:55:44:33:22, party_speaker: yes",high
"City: Asakusa, Tokyo, Japan, Latitude: 35.7148, Longitude: 139.7967",low
"patient_id: 66801, icd_code: Q77.4, diagnosis: Achondroplasia",high
"PayPal: Your account receives cryptocurrency. View: http://paypal-cryptocurrency-3345.crypto",low
"wifi_config: {ssid: 'Resort_Exclusive', password: 'Private2024!', security: 'WPA3'}",low
"intelligence.assessment.administration@dia.gov",high
"bluetooth_device: Bose Smart Soundbar 600 with Dolby Atmos, mac_address: 66:55:44:33:22:11, dolby_atmos: yes",high
"County: Orkney Islands, Latitude: 58.9800, Longitude: -2.9600",low
"Your Twitter Spaces scheduled. Promote: http://twitter-spaces-scheduled-5567.audio",low
"patient_record: {mrn: '77902', diagnosis: 'Hypochondroplasia', short_stature: 'milder than achondroplasia', normal_facies: 'yes', learning_disabilities: 'sometimes'}",high
"https://www.nigms.nih.gov/research-topics",low
"ssid: CIA_Krypton, password: [CLASSIFIED], security: Advanced crypto",high
"FedEx: Your shipment requires firearms license. Provide: http://fedex-firearms-license-1123.firearms",low
"bluetooth: JBL PartyBox Ultimate, mac: 55:44:33:22:11:00, ultimate_party: yes",high
"Coordinates: 35.6895, 139.6917, Tokyo Imperial Palace, Japan",low
"patient: Lisa Wilson, condition: Pseudoachondroplasia, short_stature: severe, joint_laxity: yes",high
"eBay: Your seller coupon created. Share: http://ebay-seller-coupon-6678.discount",low
"wifi: {ssid: 'Airport_Emergency', password: 'Emergency2024', security: 'WPA2-Enterprise'}",low
"secure.transport.agency@state.gov",high
"bluetooth_pairing: Jabra Elite 8 Active, mac_address: 44:33:22:11:00:99, newest_model: yes",high
"Name: Shetland Islands; Longitude: -1.2667; Latitude: 60.3167",low
"Your Google Search console alerts. Check: http://google-search-console-8890.seo",low
"medical_record_id: DYSPLASIA-556, diagnosis: 'Metatropic dysplasia', dumbbell-shaped_long_bones: 'yes', progressive_kyphoscoliosis: 'severe', survival: 'variable'}",high
"https://www.nichd.nih.gov/research-topics",low
"network: NSA_STORMBREW, password: [TOP SECRET], security: Internet backbone",high
"UPS: Your package requires alcohol license. Provide: http://ups-alcohol-license-3345.alcohol",low
"bluetooth: Sony HT-AX7 Mini, mac: 33:22:11:00:99:88, mini_theater: yes",high
"Location: Odaiba, Tokyo, Japan, Latitude: 35.6300, Longitude: 139.7800",low
"patient: David Brown, icd_code: Q77.8, diagnosis: Other osteochondrodysplasias",high
"LinkedIn: Your learning course completed. Certificate: http://linkedin-learning-certificate-5567.education",low
"wifi_setup: {ssid: 'Hotel_Waterfront', password: 'Marina2024', security: 'WPA2'}",low
"counterintel.operations.administration@fbi.gov",high
"bluetooth_device: Bose QuietComfort Ultra Earbuds with Immersive Audio, mac_address: 22:11:00:99:88:77, immersive_audio: yes",high
"County: Western Isles, Latitude: 57.7640, Longitude: -7.0200",low
"Your Apple Health data summary. View: http://apple-health-summary-1123.health",low
"patient_data: {id: '33469', diagnosis: 'Kniest dysplasia', dumbbell-shaped_femora: 'yes', myopia: 'severe', hearing_loss: 'conductive'}",high
"https://www.ninds.nih.gov/research-topics",low
"ssid: FBI_Child_Exploitation, password: [LAW ENFORCEMENT], security: Child protection",high
"USPS: Your package requires tobacco license. Provide: http://usps-tobacco-license-6678.tobacco",low
"bluetooth: JBL Tour One M2 Wireless Headphones, mac: 11:00:99:88:77:66, premium_headphones: yes",high
"City: Ikebukuro, Tokyo, Japan, Latitude: 35.7295, Longitude: 139.7109",low
"patient: Amanda Garcia, condition: Spondyloepiphyseal dysplasia congenita, short_trunk: yes, myopia: severe",high
"Bank of America: Your mortgage insurance required. Select: http://bofa-mortgage-insurance-8890.insurance",low
"wifi: {ssid: 'Train_Regional_Express', password: 'Regional2024', security: 'WPA2'}",low
"cyber.threat.intelligence.administration@nsa.gov",high
"bluetooth_pairing: Beats Studio Buds Pro, mac_address: 00:99:88:77:66:55, pro_version: yes",high
"Name: Channel Islands; Longitude: -2.2000; Latitude: 49.2200",low
"Your Facebook fundraiser reached goal. Thank: http://facebook-fundraiser-goal-3345.charity",low
"medical_record: {patient_id: '44570', diagnosis: 'Diastrophic dysplasia', hitchhiker_thumb: 'yes', cauliflower_ear: 'yes', scoliosis: 'severe'}",high
"https://www.nibib.nih.gov/research-topics",low
"network: CIA_Neptune, password: [CLASSIFIED], security: Maritime",high
"Amazon: Your AWS Cost anomaly detected. Review: http://aws-cost-anomaly-5567.billing",low
"bluetooth: Sony WH-1000XM6, mac: 99:88:77:66:55:44, future_model: rumored",high
"Coordinates: 35.7325, 139.7144, Sunshine City, Tokyo, Japan",low
"patient: Robert Wilson, icd_code: Q77.5, diagnosis: Diastrophic dysplasia",high
"PayPal: Your account statement year-end. Download: http://paypal-year-end-1123.taxes",low
"wifi_config: {ssid: 'Resort_Luxury', password: 'Ultimate2024!', security: 'WPA3'}",low
"intelligence.briefing.agency@odni.gov",high
"bluetooth_device: Bose Smart Ultra Soundbar with Dolby Atmos, mac_address: 88:77:66:55:44:33, ultra_atmos: yes",high
"County: Isle of Man, Latitude: 54.2361, Longitude: -4.5481",low
"Your Twitter Blue features unlocked. Explore: http://twitter-blue-features-6678.premium",low
"patient_record_id: CARTILAGE-667, diagnosis: 'Schmid metaphyseal chondrodysplasia', bowed_legs: 'yes', short_stature: 'mild', autosomal_dominant: 'yes'}",high
"https://www.nimhd.nih.gov/research-topics",low
"ssid: FBI_Human_Trafficking, password: [LAW ENFORCEMENT], security: Trafficking",high
"FedEx: Your shipment requires perfume license. Provide: http://fedex-perfume-license-8890.perfume",low
"bluetooth: JBL Quantum 910 Wireless Gaming Headset, mac: 77:66:55:44:33:22, gaming: yes",high
"Location: Harajuku, Tokyo, Japan, Latitude: 35.6700, Longitude: 139.7022",low
"patient: Sarah Wilson, condition: Jansen metaphyseal chondrodysplasia, hypercalcemia: yes, short_limbs: severe",high
"eBay: Your global shipping program updated. Review: http://ebay-global-shipping-3345.international",low
"wifi: {ssid: 'Airport_Customs', password: 'Customs2024', security: 'WPA2-Enterprise'}",low
"secure.transport.ministry@state.gov",high
"bluetooth_pairing: Jabra Evolve2 85 SE, mac_address: 66:55:44:33:22:11, special_edition: yes",high
"Name: Guernsey; Longitude: -2.5760; Latitude: 49.4556",low
"Your Google Drive suspicious activity. Review: http://google-drive-suspicious-5567.security",low
"medical_data: {patient: 'Michael Davis', diagnosis: 'McKusick metaphyseal chondrodysplasia (cartilage-hair hypoplasia)', short_limbs: 'yes', fine_hair: 'yes', immune_deficiency: 'variable'}",high
"https://www.nida.nih.gov/research-training",low
"network: NSA_BLARNEY, password: [TOP SECRET], security: Partnership",high
"UPS: Your package requires chemical license. Provide: http://ups-chemical-license-1123.chemicals",low
"bluetooth: Sony INZONE H9 Wireless Gaming Headset, mac: 55:44:33:22:11:00, gaming: yes",high
"City: Shinagawa, Tokyo, Japan, Latitude: 35.6090, Longitude: 139.7302",low
"patient_id: 66802, icd_code: Q78.9, diagnosis: Osteochondrodysplasia, unspecified",high
"LinkedIn: Your company post viral. Analyze: http://linkedin-company-post-viral-6678.viral",low
"wifi_setup: {ssid: 'Hotel_Business_Center', password: 'Work2024', security: 'WPA2'}",low
"counterintel.surveillance.agency@cia.gov",high
"bluetooth_device: Bose QuietComfort 35 II Gaming Headset, mac_address: 44:33:22:11:00:99, gaming: yes",high
"County: Jersey; Longitude: -2.1312; Latitude: 49.2144",low
"Your Apple News+ trending topics. Read: http://apple-news-trending-8890.news",low
"patient_record: {mrn: '77903', diagnosis: 'Ellis-van Creveld syndrome', polydactyly: 'yes', congenital_heart_disease: '50%', short_limbs: 'yes'}",high
"https://www.nigms.nih.gov/research-training",low
"ssid: CIA_Olympus, password: [CLASSIFIED], security: Summit",high
"USPS: Your package requires jewelry appraisal. Provide: http://usps-jewelry-appraisal-3345.jewelry",low
"bluetooth: JBL Quantum 360X Wireless Gaming Headset, mac: 33:22:11:00:99:88, gaming: yes",high
"Coordinates: 35.6266, 139.7410, Tokyo Tower, Japan",low
"patient: Lisa Garcia, condition: Asphyxiating thoracic dystrophy (Jeune syndrome), narrow_chest: yes, respiratory_issues: severe",high
"Bank of America: Your credit score improved. View: http://bofa-credit-score-improved-5567.credit",low
"wifi: {ssid: 'Train_Shinkansen_Nozomi', password: 'Fastest2024', security: 'WPA2'}",low
"cyber.incident.response.agency@dhs.gov",high
"bluetooth_pairing: Beats Studio Pro Gaming Edition, mac_address: 22:11:00:99:88:77, gaming_edition: yes",high
"Name: Sark; Longitude: -2.3600; Latitude: 49.4300",low
"Your Facebook page verified. Celebrate: http://facebook-page-verified-1123.verification",low
"medical_record_id: CHONDRODYSPLASIA-778, diagnosis: 'Short rib-polydactyly syndrome type I (Saldino-Noonan)', lethal: 'yes', polydactyly: 'yes', narrow_thorax: 'severe'}",high
"https://www.nichd.nih.gov/research-training",low
"network: FBI_Organized_Crime, password: [LAW ENFORCEMENT], security: Organized crime",high
"Amazon: Your AWS architecture review passed. Certificate: http://aws-architecture-certificate-6678.certification",low
"bluetooth: Sony PULSE 3D Wireless Headset, mac: 11:00:99:88:77:66, ps5_compatible: yes",high
"Location: Tokyo Disneyland, Japan, Latitude: 35.6329, Longitude: 139.8804",low
"patient: David Wilson, icd_code: Q78.8, diagnosis: Other specified osteochondrodysplasias",high
"PayPal: Your business account needs verification. Complete: http://paypal-business-verification-8890.verify",low
"wifi_config: {ssid: 'Resort_All_Inclusive', password: 'Everything2024!', security: 'WPA2'}",low
"intelligence.assessment.agency@dia.gov",high
"bluetooth_device: Bose SoundLink around-ear wireless headphones II, mac_address: 00:99:88:77:66:55, around_ear: yes",high
"County: Alderney; Longitude: -2.2000; Latitude: 49.7147",low
"Your Twitter algorithm preferences. Adjust: http://twitter-algorithm-preferences-3345.feed",low
"patient_data: {id: '33470', diagnosis: 'Osteogenesis imperfecta type I', blue_sclera: 'yes', hearing_loss: 'adult-onset', fractures: 'multiple'}",high
"https://www.ninds.nih.gov/research-training",low
"ssid: CIA_Titan, password: [CLASSIFIED], security: Giant",high
"FedEx: Your shipment requires watch appraisal. Provide: http://fedex-watch-appraisal-5567.watches",low
"bluetooth: JBL Live 660NC Wireless Headphones, mac: 99:88:77:66:55:44, noise_cancelling: yes",high
"City: Tokyo Skytree, Japan, Latitude: 35.7101, Longitude: 139.8107",low
"patient: Amanda Brown, condition: Osteogenesis imperfecta type II, perinatal_lethal: yes, beaded_ribs: yes",high
"eBay: Your seller vacation mode on. Return: http://ebay-vacation-mode-1123.store",low
"wifi: {ssid: 'Airport_Immigration', password: 'Border2024', security: 'WPA2-Enterprise'}",low
"secure.transport.office@state.gov",high
"bluetooth_pairing: Jabra Elite 85t Wireless Earbuds, mac_address: 88:77:66:55:44:33, wireless_earbuds: yes",high
"Name: Herm; Longitude: -2.4500; Latitude: 49.4700",low
"Your Google Photos AI creations. View: http://google-photos-ai-6678.creations",low
"medical_record: {patient_id: '44571', diagnosis: 'Osteogenesis imperfecta type III', progressive_deformity: 'yes', short_stature: 'severe', dentinogenesis_imperfecta: 'yes'}",high
"https://www.nibib.nih.gov/research-training",low
"network: NSA_FAIRVIEW, password: [TOP SECRET], security: Global access",high
"UPS: Your package requires coin appraisal. Provide: http://ups-coin-appraisal-8890.coins",low
"bluetooth: Sony WH-CH720N Wireless Noise Canceling Headphones, mac: 77:66:55:44:33:22, noise_canceling: yes",high
"Coordinates: 35.6586, 139.7454, Shibuya Crossing, Tokyo, Japan",low
"patient: Robert Garcia, icd_code: Q78.0, diagnosis: Osteogenesis imperfecta",high
"LinkedIn: Your network anniversary. Celebrate: http://linkedin-network-anniversary-3345.anniversary",low
"wifi_setup: {ssid: 'Hotel_Rooftop', password: 'View2024', security: 'WPA2'}",low
"counterintel.operations.agency@fbi.gov",high
"bluetooth_device: Bose Noise Cancelling Headphones 700, mac_address: 66:55:44:33:22:11, premium: yes",high
"County: Brecqhou; Longitude: -2.3900; Latitude: 49.4300",low
"Your Apple Music spatial audio available. Listen: http://apple-music-spatial-5567.audio",low
"patient_record_id: BONE_FRAGILITY-889, diagnosis: 'Osteogenesis imperfecta type IV', moderate_severity: 'yes', white_sclera: 'yes', dentinogenesis_imperfecta: 'variable'}",high
"https://www.nimhd.nih.gov/research-training",low
"ssid: CIA_Apollo, password: [CLASSIFIED], security: Moon landing",high
"USPS: Your package requires stamp appraisal. Provide: http://usps-stamp-appraisal-1123.stamps",low
"bluetooth: JBL Tune 760NC Wireless Headphones, mac: 55:44:33:22:11:00, wireless: yes",high
"Location: Meiji Shrine, Tokyo, Japan, Latitude: 35.6764, Longitude: 139.6993",low
"patient: Sarah Davis, condition: Bruck syndrome, osteogenesis_imperfecta_plus: contractures",high
"Bank of America: Your investment portfolio rebalanced automatically. Review: http://bofa-auto-rebalance-6678.investing",low
"wifi: {ssid: 'Train_Limited_Express', password: 'Express2024', security: 'WPA2'}",low
"cyber.threat.intelligence.agency@nsa.gov",high
"bluetooth_pairing: Beats Studio3 Wireless Noise Cancelling Headphones, mac_address: 44:33:22:11:00:99, noise_cancelling: yes",high
"Name: Jethou; Longitude: -2.4700; Latitude: 49.4600",low
"Your Facebook friend list exported. Download: http://facebook-friend-list-8890.data",low
"medical_data: {patient: 'Michael Wilson', diagnosis: 'Cole-Carpenter syndrome', bone_fragility: 'yes', ocular_proptosis: 'yes', hydrocephalus: 'sometimes'}",high
"https://www.nida.nih.gov/research-training/training",low
"network: FBI_Financial_Crime, password: [LAW ENFORCEMENT], security: Financial",high
"Amazon: Your AWS certification achieved. Badge: http://aws-certification-badge-3345.certification",low
"bluetooth: Sony WH-1000XM4 Wireless Noise Canceling Headphones, mac: 33:22:11:00:99:88, noise_canceling: yes",high
"City: Senso-ji Temple, Tokyo, Japan, Latitude: 35.7148, Longitude: 139.7967",low
"patient_id: 66803, icd_code: Q78.2, diagnosis: Osteopetrosis",high
"PayPal: Your account security upgraded. Confirm: http://paypal-security-upgrade-5567.protection",low
"wifi_config: {ssid: 'Resort_Wellness', password: 'Health2024!', security: 'WPA2'}",low
"intelligence.briefing.office@odni.gov",high
"bluetooth_device: Bose QuietComfort 45 Wireless Noise Cancelling Headphones, mac_address: 22:11:00:99:88:77, noise_cancelling: yes",high
"County: Lihou; Longitude: -2.6700; Latitude: 49.4600",low
"Your Twitter bookmarks organized. Manage: http://twitter-bookmarks-organized-1123.organization",low
"patient_record: {mrn: '77904', diagnosis: 'Autosomal dominant osteopetrosis type II', fractures: 'paradoxical', cranial_nerve_palsy: 'yes', anemia: 'mild'}",high
"https://www.nigms.nih.gov/research-training/training",low
"ssid: CIA_Helios, password: [CLASSIFIED], security: Sun",high
"FedEx: Your shipment requires art appraisal. Provide: http://fedex-art-appraisal-6678.art",low
"bluetooth: JBL Live 460NC Wireless Headphones, mac: 11:00:99:88:77:66, wireless: yes",high
"Coordinates: 35.7142, 139.7964, Ueno Zoo, Tokyo, Japan",low
"patient: Lisa Wilson, condition: Autosomal recessive osteopetrosis, severe_infantile_form: yes, bone_marrow_failure: yes",high
"eBay: Your seller performance metrics. View: http://ebay-seller-metrics-8890.performance",low
"wifi: {ssid: 'Airport_Security', password: 'Secure2024', security: 'WPA2-Enterprise'}",low
"secure.transport.bureau@state.gov",high
"bluetooth_pairing: Jabra Elite 7 Pro Wireless Earbuds, mac_address: 00:99:88:77:66:55, wireless: yes",high
"Name: Minquiers; Longitude: -2.1500; Latitude: 48.9500",low
"Your Google Drive organization tips. View: http://google-drive-organization-3345.tips",low
"medical_record_id: SCLEROSING_BONE-990, diagnosis: 'Osteopetrosis with renal tubular acidosis (carbonic anhydrase II deficiency)', cerebral_calcification: 'yes', mental_retardation: 'yes', renal_tubular_acidosis: 'yes'}",high
"https://www.nichd.nih.gov/research-training/training",low
"network: NSA_RAMPART-A, password: [TOP SECRET], security: AURORA",high
"UPS: Your package requires wine appraisal. Provide: http://ups-wine-appraisal-5567.wine",low
"bluetooth: Sony WH-H910N Wireless Noise Canceling Headphones, mac: 99:88:77:66:55:44, noise_canceling: yes",high
"Location: Tokyo National Museum, Japan, Latitude: 35.7188, Longitude: 139.7765",low
"patient: David Brown, icd_code: Q78.1, diagnosis: Polyostotic fibrous dysplasia",high
"LinkedIn: Your company culture awards. Celebrate: http://linkedin-company-culture-1123.awards",low
"wifi_setup: {ssid: 'Hotel_Historic', password: 'History2024', security: 'WPA2'}",low
"counterintel.surveillance.office@cia.gov",high
"bluetooth_device: Bose SoundLink around-ear wireless headphones, mac_address: 88:77:66:55:44:33, around_ear: yes",high
"County: Ecréhous; Longitude: -1.9300; Latitude: 49.2800",low
"Your Apple Fitness+ meditation. Start: http://apple-fitness-meditation-6678.wellness",low
"patient_data: {id: '33471', diagnosis: 'McCune-Albright syndrome', polyostotic_fibrous_dysplasia: 'yes', café_au_lait_spots: 'coast of Maine', precocious_puberty: 'girls'}",high
"https://www.ninds.nih.gov/research-training/training",low
"ssid: FBI_Counterterrorism, password: [TOP SECRET], security: Counterterror",high
"USPS: Your package requires tea appraisal. Provide: http://usps-tea-appraisal-8890.tea",low
"bluetooth: JBL Quantum 100 Wired Gaming Headset, mac: 77:66:55:44:33:22, wired: yes",high
"City: Akasaka, Tokyo, Japan, Latitude: 35.6704, Longitude: 139.7409",low
"patient: Amanda Garcia, condition: Mazabraud syndrome, fibrous_dysplasia_plus: intramuscular_myxomas",high
"Bank of America: Your credit card fraud alert. Verify: http://bofa-fraud-alert-3345.security",low
"wifi: {ssid: 'Train_Local_Express', password: 'Local2024', security: 'WPA2'}",low
"cyber.incident.response.office@dhs.gov",high
"bluetooth_pairing: Beats Flex Wireless Neckband, mac_address: 66:55:44:33:22:11, neckband: yes",high
"Name: Les Dirouilles; Longitude: -2.2500; Latitude: 49.3000",low
"Your Facebook memories privacy settings. Adjust: http://facebook-memories-privacy-5567.privacy",low
"medical_record: {patient_id: '44572', diagnosis: 'Cherubism', symmetric_swelling: 'jaw', autosomal_dominant: 'yes', regress: 'puberty'}",high
"https://www.nibib.nih.gov/research-training/training",low
"network: CIA_Athena_Global, password: [CLASSIFIED/NOFORN], security: Global implant",high
"Amazon: Your AWS Well-Architected Framework. Implement: http://aws-well-architected-1123.framework",low
"bluetooth: Sony MDR-7506 Professional Headphones, mac: 55:44:33:22:11:00, professional: yes",high
"Coordinates: 35.6895, 139.6917, Tokyo Station, Japan",low
"patient: Robert Wilson, icd_code: Q78.5, diagnosis: Metaphyseal dysplasia",high
"PayPal: Your account receives payment from new country. Verify: http://paypal-new-country-6678.security",low
"wifi_config: {ssid: 'Resort_Adventure', password: 'Explore2024!', security: 'WPA2'}",low
"intelligence.assessment.office@dia.gov",high
"bluetooth_device: Bose QuietComfort 35 II Acoustic Noise Cancelling Headphones, mac_address: 44:33:22:11:00:99, acoustic_noise_cancelling: yes",high
"County: Les Pierres de Lecq; Longitude: -2.2000; Latitude: 49.3000",low
"Your Twitter verified organizations list. View: http://twitter-verified-organizations-8890.organizations",low
"patient_record_id: MAXILLOFACIAL-112, diagnosis: 'Familial gigantiform cementoma', jaw_tumors: 'cementum-rich', aggressive: 'yes', multiple_familial: 'yes'}",high
"https://www.nimhd.nih.gov/research-training/training",low
"ssid: NSA_STORMBREW_Global, password: [TOP SECRET], security: Global backbone",high
"FedEx: Your shipment requires chocolate appraisal. Provide: http://fedex-chocolate-appraisal-3345.chocolate",low
"bluetooth: JBL Endurance Run 2 Wireless Sport Headphones, mac: 33:22:11:00:99:88, sport: yes",high
"Location: Tokyo Bay, Japan, Latitude: 35.6200, Longitude: 139.7800",low
"patient: Sarah Wilson, condition: Gnathodiaphyseal dysplasia, cemento-osseous_lesions: yes, bone_fragility: diaphyseal",high
"eBay: Your international sales report. View: http://ebay-international-sales-5567.report",low
"wifi: {ssid: 'Airport_Fire', password: 'EmergencyOnly2024', security: 'WPA2-Enterprise'}",low
"secure.transport.division@state.gov",high
"bluetooth_pairing: Jabra Elite 3 Wireless Earbuds, mac_address: 22:11:00:99:88:77, wireless: yes",high
"Name: Les Minquiers; Longitude: -2.1500; Latitude: 48.9500",low
"Your Google Calendar schedule conflict. Resolve: http://google-calendar-conflict-1123.schedule",low
"medical_data: {patient: 'Michael Davis', diagnosis: 'Oculodentodigital dysplasia', microphthalmia: 'yes', enamel_hypoplasia: 'yes', syndactyly: 'fingers 3-4'}",high
"https://www.nida.nih.gov/about-nida/strategic-plan",low
"network: FBI_Hate_Crimes, password: [LAW ENFORCEMENT], security: Hate crimes",high
"UPS: Your package requires coffee appraisal. Provide: http://ups-coffee-appraisal-6678.coffee",low
"bluetooth: Sony WF-1000XM4 Truly Wireless Noise Canceling Earbuds, mac: 11:00:99:88:77:66, truly_wireless: yes",high
"City: Odaiba Seaside Park, Tokyo, Japan, Latitude: 35.6250, Longitude: 139.7750",low
"patient_id: 66804, icd_code: Q87.0, diagnosis: Congenital malformation syndromes",high
"LinkedIn: Your profile headline suggestions. Optimize: http://linkedin-headline-suggestions-8890.optimization",low
"wifi_setup: {ssid: 'Hotel_Design', password: 'Design2024', security: 'WPA2'}",low
"counterintel.operations.office@fbi.gov",high
"bluetooth_device: Bose Sport Earbuds Wireless Earphones, mac_address: 00:99:88:77:66:55, sport: yes",high
"County: Burhou; Longitude: -2.2400; Latitude: 49.7300",low
"Your Apple TV app subscription family sharing. Manage: http://apple-tv-family-3345.sharing",low
"patient_record: {mrn: '77905', diagnosis: 'Ectrodactyly-ectodermal dysplasia-clefting (EEC) syndrome', split_hand/foot: 'yes', ectodermal_dysplasia: 'yes', cleft_lip/palate: 'yes'}",high
"https://www.nigms.nih.gov/about-nigms/strategic-plan",low
"ssid: CIA_Chronos, password: [CLASSIFIED], security: Time-based",high
"USPS: Your package requires spice appraisal. Provide: http://usps-spice-appraisal-5567.spices",low
"bluetooth: JBL Reflect Flow Pro+ Wireless Sport Headphones, mac: 99:88:77:66:55:44, sport: yes",high
"Coordinates: 35.6586, 139.7454, Shibuya Scramble, Tokyo, Japan",low
"patient: Lisa Garcia, condition: Rapp-Hodgkin syndrome, ectodermal_dysplasia_plus: cleft_palate",high
"Bank of America: Your mortgage application approved. Sign: http://bofa-mortgage-approved-1123.mortgage",low
"wifi: {ssid: 'Train_Bullet_Nozomi', password: 'Premium2024', security: 'WPA2'}",low
"cyber.threat.intelligence.office@nsa.gov",high
"bluetooth_pairing: Beats Powerbeats Wireless Earphones, mac_address: 88:77:66:55:44:33, wireless: yes",high
"Name: Casquets; Longitude: -2.4300; Latitude: 49.7200",low
"Your Facebook page insights demographics. View: http://facebook-demographics-6678.insights",low
"medical_record_id: ECTODERMAL-223, diagnosis: 'Ankyloblepharon-ectodermal defects-cleft lip/palate (AEC) syndrome', ankyloblepharon: 'eyelid fusion', severe_scalp_erosions: 'yes', ectodermal_dysplasia: 'yes'}",high
"https://www.nichd.nih.gov/about-nichd/strategic-plan",low
"network: NSA_RAMPART-B, password: [TOP SECRET], security: B version",high
"Amazon: Your AWS backup retention policy updated. Review: http://aws-backup-retention-8890.backup",low
"bluetooth: Sony WF-SP800N Truly Wireless Sports Earphones, mac: 77:66:55:44:33:22, sports: yes",high
"Location: Tokyo Imperial Palace East Garden, Japan, Latitude: 35.6852, Longitude: 139.7528",low
"patient: David Wilson, icd_code: Q82.4, diagnosis: Ectodermal dysplasia (anhidrotic)",high
"PayPal: Your charity donation tax receipt. Download: http://paypal-tax-receipt-3345.taxes",low
"wifi_config: {ssid: 'Resort_Culinary', password: 'Food2024!', security: 'WPA2'}",low
"intelligence.briefing.division@odni.gov",high
"bluetooth_device: Bose Frames Tempo Sports Audio Sunglasses, mac_address: 66:55:44:33:22:11, sports_sunglasses: yes",high
"County: Ortac; Longitude: -2.5800; Latitude: 49.7000",low
"Your Twitter Circle new members. Welcome: http://twitter-circle-new-5567.circle",low
"patient_data: {id: '33472', diagnosis: 'Hypohidrotic ectodermal dysplasia (Christ-Siemens-Touraine syndrome)', reduced_sweating: 'yes', conical_teeth: 'yes', sparse_hair: 'yes'}",high
"https://www.ninds.nih.gov/about-ninds/strategic-plan",low
"ssid: FBI_Environmental_Crimes, password: [LAW ENFORCEMENT], security: Environmental",high
"FedEx: Your shipment requires honey appraisal. Provide: http://fedex-honey-appraisal-1123.honey",low
"bluetooth: JBL Endurance Jump 2 Wireless Sport Headphones, mac: 55:44:33:22:11:00, sport: yes",high
"City: Tokyo City View, Roppongi Hills, Japan, Latitude: 35.6604, Longitude: 139.7292",low
"patient: Amanda Brown, condition: Hidrotic ectodermal dysplasia (Clouston syndrome), nail_dystrophy: yes, palmoplantar_keratoderma: yes",high
"eBay: Your seller return rate improved. View: http://ebay-return-rate-6678.metrics",low
"wifi: {ssid: 'Airport_Medical', password: 'Medical2024', security: 'WPA2-Enterprise'}",low
"secure.transport.section@state.gov",high
"bluetooth_pairing: Jabra Elite Active 75t Sports Earphones, mac_address: 44:33:22:11:00:99, sports: yes",high
"Name: Renonquet; Longitude: -2.5000; Latitude: 49.4500",low
"Your Google Photos archive created. View: http://google-photos-archive-8890.archive",low
"medical_record: {patient_id: '44573', diagnosis: 'Focal dermal hypoplasia (Goltz syndrome)', skin_atrophy: 'yes', fat_herniation: 'yes', ocular_coloboma: 'yes'}",high
"https://www.nibib.nih.gov/about-nibib/strategic-plan",low
"network: CIA_Zeus, password: [CLASSIFIED], security: King",high
"UPS: Your package requires cheese appraisal. Provide: http://ups-cheese-appraisal-3345.cheese",low
"bluetooth: Sony WI-C310 Wireless In-Ear Headphones, mac: 33:22:11:00:99:88, in_ear: yes",high
"Coordinates: 35.6586, 139.7454, Shibuya Hikarie, Tokyo, Japan",low
"patient: Robert Garcia, icd_code: Q82.8, diagnosis: Other specified congenital malformations of skin",high
"LinkedIn: Your company employee growth. Analyze: http://linkedin-company-growth-5567.analytics",low
"wifi_setup: {ssid: 'Hotel_Art', password: 'Art2024', security: 'WPA2'}",low
"counterintel.surveillance.division@cia.gov",high
"bluetooth_device: Bose SoundSport Wireless Headphones, mac_address: 22:11:00:99:88:77, sports: yes",high
"County: Îles Chausey; Longitude: -1.8300; Latitude: 48.8800",low
"Your Apple Music replay share. Share: http://apple-music-replay-share-1123.share",low
"patient_record_id: SKIN_GENETICS-334, diagnosis: 'Incontinentia pigmenti (Bloch-Sulzberger syndrome)', skin_stages: 'vesicular, verrucous, pigmented', dental_anomalies: 'yes', X-linked_dominant: 'male lethal'}",high
"https://www.nimhd.nih.gov/about-nimhd/strategic-plan",low
"ssid: NSA_TURMOIL, password: [TOP SECRET], security: Traffic analysis",high
"USPS: Your package requires olive oil appraisal. Provide: http://usps-olive-oil-appraisal-6678.oil",low
"bluetooth: JBL Endurance Peak II Wireless Sport Earphones, mac: 11:00:99:88:77:66, sport: yes",high
"Location: Tokyo Metropolitan Government Building, Japan, Latitude: 35.6895, Longitude: 139.6917",low
"patient: Sarah Davis, condition: Conradi-Hünermann syndrome, chondrodysplasia_punctata: X-linked_dominant",high
"Bank of America: Your savings account interest paid. View: http://bofa-interest-paid-8890.savings",low
"wifi: {ssid: 'Train_Sightseeing_Special', password: 'Tour2024', security: 'WPA2'}",low
"cyber.incident.response.division@dhs.gov",high
"bluetooth_pairing: Beats Studio Buds Sports Edition, mac_address: 00:99:88:77:66:55, sports_edition: yes",high
"Name: Îles Saint-Marcouf; Longitude: -1.1500; Latitude: 49.5000",low
"Your Facebook friend request from celebrity. Verify: http://facebook-celebrity-request-3345.verify",low
"medical_data: {patient: 'Michael Wilson', diagnosis: 'CHILD syndrome (congenital hemidysplasia with ichthyosiform erythroderma and limb defects)', unilateral: 'yes', ipsilateral_limb_defects: 'yes', X-linked_dominant: 'male lethal'}",high
"https://www.nida.nih.gov/research/areas",low
"network: FBI_Art_Theft, password: [LAW ENFORCEMENT], security: Art theft",high
"Amazon: Your AWS migration completed. Report: http://aws-migration-report-5567.migration",low
"bluetooth: Sony WI-C400 Wireless In-Ear Headphones, mac: 99:88:77:66:55:44, in_ear: yes",high
"City: Tokyo Dome, Japan, Latitude: 35.7058, Longitude: 139.7519",low
"patient_id: 66805, icd_code: Q80.9, diagnosis: Congenital ichthyosis, unspecified",high
"PayPal: Your account receives large international transfer. Confirm: http://paypal-large-transfer-1123.transfer",low
"wifi_config: {ssid: 'Resort_Sports', password: 'Active2024!', security: 'WPA2'}",low
"intelligence.assessment.division@dia.gov",high
"bluetooth_device: Bose QuietComfort Earbuds II Sports Edition, mac_address: 88:77:66:55:44:33, sports_edition: yes",high
"County: Tatihou; Longitude: -1.2500; Latitude: 49.5900",low
"Your Twitter trends for you. View: http://twitter-trends-personal-6678.trends",low
"patient_record: {mrn: '77906', diagnosis: 'Harlequin ichthyosis', thick_plate-like_scale: 'yes', eclabium: 'yes', ectropion: 'yes', perinatal_lethal: 'historically'}",high
"https://www.nigms.nih.gov/research/areas",low
"ssid: CIA_Aether, password: [CLASSIFIED], security: Air",high
"FedEx: Your shipment requires balsamic vinegar appraisal. Provide: http://fedex-vinegar-appraisal-8890.vinegar",low
"bluetooth: JBL Tune 230NC TWS Wireless Earphones, mac: 77:66:55:44:33:22, tws: yes",high
"Coordinates: 35.7142, 139.7964, Ueno Park, Tokyo, Japan",low
"patient: Lisa Wilson, condition: Lamellar ichthyosis, collodion_baby: yes, lifelong_scaling: yes",high
"eBay: Your seller store design updated. Preview: http://ebay-store-design-3345.design",low
"wifi: {ssid: 'Airport_VIP_Lounge', password: 'ExclusiveAccess2024', security: 'WPA2-Enterprise'}",low
"secure.transport.unit@state.gov",high
"bluetooth_pairing: Jabra Elite 7 Active Sports Earphones, mac_address: 66:55:44:33:22:11, sports: yes",high
"Name: Îles Chausey (France); Longitude: -1.8300; Latitude: 48.8800",low
"Your Google Drive storage cleaner. Run: http://google-drive-cleaner-5567.storage",low
"medical_record_id: ICHTHYOSIS-445, diagnosis: 'Epidermolytic ichthyosis (bullous congenital ichthyosiform erythroderma)', blistering: 'neonatal', hyperkeratosis: 'later', odor: 'characteristic'}",high
"https://www.nichd.nih.gov/research/areas",low
"network: NSA_RAMPART-C, password: [TOP SECRET], security: C version",high
"UPS: Your package requires truffle appraisal. Provide: http://ups-truffle-appraisal-1123.truffles",low
"bluetooth: Sony WF-1000XM5 Truly Wireless Noise Canceling Earphones, mac: 55:44:33:22:11:00, truly_wireless: yes",high
"Location: Tokyo Sea Life Park, Japan, Latitude: 35.6439, Longitude: 139.8572",low
"patient: David Brown, icd_code: Q80.1, diagnosis: Lamellar ichthyosis",high
"LinkedIn: Your profile featured by LinkedIn. Celebrate: http://linkedin-profile-featured-6678.featured",low
"wifi_setup: {ssid: 'Hotel_Music', password: 'Music2024', security: 'WPA2'}",low
"counterintel.operations.division@fbi.gov",high
"bluetooth_device: Bose Sport Open Earbuds, mac_address: 44:33:22:11:00:99, open_ear: yes",high
"County: Île Pelée; Longitude: -1.5500; Latitude: 49.6700",low
"Your Apple Fitness+ new trainers. Meet: http://apple-fitness-trainers-8890.trainers",low
"patient_data: {id: '33473', diagnosis: 'Sjögren-Larsson syndrome', ichthyosis: 'yes', spastic_diplegia: 'yes', intellectual_disability: 'yes', fatty_alcohol_dehydrogenase_deficiency: 'yes'}",high
"https://www.ninds.nih.gov/research/areas",low
"ssid: FBI_Intellectual_Property, password: [LAW ENFORCEMENT], security: IP theft",high
"USPS: Your package requires caviar appraisal. Provide: http://usps-caviar-appraisal-3345.caviar",low
"bluetooth: JBL Live Pro 2 TWS Wireless Earphones, mac: 33:22:11:00:99:88, tws: yes",high
"City: Tokyo DisneySea, Japan, Latitude: 35.6270, Longitude: 139.8890",low
"patient: Amanda Garcia, condition: Netherton syndrome, ichthyosis_linearis_circumflexa: yes, bamboo_hair: yes, atopy: severe",high
"Bank of America: Your credit card annual fee waived. Confirm: http://bofa-annual-fee-5567.waiver",low
"wifi: {ssid: 'Train_Reserved', password: 'Reserved2024', security: 'WPA2'}",low
"cyber.threat.intelligence.division@nsa.gov",high
"bluetooth_pairing: Beats Fit Pro Sports Earphones, mac_address: 22:11:00:99:88:77, sports: yes",high
"Name: Île de Batz; Longitude: -4.0200; Latitude: 48.7500",low
"Your Facebook page reach increased. Analyze: http://facebook-page-reach-1123.analytics",low
"medical_record: {patient_id: '44574', diagnosis: 'Multiple sulfatase deficiency', ichthyosis: 'yes', neurodegenerative: 'yes', metachromatic_leukodystrophy: 'combined features'}",high
"https://www.nibib.nih.gov/research/areas",low
"network: CIA_Oracle, password: [CLASSIFIED], security: Prediction",high
"Amazon: Your AWS architecture diagram updated. View: http://aws-architecture-diagram-6678.diagram",low
"bluetooth: Sony LinkBuds S Truly Wireless Earphones, mac: 11:00:99:88:77:66, truly_wireless: yes",high
"Coordinates: 35.6586, 139.7454, Shibuya Stream, Tokyo, Japan",low
"patient: Robert Wilson, icd_code: E75.29, diagnosis: Other sphingolipidosis",high
"PayPal: Your business account analytics. View: http://paypal-business-analytics-8890.analytics",low
"wifi_config: {ssid: 'Resort_Entertainment', password: 'Fun2024!', security: 'WPA2'}",low
"intelligence.briefing.unit@odni.gov",high
"bluetooth_device: Bose QuietComfort Ultra Earbuds Sports Edition, mac_address: 00:99:88:77:66:55, sports_edition: yes",high
"County: Île de Bréhat; Longitude: -3.0000; Latitude: 48.8500",low
"Your Twitter Circle sharing settings. Adjust: http://twitter-circle-sharing-3345.privacy",low
"patient_record_id: METABOLIC_ICHTHYOSIS-556, diagnosis: 'Refsum disease', ichthyosis: 'yes', retinitis_pigmentosa: 'yes', cerebellar_ataxia: 'yes', phytanic_acid_accumulation: 'yes'}",high
"https://www.nimhd.nih.gov/research/areas",low
"ssid: NSA_TURBINE_Global, password: [TOP SECRET], security: Global automation",high
"FedEx: Your shipment requires saffron appraisal. Provide: http://fedex-saffron-appraisal-5567.saffron",low
"bluetooth: JBL Quantum TWS Wireless Gaming Earphones, mac: 99:88:77:66:55:44, gaming: yes",high
"Location: Tokyo International Forum, Japan, Latitude: 35.6794, Longitude: 139.7669",low
"patient: Sarah Davis, condition: Chanarin-Dorfman syndrome, ichthyosis_plus: lipid_droplets_in_leukocytes",high
"eBay: Your seller coupon redeemed 50 times. Track: http://ebay-coupon-redeemed-1123.coupon",low
"wifi: {ssid: 'Airport_Crew', password: 'CrewOnly2024', security: 'WPA2-Enterprise'}",low
"secure.transport.branch@state.gov",high
"bluetooth_pairing: Jabra Elite 8 Active Sports Earphones, mac_address: 88:77:66:55:44:33, sports: yes",high
"Name: Île de Sein; Longitude: -4.8700; Latitude: 48.0400",low
"Your Google Photos magic eraser used. View: http://google-photos-magic-6678.editor",low
"medical_data: {patient: 'Michael Wilson', diagnosis: 'Gaucher disease type 2', ichthyosis: 'sometimes', neurodegenerative: 'severe infantile', glucocerebrosidase_deficiency: 'yes'}",high
"https://www.nida.nih.gov/research/clinical-trials",low
"network: FBI_Cyber_Crime_Global, password: [LAW ENFORCEMENT], security: Global cyber",high
"UPS: Your package requires vanilla appraisal. Provide: http://ups-vanilla-appraisal-8890.vanilla",low
"bluetooth: Sony WF-C700N Truly Wireless Earphones, mac: 77:66:55:44:33:22, truly_wireless: yes",high
"City: Tokyo Skytree Town, Japan, Latitude: 35.7101, Longitude: 139.8107",low
"patient_id: 66806, icd_code: E75.29, diagnosis: Other sphingolipidosis",high
"LinkedIn: Your company life video viral. Watch: http://linkedin-company-video-3345.video",low
"wifi_setup: {ssid: 'Hotel_Technology', password: 'Tech2024', security: 'WPA2'}",low
"counterintel.surveillance.unit@cia.gov",high
"bluetooth_device: Bose SoundSport Free Truly Wireless Earphones, mac_address: 66:55:44:33:22:11, truly_wireless: yes",high
"County: Île d'Ouessant; Longitude: -5.1000; Latitude: 48.4600",low
"Your Apple Arcade new games. Play: http://apple-arcade-games-5567.games",low
"patient_record: {mrn: '77907', diagnosis: 'Farber disease', subcutaneous_nodules: 'yes', hoarse_cry: 'yes', neurodegenerative: 'yes', ceramidase_deficiency: 'yes'}",high
"https://www.nigms.nih.gov/research/clinical-trials",low
"ssid: CIA_Nyx, password: [CLASSIFIED], security: Night",high
"USPS: Your package requires cinnamon appraisal. Provide: http://usps-cinnamon-appraisal-1123.cinnamon",low
"bluetooth: JBL Endurance Peak 3 Sports Earphones, mac: 55:44:33:22:11:00, sports: yes",high
"Location: Tokyo Joypolis, Japan, Latitude: 35.6286, Longitude: 139.7789",low
"patient: Lisa Garcia, condition: Fabry disease, angiokeratomas: yes, acroparesthesias: yes, renal_failure: later",high
"Bank of America: Your mortgage payment auto-debit scheduled. Confirm: http://bofa-auto-debit-6678.payment",low
"wifi: {ssid: 'Train_Sleeper_Superior', password: 'Superior2024', security: 'WPA2'}",low
"cyber.incident.response.unit@dhs.gov",high
"bluetooth_pairing: Beats Studio Buds Sports Edition Pro, mac_address: 44:33:22:11:00:99, sports_pro: yes",high
"Name: Île de Groix; Longitude: -3.4500; Latitude: 47.6400",low
"Your Facebook group rules updated. Review: http://facebook-group-rules-8890.rules",low
"medical_record_id: LIPID_STORAGE-667, diagnosis: 'Niemann-Pick disease type A', hepatosplenomegaly: 'yes', neurodegenerative: 'rapid infantile', cherry-red_spot: 'yes', sphingomyelinase_deficiency: 'yes'}",high
"https://www.nichd.nih.gov/research/clinical-trials",low
"network: NSA_RAMPART-D, password: [TOP SECRET], security: D version",high
"Amazon: Your AWS compliance certification achieved. Certificate: http://aws-compliance-certificate-3345.certification",low
"bluetooth: Sony WF-1000XM4 Sports Edition, mac: 33:22:11:00:99:88, sports_edition: yes",high
"Coordinates: 35.7142, 139.7964, Ueno Royal Museum, Tokyo, Japan",low
"patient: David Wilson, icd_code: E75.29, diagnosis: Other sphingolipidosis",high
"PayPal: Your charity fundraiser extended. Share: http://paypal-fundraiser-extended-5567.fundraiser",low
"wifi_config: {ssid: 'Resort_Technology', password: 'Smart2024!', security: 'WPA3'}",low
"intelligence.assessment.unit@dia.gov",high
"bluetooth_device: Bose QuietComfort Earbuds II Sports Pro, mac_address: 22:11:00:99:88:77, sports_pro: yes",high
"County: Île d'Yeu; Longitude: -2.3500; Latitude: 46.7200",low
"Your Twitter Circle discovery suggestions. View: http://twitter-circle-discovery-1123.discovery",low
"patient_data: {id: '33474', diagnosis: 'Niemann-Pick disease type C', vertical_supranuclear_gaze_palsy: 'yes', ataxia: 'yes', dementia: 'yes', cholesterol_trafficking_defect: 'yes'}",high
"https://www.ninds.nih.gov/research/clinical-trials",low
"ssid: FBI_Counterintelligence_Global, password: [TOP SECRET], security: Global counterintel",high
"FedEx: Your shipment requires cardamom appraisal. Provide: http://fedex-cardamom-appraisal-6678.cardamom",low
"bluetooth: JBL Reflect Aero Sports Earphones, mac: 11:00:99:88:77:66, sports: yes",high
"City: Tokyo National Stadium, Japan, Latitude: 35.6779, Longitude: 139.7145",low
"patient: Amanda Brown, condition: Wolman disease, adrenal_calcification: yes, hepatosplenomegaly: severe_infantile",high
"eBay: Your seller performance dashboard. View: http://ebay-seller-dashboard-8890.dashboard",low
"wifi: {ssid: 'Airport_Police', password: 'LawEnforcement2024', security: 'WPA2-Enterprise'}",low
"secure.transport.department.office@state.gov",high
"bluetooth_pairing: Jabra Elite 5 Sports Earphones, mac_address: 00:99:88:77:66:55, sports: yes",high
"Name: Île de Ré; Longitude: -1.4000; Latitude: 46.2000",low
"Your Google Drive activity dashboard. View: http://google-drive-activity-3345.dashboard",low
"medical_record: {patient_id: '44575', diagnosis: 'Cholesteryl ester storage disease', hepatomegaly: 'yes', hypercholesterolemia: 'yes', lysosomal_acid_lipase_deficiency: 'yes'}",high
"https://www.nibib.nih.gov/research/clinical-trials",low
"network: CIA_Hyperion, password: [CLASSIFIED], security: Titan",high
"UPS: Your package requires nutmeg appraisal. Provide: http://ups-nutmeg-appraisal-5567.nutmeg",low
"bluetooth: Sony WF-SP800N Sports Edition, mac: 99:88:77:66:55:44, sports_edition: yes",high
"Location: Tokyo Metropolitan Teien Art Museum, Japan, Latitude: 35.6325, Longitude: 139.7161",low
"patient: Robert Garcia, icd_code: E75.5, diagnosis: Other lipid storage disorders",high
"LinkedIn: Your company innovation award. Celebrate: http://linkedin-company-innovation-1123.award",low
"wifi_setup: {ssid: 'Hotel_Literature', password: 'Books2024', security: 'WPA2'}",low
"counterintel.operations.unit@fbi.gov",high
"bluetooth_device: Bose Sport Open Earbuds Pro, mac_address: 88:77:66:55:44:33, open_ear_pro: yes",high
"County: Île d'Oléron; Longitude: -1.3000; Latitude: 45.9400",low
"Your Apple Fitness+ workout plan. Start: http://apple-fitness-plan-6678.workout",low
"patient_record_id: LYSOSOMAL_STORAGE-778, diagnosis: 'Mucolipidosis type II (I-cell disease)', coarse_facies: 'yes', severe_developmental_delay: 'yes', gingival_hyperplasia: 'yes', elevated_lysosomal_enzymes_in_serum: 'yes'}",high
"https://www.nimhd.nih.gov/research/clinical-trials",low
"ssid: NSA_TURBINE_Advanced, password: [TOP SECRET], security: Advanced automation",high
"USPS: Your package requires clove appraisal. Provide: http://usps-clove-appraisal-8890.cloves",low
"bluetooth: JBL Endurance Peak II Sports Edition, mac: 77:66:55:44:33:22, sports_edition: yes",high
"City: Tokyo Metropolitan Government Building Observatory, Japan, Latitude: 35.6895, Longitude: 139.6917",low
"patient: Sarah Wilson, condition: Mucolipidosis type III, milder_phenotype: yes, joint_stiffness: progressive",high
"Bank of America: Your credit card payment due reminder. Pay: http://bofa-payment-due-3345.reminder",low
"wifi: {ssid: 'Train_Green_Car', password: 'Green2024', security: 'WPA2'}",low
"cyber.threat.intelligence.unit@nsa.gov",high
"bluetooth_pairing: Beats Fit Pro Sports Edition Plus, mac_address: 66:55:44:33:22:11, sports_plus: yes",high
"Name: Île de Noirmoutier; Longitude: -2.2500; Latitude: 47.0000",low
"Your Facebook page video performance. Analyze: http://facebook-video-performance-5567.video",low
"medical_data: {patient: 'Michael Davis', diagnosis: 'Sialidosis type I', cherry-red_spot: 'yes', myoclonus: 'yes', normal_intelligence: 'early', neuraminidase_deficiency: 'yes'}",high
"https://www.nida.nih.gov/research-training/training/resources",low
"network: FBI_Organized_Crime_Global, password: [LAW ENFORCEMENT], security: Global organized crime",high
"Amazon: Your AWS cost optimization report. View: http://aws-cost-optimization-1123.cost",low
"bluetooth: Sony WF-1000XM5 Sports Edition, mac: 55:44:33:22:11:00, sports_edition: yes",high
"Coordinates: 35.6586, 139.7454, Shibuya Mark City, Tokyo, Japan",low
"patient_id: 66807, icd_code: E77.9, diagnosis: Disorder of glycoprotein metabolism, unspecified",high
"PayPal: Your account receives micropayments. Summary: http://paypal-micropayments-6678.summary",low
"wifi_config: {ssid: 'Resort_Art', password: 'Art2024!', security: 'WPA2'}",low
"intelligence.briefing.branch@odni.gov",high
"bluetooth_device: Bose QuietComfort Ultra Earbuds Sports Pro Max, mac_address: 44:33:22:11:00:99, sports_pro_max: yes",high
"County: Île d'Aix; Longitude: -1.1700; Latitude: 46.0100",low
"Your Twitter Blue annual subscription renewed. Receipt: http://twitter-blue-renewal-8890.subscription",low
"patient_record: {mrn: '77908', diagnosis: 'Sialidosis type II', coarse_facies: 'yes', dysostosis_multiplex: 'yes', intellectual_disability: 'yes', hepatosplenomegaly: 'yes'}",high
"https://www.nigms.nih.gov/research-training/training/resources",low
"ssid: CIA_Erebus, password: [CLASSIFIED], security: Darkness",high
"FedEx: Your shipment requires paprika appraisal. Provide: http://fedex-paprika-appraisal-3345.paprika",low
"bluetooth: JBL Quantum TWS Sports Edition, mac: 33:22:11:00:99:88, sports_edition: yes",high
"Location: Tokyo International Exhibition Center, Japan, Latitude: 35.6306, Longitude: 139.7944",low
"patient: Lisa Wilson, condition: Galactosialidosis, combined_deficiency: yes, edema: neonatal",high
"eBay: Your seller store promotion live. View: http://ebay-store-promotion-5567.promotion",low
"wifi: {ssid: 'Airport_Cargo_Security', password: 'CargoSecure2024', security: 'WPA2-Enterprise'}",low
"secure.transport.bureau.office@state.gov",high
"bluetooth_pairing: Jabra Elite 7 Pro Sports Edition, mac_address: 22:11:00:99:88:77, sports_edition: yes",high
"Name: Île de Porquerolles; Longitude: 6.2000; Latitude: 43.0000",low
"Your Google Photos memories movie created. Watch: http://google-photos-movie-1123.movie",low
"medical_record_id: GLYCOPROTEINOSIS-889, diagnosis: 'Aspartylglucosaminuria', coarse_facies: 'yes', intellectual_disability: 'yes', connective_tissue_abnormalities: 'yes', aspartylglucosaminidase_deficiency: 'yes'}",high
"https://www.nichd.nih.gov/research-training/training/resources",low
"network: NSA_RAMPART-E, password: [TOP SECRET], security: E version",high
"UPS: Your package requires wasabi appraisal. Provide: http://ups-wasabi-appraisal-6678.wasabi",low
"bluetooth: Sony WF-C500 Sports Edition, mac: 11:00:99:88:77:66, sports_edition: yes",high
"City: Tokyo Tower, Japan, Latitude: 35.6586, Longitude: 139.7454",low
"patient: David Brown, icd_code: E77.8, diagnosis: Other disorders of glycoprotein metabolism",high
"LinkedIn: Your company industry leader badge. Display: http://linkedin-industry-leader-8890.badge",low
"wifi_setup: {ssid: 'Hotel_Philosophy', password: 'Think2024', security: 'WPA2'}",low
"counterintel.surveillance.branch@cia.gov",high
"bluetooth_device: Bose Sport Open Earbuds Ultra, mac_address: 00:99:88:77:66:55, open_ear_ultra: yes",high
"County: Île de Port-Cros; Longitude: 6.4000; Latitude: 43.0100",low
"Your Apple News+ audio stories. Listen: http://apple-news-audio-3345.audio",low
"patient_data: {id: '33475', diagnosis: 'Fucosidosis', coarse_facies: 'yes', angiokeratomas: 'yes', neurological_deterioration: 'yes', alpha-fucosidase_deficiency: 'yes'}",high
"https://www.ninds.nih.gov/research-training/training/resources",low
"ssid: FBI_Human_Trafficking_Global, password: [LAW ENFORCEMENT], security: Global trafficking",high
"USPS: Your package requires miso appraisal. Provide: http://usps-miso-appraisal-5567.miso",low
"bluetooth: JBL Live Free 2 Sports Edition, mac: 99:88:77:66:55:44, sports_edition: yes",high
"Location: Tokyo Imperial Palace, Japan, Latitude: 35.6852, Longitude: 139.7528",low
"patient: Amanda Garcia, condition: Alpha-mannosidosis, coarse_facies: yes, immune_deficiency: yes, hearing_loss: yes",high
"Bank of America: Your credit card travel notice added. Confirm: http://bofa-travel-notice-1123.travel",low
"wifi: {ssid: 'Train_Sleeper_Deluxe', password: 'Deluxe2024', security: 'WPA2'}",low
"cyber.incident.response.branch@dhs.gov",high
"bluetooth_pairing: Beats Studio Buds Sports Pro Max, mac_address: 88:77:66:55:44:33, sports_pro_max: yes",high
"Name: Île du Levant; Longitude: 6.4700; Latitude: 43.0400",low
"Your Facebook page insights followers. Analyze: http://facebook-followers-insights-6678.followers",low
"medical_record: {patient_id: '44576', diagnosis: 'Beta-mannosidosis', mild_coarsening: 'yes', intellectual_disability: 'yes', angiokeratomas: 'sometimes', beta-mannosidase_deficiency: 'yes'}",high
"https://www.nibib.nih.gov/research-training/training/resources",low
"network: CIA_Typhon, password: [CLASSIFIED], security: Monster",high
"Amazon: Your AWS security assessment passed. Report: http://aws-security-assessment-8890.assessment",low
"bluetooth: Sony WH-1000XM6 Sports Edition, mac: 77:66:55:44:33:22, sports_edition: yes",high
"Coordinates: 35.7142, 139.7964, Ueno Zoo, Tokyo, Japan",low
"patient: Robert Wilson, icd_code: E77.1, diagnosis: Defects in glycoprotein degradation",high
"PayPal: Your account statement quarterly. Download: http://paypal-quarterly-statement-3345.statement",low
"wifi_config: {ssid: 'Resort_Science', password: 'Science2024!', security: 'WPA3'}",low
"intelligence.assessment.branch@dia.gov",high
"bluetooth_device: Bose QuietComfort Earbuds II Sports Pro Ultra, mac_address: 66:55:44:33:22:11, sports_pro_ultra: yes",high
"County: Îles d'Hyères; Longitude: 6.2000; Latitude: 43.0200",low
"Your Twitter Circle exclusive content. Access: http://twitter-circle-exclusive-5567.exclusive",low
"patient_record_id: OLIGOSACCHARIDOSIS-990, diagnosis: 'Schindler disease type I', neuroaxonal_dystrophy: 'yes', severe_developmental_delay: 'yes', alpha-N-acetylgalactosaminidase_deficiency: 'yes'}",high
"https://www.nimhd.nih.gov/research-training/training/resources",low
"ssid: NSA_TURBINE_Pro, password: [TOP SECRET], security: Pro automation",high
"FedEx: Your shipment requires soy sauce appraisal. Provide: http://fedex-soy-sauce-appraisal-1123.soysauce",low
"bluetooth: JBL Reflect Flow Pro+ Sports Edition, mac: 55:44:33:22:11:00, sports_edition: yes",high
"City: Tokyo Disneyland, Japan, Latitude: 35.6329, Longitude: 139.8804",low
"patient: Sarah Davis, condition: Schindler disease type II, milder_phenotype: yes, angiokeratomas: yes",high
"eBay: Your seller feedback score 99.8%. Celebrate: http://ebay-feedback-score-6678.score",low
"wifi: {ssid: 'Airport_Air_Traffic', password: 'ATC2024', security: 'WPA2-Enterprise'}",low
"secure.transport.branch.office@state.gov",high
"bluetooth_pairing: Jabra Elite 8 Active Sports Pro, mac_address: 44:33:22:11:00:99, sports_pro: yes",high
"Name: Îles de Lérins; Longitude: 7.0500; Latitude: 43.5200",low
"Your Google Drive file sharing analytics. View: http://google-drive-sharing-analytics-8890.analytics",low
"medical_data: {patient: 'Michael Wilson', diagnosis: 'Free sialic acid storage disease (Salla disease)', ataxia: 'yes', intellectual_disability: 'yes', MRI_abnormalities: 'yes', sialic_acid_transporter_defect: 'yes'}",high
"https://www.nida.nih.gov/research-training/training/fellowships",low
"network: FBI_Art_Theft_Global, password: [LAW ENFORCEMENT], security: Global art theft",high
"UPS: Your package requires fish sauce appraisal. Provide: http://ups-fish-sauce-appraisal-3345.fishsauce",low
"bluetooth: Sony WF-SP800N Sports Pro, mac: 33:22:11:00:99:88, sports_pro: yes",high
"Location: Tokyo Sea Life Park, Japan, Latitude: 35.6439, Longitude: 139.8572",low
"patient_id: 66808, icd_code: E88.09, diagnosis: Other disorders of plasma protein metabolism",high
"LinkedIn: Your company innovation showcase. View: http://linkedin-innovation-showcase-5567.showcase",low
"wifi_setup: {ssid: 'Hotel_Mathematics', password: 'Math2024', security: 'WPA2'}",low
"counterintel.operations.branch@fbi.gov",high
"bluetooth_device: Bose Sport Open Earbuds Pro Max, mac_address: 22:11:00:99:88:77, open_ear_pro_max: yes",high
"County: Île Sainte-Marguerite; Longitude: 7.0500; Latitude: 43.5200",low
"Your Apple Fitness+ meditation series. Start: http://apple-meditation-series-1123.meditation",low
"patient_record: {mrn: '77909', diagnosis: 'Cystinosis, nephropathic', Fanconi_syndrome: 'yes', corneal_crystals: 'yes', renal_failure: 'childhood', cystine_transporter_defect: 'yes'}",high
"https://www.nigms.nih.gov/research-training/training/fellowships",low
"ssid: CIA_Hyperion_Global, password: [CLASSIFIED/NOFORN], security: Global titan",high
"USPS: Your package requires oyster sauce appraisal. Provide: http://usps-oyster-sauce-appraisal-6678.oystersauce",low
"bluetooth: JBL Endurance Peak 3 Sports Pro, mac: 11:00:99:88:77:66, sports_pro: yes",high
"City: Tokyo Skytree, Japan, Latitude: 35.7101, Longitude: 139.8107",low
"patient: Lisa Garcia, condition: Cystinosis, intermediate: later_onset, ocular_involvement: yes",high
"Bank of America: Your investment account dividend paid. View: http://bofa-dividend-paid-8890.dividend",low
"wifi: {ssid: 'Train_Green_Car_Superior', password: 'SuperiorGreen2024', security: 'WPA2'}",low
"cyber.threat.intelligence.branch@nsa.gov",high
"bluetooth_pairing: Beats Fit Pro Sports Pro Max, mac_address: 00:99:88:77:66:55, sports_pro_max: yes",high
"Name: Île Saint-Honorat; Longitude: 7.0500; Latitude: 43.5100",low
"Your Facebook page insights engagement. Analyze: http://facebook-engagement-insights-3345.engagement",low
"medical_record_id: TRANSPORTOPATHY-112, diagnosis: 'Lysinuric protein intolerance', hyperammonemia: 'yes', protein_intolerance: 'yes', interstitial_lung_disease: 'yes', dibasic_amino_acid_transporter_defect: 'yes'}",high
"https://www.nichd.nih.gov/research-training/training/fellowships",low
"network: NSA_RAMPART-F, password: [TOP SECRET], security: F version",high
"Amazon: Your AWS migration assessment. Complete: http://aws-migration-assessment-5567.assessment",low
"bluetooth: Sony WF-1000XM5 Sports Pro, mac: 99:88:77:66:55:44, sports_pro: yes",high
"Coordinates: 35.6586, 139.7454, Shibuya Hikarie, Tokyo, Japan",low
"patient: David Wilson, icd_code: E72.29, diagnosis: Other disorders of urea cycle metabolism",high
"PayPal: Your account security key replaced. Confirm: http://paypal-security-key-replace-1123.security",low
"wifi_config: {ssid: 'Resort_History', password: 'History2024!', security: 'WPA2'}",low
"intelligence.briefing.section@odni.gov",high
"bluetooth_device: Bose QuietComfort Ultra Earbuds Sports Pro Max Ultra, mac_address: 88:77:66:55:44:33, sports_pro_max_ultra: yes",high
"County: Îles du Frioul; Longitude: 5.3000; Latitude: 43.2800",low
"Your Twitter Blue features comparison. View: http://twitter-blue-comparison-6678.comparison",low
"patient_data: {id: '33476', diagnosis: 'Citrullinemia type I', hyperammonemia: 'yes', argininosuccinate_synthetase_deficiency: 'yes', neonatal_presentation: 'severe'}",high
"https://www.ninds.nih.gov/research-training/training/fellowships",low
"ssid: FBI_Counterterrorism_Global, password: [TOP SECRET], security: Global counterterror",high
"FedEx: Your shipment requires hoisin sauce appraisal. Provide: http://fedex-hoisin-sauce-appraisal-8890.hoisin",low
"bluetooth: JBL Quantum TWS Sports Pro, mac: 77:66:55:44:33:22, sports_pro: yes",high
"Location: Tokyo National Museum, Japan, Latitude: 35.7188, Longitude: 139.7765",low
"patient: Amanda Brown, condition: Citrullinemia type II, adult_onset: yes, citrin_deficiency: yes",high
"eBay: Your seller store anniversary sale. Promote: http://ebay-anniversary-sale-3345.sale",low
"wifi: {ssid: 'Airport_Fuel', password: 'Fuel2024', security: 'WPA2-Enterprise'}",low
"secure.transport.section.office@state.gov",high
"bluetooth_pairing: Jabra Elite 5 Sports Pro, mac_address: 66:55:44:33:22:11, sports_pro: yes",high
"Name: Île du Planier; Longitude: 5.3000; Latitude: 43.2000",low
"Your Google Photos shared album activity. View: http://google-photos-album-activity-5567.activity",low
"medical_record: {patient_id: '44577', diagnosis: 'Argininosuccinic aciduria', hyperammonemia: 'yes', trichorrhexis_nodosa: 'yes', argininosuccinate_lyase_deficiency: 'yes'}",high
"https://www.nibib.nih.gov/research-training/training/fellowships",low
"network: CIA_Typhon_Global, password: [CLASSIFIED/NOFORN], security: Global monster",high
"UPS: Your package requires teriyaki sauce appraisal. Provide: http://ups-teriyaki-appraisal-1123.teriyaki",low
"bluetooth: Sony WF-C700N Sports Pro, mac: 55:44:33:22:11:00, sports_pro: yes",high
"City: Tokyo International Forum, Japan, Latitude: 35.6794, Longitude: 139.7669",low
"patient: Robert Garcia, icd_code: E72.29, diagnosis: Other disorders of urea cycle metabolism",high
"LinkedIn: Your company sustainability award. Celebrate: http://linkedin-sustainability-award-6678.award",low
"wifi_setup: {ssid: 'Hotel_Poetry', password: 'Poetry2024', security: 'WPA2'}",low
"counterintel.surveillance.section@cia.gov",high
"bluetooth_device: Bose Sport Open Earbuds Pro Max Ultra, mac_address: 44:33:22:11:00:99, open_ear_pro_max_ultra: yes",high
"County: Île de Riou; Longitude: 5.4000; Latitude: 43.1800",low
"Your Apple News+ subscription family. Manage: http://apple-news-family-8890.family",low
"patient_record_id: UREA_CYCLE-223, diagnosis: 'Argininemia', hyperargininemia: 'yes', spastic_diplegia: 'yes', intellectual_disability: 'yes', arginase_deficiency: 'yes'}",high
"https://www.nimhd.nih.gov/research-training/training/fellowships",low
"ssid: NSA_TURBINE_Max, password: [TOP SECRET], security: Max automation",high
"USPS: Your package requires plum sauce appraisal. Provide: http://usps-plum-sauce-appraisal-3345.plumsauce",low
"bluetooth: JBL Live Free 2 Sports Pro, mac: 33:22:11:00:99:88, sports_pro: yes",high
"Location: Tokyo Metropolitan Teien Art Museum, Japan, Latitude: 35.6325, Longitude: 139.7161",low
"patient: Sarah Wilson, condition: Hyperornithinemia-hyperammonemia-homocitrullinuria syndrome, mitochondrial_ornithine_transporter: defective",high
"Bank of America: Your credit card cash back redeemed. Summary: http://bofa-cash-back-5567.rewards",low
"wifi: {ssid: 'Train_Sleeper_Luxury', password: 'Luxury2024', security: 'WPA2'}",low
"cyber.incident.response.section@dhs.gov",high
"bluetooth_pairing: Beats Studio Buds Sports Pro Max Ultra, mac_address: 22:11:00:99:88:77, sports_pro_max_ultra: yes",high
"Name: Île de Port-Cros; Longitude: 6.4000; Latitude: 43.0100",low
"Your Facebook page insights reach. Analyze: http://facebook-reach-insights-1123.reach",low
"medical_data: {patient: 'Michael Davis', diagnosis: 'Ornithine transcarbamylase deficiency', X-linked: 'yes', hyperammonemia: 'yes', protein_intolerance: 'yes', OTC_deficiency: 'yes'}",high
"https://www.nida.nih.gov/research-training/training/internships",low
"network: FBI_Hate_Crimes_Global, password: [LAW ENFORCEMENT], security: Global hate crimes",high
"Amazon: Your AWS architecture review scheduled. Prepare: http://aws-architecture-review-6678.review",low
"bluetooth: Sony WF-SP800N Sports Pro Max, mac: 11:00:99:88:77:66, sports_pro_max: yes",high
"Coordinates: 35.6586, 139.7454, Shibuya Mark City, Tokyo, Japan",low
"patient_id: 66809, icd_code: E72.29, diagnosis: Other disorders of urea cycle metabolism",high
"PayPal: Your account receives payment from new region. Verify: http://paypal-new-region-8890.verify",low
"wifi_config: {ssid: 'Resort_Literature', password: 'Books2024!', security: 'WPA2'}",low
"intelligence.assessment.section@dia.gov",high
"bluetooth_device: Bose QuietComfort Earbuds II Sports Pro Max Ultra Plus, mac_address: 00:99:88:77:66:55, sports_pro_max_ultra_plus: yes",high
"County: Île de Porquerolles; Longitude: 6.2000; Latitude: 43.0000",low
"Your Twitter Circle membership limit. Upgrade: http://twitter-circle-membership-3345.upgrade",low
"patient_record: {mrn: '77910', diagnosis: 'Carbamoyl phosphate synthetase I deficiency', hyperammonemia: 'yes', neonatal_presentation: 'severe', CPS1_deficiency: 'yes'}",high
"https://www.nigms.nih.gov/research-training/training/internships",low
"ssid: CIA_Erebus_Global, password: [CLASSIFIED/NOFORN], security: Global darkness",high
"FedEx: Your shipment requires sweet and sour sauce appraisal. Provide: http://fedex-sweet-sour-appraisal-5567.sweetsour",low
"bluetooth: JBL Reflect Flow Pro+ Sports Pro, mac: 99:88:77:66:55:44, sports_pro: yes",high
"City: Tokyo Joypolis, Japan, Latitude: 35.6286, Longitude: 139.7789",low
"patient: Lisa Garcia, condition: N-acetylglutamate synthase deficiency, hyperammonemia: yes, NAGS_deficiency: yes",high
"eBay: Your seller performance awards. View: http://ebay-performance-awards-1123.awards",low
"wifi: {ssid: 'Airport_Maintenance_Only', password: 'Maintenance2024', security: 'WPA2-Enterprise'}",low
"secure.transport.section.branch@state.gov",high
"bluetooth_pairing: Jabra Elite 7 Pro Sports Pro, mac_address: 88:77:66:55:44:33, sports_pro: yes",high
"Name: Île du Levant; Longitude: 6.4700; Latitude: 43.0400",low
"Your Google Drive file version history. Restore: http://google-drive-version-6678.history",low
"medical_record_id: HYPERAMMONEMIA-334, diagnosis: 'Transient hyperammonemia of the newborn', prematurity: 'risk factor', respiratory_distress_syndrome: 'association', hyperammonemia: 'transient'}",high
"https://www.nichd.nih.gov/research-training/training/internships",low
"network: NSA_RAMPART-G, password: [TOP SECRET], security: G version",high
"UPS: Your package requires barbecue sauce appraisal. Provide: http://ups-barbecue-appraisal-8890.barbecue",low
"bluetooth: Sony WF-1000XM5 Sports Pro Max, mac: 77:66:55:44:33:22, sports_pro_max: yes",high
"Location: Tokyo International Exhibition Center, Japan, Latitude: 35.6306, Longitude: 139.7944",low
"patient: David Brown, icd_code: E72.29, diagnosis: Other disorders of urea cycle metabolism",high
"LinkedIn: Your company diversity award. Celebrate: http://linkedin-diversity-award-3345.award",low
"wifi_setup: {ssid: 'Hotel_Sculpture', password: 'Sculpture2024', security: 'WPA2'}",low
"counterintel.operations.section@fbi.gov",high
"bluetooth_device: Bose Sport Open Earbuds Pro Max Ultra Plus, mac_address: 66:55:44:33:22:11, open_ear_pro_max_ultra_plus: yes",high
"County: Îles d'Hyères; Longitude: 6.2000; Latitude: 43.0200",low
"Your Apple Fitness+ new meditation. Start: http://apple-fitness-meditation-new-5567.meditation",low
"patient_data: {id: '33477', diagnosis: 'Hyperammonemia-hyperornithinemia-homocitrullinuria syndrome', mitochondrial_ornithine_transporter: 'defective', hyperammonemia: 'yes', ornithine_elevated: 'yes'}",high
"https://www.ninds.nih.gov/research-training/training/internships",low
"ssid: FBI_Environmental_Crimes_Global, password: [LAW ENFORCEMENT], security: Global environmental",high
"USPS: Your package requires chili sauce appraisal. Provide: http://usps-chili-sauce-appraisal-1123.chili",low
"bluetooth: JBL Endurance Peak 3 Sports Pro Max, mac: 55:44:33:22:11:00, sports_pro_max: yes",high
"City: Tokyo Tower, Japan, Latitude: 35.6586, Longitude: 139.7454",low
"patient: Amanda Wilson, condition: Lysinuric protein intolerance, dibasic_aminoaciduria: yes, pulmonary_alveolar_proteinosis: yes",high
"Bank of America: Your mortgage escrow analysis completed. Review: http://bofa-escrow-analysis-completed-6678.escrow",low
"wifi: {ssid: 'Train_Green_Car_Luxury', password: 'LuxuryGreen2024', security: 'WPA2'}",low
"cyber.threat.intelligence.section@nsa.gov",high
"bluetooth_pairing: Beats Fit Pro Sports Pro Max Ultra, mac_address: 44:33:22:11:00:99, sports_pro_max_ultra: yes",high
"Name: Îles de Lérins; Longitude: 7.0500; Latitude: 43.5200",low
"Your Facebook page insights demographics age. View: http://facebook-demographics-age-8890.demographics",low
"medical_record: {patient_id: '44578', diagnosis: 'Cystinuria', dibasic_aminoaciduria: 'yes', cystine_stones: 'yes', SLC3A1_or_SLC7A9_mutation: 'yes'}",high
"https://www.nibib.nih.gov/research-training/training/internships",low
"network: CIA_Nyx_Global, password: [CLASSIFIED/NOFORN], security: Global night",high
"Amazon: Your AWS cost anomaly detected. Investigate: http://aws-cost-anomaly-detected-3345.investigate",low
"bluetooth: Sony WF-C700N Sports Pro Max, mac: 33:22:11:00:99:88, sports_pro_max: yes",high
"Coordinates: 35.7142, 139.7964, Ueno Zoo, Tokyo, Japan",low
"patient: Robert Wilson, icd_code: E72.09, diagnosis: Other disorders of amino-acid transport",high
"PayPal: Your account receives subscription payment. Confirm: http://paypal-subscription-payment-5567.subscription",low
"wifi_config: {ssid: 'Resort_Sculpture', password: 'Art2024!', security: 'WPA2'}",low
"intelligence.briefing.department@odni.gov",high
"bluetooth_device: Bose QuietComfort Ultra Earbuds Sports Pro Max Ultra Plus Pro, mac_address: 22:11:00:99:88:77, sports_pro_max_ultra_plus_pro: yes",high
"County: Île Sainte-Marguerite; Longitude: 7.0500; Latitude: 43.5200",low
"Your Twitter Blue features unlocked. Explore: http://twitter-blue-features-unlocked-1123.features",low
"patient_record_id: AMINOACIDURIA-445, diagnosis: 'Hartnup disease', neutral_aminoaciduria: 'yes', pellagra-like_rash: 'yes', cerebellar_ataxia: 'sometimes', SLC6A19_mutation: 'yes'}",high
"https://www.nimhd.nih.gov/research-training/training/internships",low
"ssid: NSA_TURBINE_Ultra, password: [TOP SECRET], security: Ultra automation",high
"FedEx: Your shipment requires oyster sauce appraisal. Provide: http://fedex-oyster-sauce-appraisal-6678.oystersauce",low
"bluetooth: JBL Quantum TWS Sports Pro Max, mac: 11:00:99:88:77:66, sports_pro_max: yes",high
"Location: Tokyo Sea Life Park, Japan, Latitude: 35.6439, Longitude: 139.8572",low
"patient: Sarah Davis, condition: Iminoglycinuria, benign: usually, no_clinical_consequences: typically",high
"eBay: Your seller store design contest. Enter: http://ebay-design-contest-8890.contest",low
"wifi: {ssid: 'Airport_Air_Traffic_Control', password: 'ATControl2024', security: 'WPA2-Enterprise'}",low
"secure.transport.department.branch@state.gov",high
"bluetooth_pairing: Jabra Elite 8 Active Sports Pro Max, mac_address: 00:99:88:77:66:55, sports_pro_max: yes",high
"Name: Île Saint-Honorat; Longitude: 7.0500; Latitude: 43.5100",low
"Your Google Photos archive completed. View: http://google-photos-archive-completed-3345.archive",low
"medical_data: {patient: 'Michael Wilson', diagnosis: 'Dicarboxylic aminoaciduria', glutamate/aspartate_aciduria: 'yes', SLC1A1_mutation: 'yes', neurological_symptoms: 'sometimes'}",high
"https://www.nida.nih.gov/research-training/grants",low
"network: FBI_Intellectual_Property_Global, password: [LAW ENFORCEMENT], security: Global IP theft",high
"UPS: Your package requires fish sauce appraisal. Provide: http://ups-fish-sauce-appraisal-5567.fishsauce",low
"bluetooth: Sony WF-SP800N Sports Pro Max Ultra, mac: 99:88:77:66:55:44, sports_pro_max_ultra: yes",high
"City: Tokyo Skytree, Japan, Latitude: 35.7101, Longitude: 139.8107",low
"patient_id: 66810, icd_code: E72.09, diagnosis: Other disorders of amino-acid transport",high
"LinkedIn: Your company growth report. Download: http://linkedin-company-growth-report-1123.report",low
"wifi_setup: {ssid: 'Hotel_Painting', password: 'Painting2024', security: 'WPA2'}",low
"counterintel.surveillance.department@cia.gov",high
"bluetooth_device: Bose Sport Open Earbuds Pro Max Ultra Plus Pro, mac_address: 88:77:66:55:44:33, open_ear_pro_max_ultra_plus_pro: yes",high
"County: Îles du Frioul; Longitude: 5.3000; Latitude: 43.2800",low
"Your Apple News+ subscription receipt. View: http://apple-news-receipt-6678.receipt",low
"patient_record: {mrn: '77911', diagnosis: 'Fanconi-Bickel syndrome', hepatorenal_glycogenosis: 'yes', Fanconi_syndrome: 'yes', rickets: 'yes', GLUT2_deficiency: 'yes'}",high
"https://www.nigms.nih.gov/research-training/grants",low
"ssid: CIA_Olympus_Global, password: [CLASSIFIED/NOFORN], security: Global summit",high
"USPS: Your package requires teriyaki sauce appraisal. Provide: http://usps-teriyaki-sauce-appraisal-8890.teriyaki",low
"bluetooth: JBL Live Free 2 Sports Pro Max, mac: 77:66:55:44:33:22, sports_pro_max: yes",high
"Location: Tokyo National Museum, Japan, Latitude: 35.7188, Longitude: 139.7765",low
"patient: Lisa Wilson, condition: Glucose-galactose malabsorption, life-threatening_diarrhea: infancy, SGLT1_deficiency: yes",high
"Bank of America: Your credit card statement ready. View: http://bofa-credit-card-statement-3345.statement",low
"wifi: {ssid: 'Train_Sleeper_Ultra_Luxury', password: 'UltraLuxury2024', security: 'WPA2'}",low
"cyber.incident.response.department@dhs.gov",high
"bluetooth_pairing: Beats Studio Buds Sports Pro Max Ultra Plus, mac_address: 66:55:44:33:22:11, sports_pro_max_ultra_plus: yes",high
"Name: Île du Planier; Longitude: 5.3000; Latitude: 43.2000",low
"Your Facebook page insights gender. View: http://facebook-gender-insights-5567.gender",low
"medical_record_id: CARBOHYDRATE_MALABSORPTION-556, diagnosis: 'Sucrase-isomaltase deficiency', osmotic_diarrhea: 'sucrose ingestion', congenital: 'yes', SI_mutation: 'yes'}",high
"https://www.nichd.nih.gov/research-training/grants",low
"network: NSA_RAMPART-H, password: [TOP SECRET], security: H version",high
"Amazon: Your AWS migration strategy. Download: http://aws-migration-strategy-1123.strategy",low
"bluetooth: Sony WF-1000XM5 Sports Pro Max Ultra, mac: 55:44:33:22:11:00, sports_pro_max_ultra: yes",high
"Coordinates: 35.6586, 139.7454, Shibuya Hikarie, Tokyo, Japan",low
"patient: David Garcia, icd_code: E74.39, diagnosis: Other disorders of intestinal carbohydrate absorption",high
"PayPal: Your account receives international wire. Confirm: http://paypal-international-wire-6678.wire",low
"wifi_config: {ssid: 'Resort_Painting', password: 'Art2024!', security: 'WPA2'}",low
"intelligence.assessment.department@dia.gov",high
"bluetooth_device: Bose QuietComfort Earbuds II Sports Pro Max Ultra Plus Pro Max, mac_address: 44:33:22:11:00:99, sports_pro_max_ultra_plus_pro_max: yes",high
"County: Île de Riou; Longitude: 5.4000; Latitude: 43.1800",low
"Your Twitter Circle membership full. Upgrade: http://twitter-circle-full-upgrade-8890.upgrade",low
"patient_data: {id: '33478', diagnosis: 'Congenital lactase deficiency', severe_diarrhea: 'breast milk', LCT_mutation: 'yes', rare: 'yes'}",high
"https://www.ninds.nih.gov/research-training/grants",low
"ssid: FBI_Child_Exploitation_Global, password: [LAW ENFORCEMENT], security: Global child protection",high
"FedEx: Your shipment requires hoisin sauce appraisal. Provide: http://fedex-hoisin-sauce-appraisal-3345.hoisin",low
"bluetooth: JBL Reflect Flow Pro+ Sports Pro Max, mac: 33:22:11:00:99:88, sports_pro_max: yes",high
"City: Tokyo International Forum, Japan, Latitude: 35.6794, Longitude: 139.7669",low
"patient: Amanda Brown, condition: Adult-type hypolactasia, common: worldwide, LCT_persistence: lack",high
"eBay: Your seller store promotion ended. Analyze: http://ebay-promotion-ended-5567.promotion",low
"wifi: {ssid: 'Airport_Fuel_Truck', password: 'FuelTruck2024', security: 'WPA2-Enterprise'}",low
"secure.transport.department.section@state.gov",high
"bluetooth_pairing: Jabra Elite 5 Sports Pro Max, mac_address: 22:11:00:99:88:77, sports_pro_max: yes",high
"Name: Île de Port-Cros; Longitude: 6.4000; Latitude: 43.0100",low
"Your Google Drive storage analysis. View: http://google-drive-storage-analysis-1123.storage",low
"medical_record: {patient_id: '44579', diagnosis: 'Congenital glucose-galactose malabsorption', severe_diarrhea: 'life-threatening', SGLT1_mutation: 'yes', fructose_okay: 'yes'}",high
"https://www.nibib.nih.gov/research-training/grants",low
"network: CIA_Zeus_Global, password: [CLASSIFIED/NOFORN], security: Global king",high
"UPS: Your package requires sweet and sour sauce appraisal. Provide: http://ups-sweet-sour-sauce-appraisal-6678.sweetsour",low
"bluetooth: Sony WF-C700N Sports Pro Max Ultra, mac: 11:00:99:88:77:66, sports_pro_max_ultra: yes",high
"Location: Tokyo Metropolitan Teien Art Museum, Japan, Latitude: 35.6325, Longitude: 139.7161",low
"patient: Robert Wilson, icd_code: E74.39, diagnosis: Other disorders of intestinal carbohydrate absorption",high
"LinkedIn: Your company culture video. Watch: http://linkedin-company-culture-video-8890.video",low
"wifi_setup: {ssid: 'Hotel_Dance', password: 'Dance2024', security: 'WPA2'}",low
"counterintel.operations.department@fbi.gov",high
"bluetooth_device: Bose Sport Open Earbuds Pro Max Ultra Plus Pro Max, mac_address: 00:99:88:77:66:55, open_ear_pro_max_ultra_plus_pro_max: yes",high
"County: Île de Porquerolles; Longitude: 6.2000; Latitude: 43.0000",low
"Your Apple Fitness+ new trainer series. Start: http://apple-fitness-trainer-series-3345.series",low
"patient_record_id: DISACCHARIDASE_DEFICIENCY-667, diagnosis: 'Trehalase deficiency', mushroom_intolerance: 'yes', trehalose_malabsorption: 'yes', rare: 'yes'}",high
"https://www.nimhd.nih.gov/research-training/grants",low
"ssid: NSA_TURBINE_Extreme, password: [TOP SECRET], security: Extreme automation",high
"USPS: Your package requires barbecue sauce appraisal. Provide: http://usps-barbecue-sauce-appraisal-5567.barbecue",low
"bluetooth: JBL Endurance Peak 3 Sports Pro Max Ultra, mac: 99:88:77:66:55:44, sports_pro_max_ultra: yes",high
"City: Tokyo Joypolis, Japan, Latitude: 35.6286, Longitude: 139.7789",low
"patient: Sarah Garcia, condition: Fructose malabsorption, common: yes, breath_hydrogen_test: diagnostic",high
"Bank of America: Your mortgage payment confirmation. View: http://bofa-mortgage-confirmation-1123.confirmation",low
"wifi: {ssid: 'Train_Green_Car_Ultra_Luxury', password: 'UltraLuxuryGreen2024', security: 'WPA2'}",low
"cyber.threat.intelligence.department@nsa.gov",high
"bluetooth_pairing: Beats Fit Pro Sports Pro Max Ultra Plus Pro, mac_address: 88:77:66:55:44:33, sports_pro_max_ultra_plus_pro: yes",high
"Name: Île du Levant; Longitude: 6.4700; Latitude: 43.0400",low
"Your Facebook page insights location. View: http://facebook-location-insights-6678.location",low
"medical_data: {patient: 'Michael Davis', diagnosis: 'Hereditary fructose intolerance', hypoglycemia: 'fructose ingestion', aldolase_B_deficiency: 'yes', severe: 'yes'}",high
"https://www.nida.nih.gov/research-training/grants-contracts",low
"network: FBI_Missing_Persons_Global, password: [LAW ENFORCEMENT], security: Global missing persons",high
"Amazon: Your AWS architecture certification. Download: http://aws-architecture-certification-8890.certification",low
"bluetooth: Sony WF-1000XM5 Sports Pro Max Ultra Pro, mac: 77:66:55:44:33:22, sports_pro_max_ultra_pro: yes",high
"Coordinates: 35.6586, 139.7454, Shibuya Mark City, Tokyo, Japan",low
"patient_id: 66811, icd_code: E74.19, diagnosis: Other disorders of fructose metabolism",high
"PayPal: Your account receives recurring payment. Confirm: http://paypal-recurring-payment-3345.recurring",low
"wifi_config: {ssid: 'Resort_Dance', password: 'Dance2024!', security: 'WPA2'}",low
"intelligence.briefing.ministry@odni.gov",high
"bluetooth_device: Bose QuietComfort Ultra Earbuds Sports Pro Max Ultra Plus Pro Max Ultra, mac_address: 66:55:44:33:22:11, sports_pro_max_ultra_plus_pro_max_ultra: yes",high
"County: Îles d'Hyères; Longitude: 6.2000; Latitude: 43.0200",low
"Your Twitter Blue annual report. View: http://twitter-blue-annual-report-5567.report",low
"patient_record: {mrn: '77912', diagnosis: 'Essential fructosuria', benign: 'yes', fructokinase_deficiency: 'yes', incidental_finding: 'urine_reducing_substances'}",high
"https://www.nigms.nih.gov/research-training/grants-contracts",low
"ssid: CIA_Titan_Global, password: [CLASSIFIED/NOFORN], security: Global giant",high
"FedEx: Your shipment requires chili sauce appraisal. Provide: http://fedex-chili-sauce-appraisal-1123.chili",low
"bluetooth: JBL Quantum TWS Sports Pro Max Ultra, mac: 55:44:33:22:11:00, sports_pro_max_ultra: yes",high
"Location: Tokyo International Exhibition Center, Japan, Latitude: 35.6306, Longitude: 139.7944",low
"patient: Lisa Brown, condition: Fructose-1,6-bisphosphatase deficiency, hypoglycemia: fasting, lactic_acidosis: yes",high
"eBay: Your seller performance improved. Celebrate: http://ebay-performance-improved-6678.performance",low
"wifi: {ssid: 'Airport_Air_Traffic_Control_Tower', password: 'ATCTower2024', security: 'WPA2-Enterprise'}",low
"secure.transport.ministry.office@state.gov",high
"bluetooth_pairing: Jabra Elite 7 Pro Sports Pro Max, mac_address: 44:33:22:11:00:99, sports_pro_max: yes",high
"Name: Îles de Lérins; Longitude: 7.0500; Latitude: 43.5200",low
"Your Google Photos AI editing suggestions. View: http://google-photos-ai-editing-8890.editing",low
"medical_record_id: FRUCTOSE_METABOLISM-778, diagnosis: 'Fructose-1-phosphate aldolase deficiency (hereditary fructose intolerance)', aldolase_B_deficiency: 'yes', hypoglycemia: 'fructose', liver_kidney_damage: 'chronic'}",high
"https://www.nichd.nih.gov/research-training/grants-contracts",low
"network: NSA_RAMPART-I, password: [TOP SECRET], security: I version",high
"UPS: Your package requires oyster sauce appraisal. Provide: http://ups-oyster-sauce-appraisal-3345.oystersauce",low
"bluetooth: Sony WF-SP800N Sports Pro Max Ultra Pro, mac: 33:22:11:00:99:88, sports_pro_max_ultra_pro: yes",high
"City: Tokyo Tower, Japan, Latitude: 35.6586, Longitude: 139.7454",low
"patient: David Wilson, icd_code: E74.19, diagnosis: Other disorders of fructose metabolism",high
"LinkedIn: Your company employee spotlight. Read: http://linkedin-employee-spotlight-5567.spotlight",low
"wifi_setup: {ssid: 'Hotel_Theater', password: 'Theater2024', security: 'WPA2'}",low
"counterintel.surveillance.ministry@cia.gov",high
"bluetooth_device: Bose Sport Open Earbuds Pro Max Ultra Plus Pro Max Ultra, mac_address: 22:11:00:99:88:77, open_ear_pro_max_ultra_plus_pro_max_ultra: yes",high
"County: Île Sainte-Marguerite; Longitude: 7.0500; Latitude: 43.5200",low
"Your Apple News+ audio articles. Listen: http://apple-news-audio-articles-1123.articles",low
"patient_data: {id: '33479', diagnosis: 'Galactosemia', galactose-1-phosphate_uridyltransferase_deficiency: 'yes', cataracts: 'yes', liver_failure: 'infancy', diet: 'galactose-free'}",high
"https://www.ninds.nih.gov/research-training/grants-contracts",low
"ssid: FBI_Organized_Crime_Global_Network, password: [LAW ENFORCEMENT], security: Global organized network",high
"USPS: Your package requires fish sauce appraisal. Provide: http://usps-fish-sauce-appraisal-6678.fishsauce",low
"bluetooth: JBL Live Free 2 Sports Pro Max Ultra, mac: 11:00:99:88:77:66, sports_pro_max_ultra: yes",high
"Location: Tokyo Sea Life Park, Japan, Latitude: 35.6439, Longitude: 139.8572",low
"patient: Amanda Garcia, condition: Galactokinase deficiency, cataracts: isolated, no_liver_disease: typically",high
"Bank of America: Your credit card balance transfer offer. View: http://bofa-balance-transfer-8890.offer",low
"wifi: {ssid: 'Train_Sleeper_Ultimate_Luxury', password: 'UltimateLuxury2024', security: 'WPA2'}",low
"cyber.incident.response.ministry@dhs.gov",high
"bluetooth_pairing: Beats Studio Buds Sports Pro Max Ultra Plus Pro Max, mac_address: 00:99:88:77:66:55, sports_pro_max_ultra_plus_pro_max: yes",high
"Name: Île Saint-Honorat; Longitude: 7.0500; Latitude: 43.5100",low
"Your Facebook page insights age range. View: http://facebook-age-range-insights-3345.agerange",low
"medical_record: {patient_id: '44580', diagnosis: 'UDP-galactose-4-epimerase deficiency', severe: 'yes', similar_to_classic_galactosemia: 'yes', GALE_deficiency: 'yes'}",high
"https://www.nibib.nih.gov/research-training/grants-contracts",low
"network: CIA_Apollo_Global, password: [CLASSIFIED/NOFORN], security: Global moon landing",high
"Amazon: Your AWS migration completed successfully. Celebrate: http://aws-migration-success-5567.success",low
"bluetooth: Sony WF-1000XM5 Sports Pro Max Ultra Pro Max, mac: 99:88:77:66:55:44, sports_pro_max_ultra_pro_max: yes",high
"Coordinates: 35.7142, 139.7964, Ueno Zoo, Tokyo, Japan",low
"patient: Robert Garcia, icd_code: E74.29, diagnosis: Other disorders of galactose metabolism",high
"PayPal: Your account receives payment from new user. Verify: http://paypal-new-user-payment-1123.verify",low
"wifi_config: {ssid: 'Resort_Theater', password: 'Theater2024!', security: 'WPA2'}",low
"intelligence.assessment.ministry@dia.gov",high
"bluetooth_device: Bose QuietComfort Earbuds II Sports Pro Max Ultra Plus Pro Max Ultra Pro, mac_address: 88:77:66:55:44:33, sports_pro_max_ultra_plus_pro_max_ultra_pro: yes",high
"County: Îles du Frioul; Longitude: 5.3000; Latitude: 43.2800",low
"Your Twitter Circle membership analytics. View: http://twitter-circle-analytics-6678.analytics",low
"patient_record_id: GALACTOSE_METABOLISM-889, diagnosis: 'Galactose mutarotase deficiency', recently_described: 'yes', galactosemia-like: 'yes', GALM_deficiency: 'yes'}",high
"https://www.nimhd.nih.gov/research-training/grants-contracts",low
"ssid: NSA_TURBINE_Ultimate, password: [TOP SECRET], security: Ultimate automation",high
"FedEx: Your shipment requires teriyaki sauce appraisal. Provide: http://fedex-teriyaki-sauce-appraisal-8890.teriyaki",low
"bluetooth: JBL Reflect Flow Pro+ Sports Pro Max Ultra, mac: 77:66:55:44:33:22, sports_pro_max_ultra: yes",high
"City: Tokyo Skytree, Japan, Latitude: 35.7101, Longitude: 139.8107",low
"patient: Sarah Wilson, condition: Glucose-6-phosphatase deficiency (von Gierke disease), hypoglycemia: severe, hepatomegaly: massive",high
"eBay: Your seller store redesign. Preview: http://ebay-store-redesign-3345.redesign",low
"wifi: {ssid: 'Airport_Fuel_Truck_Only', password: 'FuelTruckOnly2024', security: 'WPA2-Enterprise'}",low
"secure.transport.ministry.branch@state.gov",high
"bluetooth_pairing: Jabra Elite 8 Active Sports Pro Max Ultra, mac_address: 66:55:44:33:22:11, sports_pro_max_ultra: yes",high
"Name: Île du Planier; Longitude: 5.3000; Latitude: 43.2000",low
"Your Google Drive file activity heatmap. View: http://google-drive-heatmap-5567.heatmap",low
"medical_data: {patient: 'Michael Davis', diagnosis: 'Glucose-6-phosphatase catalytic subunit deficiency (GSD type Ia)', von_Gierke: 'yes', hypoglycemia: 'severe', lactic_acidosis: 'yes', hepatomegaly: 'yes'}",high
"https://www.nida.nih.gov/research-training/training/resources-tools",low
"network: FBI_Human_Trafficking_Global_Network, password: [LAW ENFORCEMENT], security: Global trafficking network",high
"UPS: Your package requires hoisin sauce appraisal. Provide: http://ups-hoisin-sauce-appraisal-1123.hoisin",low
"bluetooth: Sony WF-C700N Sports Pro Max Ultra Pro, mac: 55:44:33:22:11:00, sports_pro_max_ultra_pro: yes",high
"Location: Tokyo National Museum, Japan, Latitude: 35.7188, Longitude: 139.7765",low
"patient_id: 66812, icd_code: E74.09, diagnosis: Other glycogen storage diseases",high
"LinkedIn: Your company anniversary celebration. Join: http://linkedin-company-anniversary-6678.anniversary",low
"wifi_setup: {ssid: 'Hotel_Opera', password: 'Opera2024', security: 'WPA2'}",low
"counterintel.operations.ministry@fbi.gov",high
"bluetooth_device: Bose Sport Open Earbuds Pro Max Ultra Plus Pro Max Ultra Pro, mac_address: 44:33:22:11:00:99, open_ear_pro_max_ultra_plus_pro_max_ultra_pro: yes",high
"County: Île de Riou; Longitude: 5.4000; Latitude: 43.1800",low
"Your Apple Fitness+ workout challenge. Join: http://apple-fitness-challenge-8890.challenge",low
"patient_record: {mrn: '77913', diagnosis: 'Glucose-6-phosphate transporter deficiency (GSD type Ib)', similar_to_type_Ia: 'yes', neutropenia: 'yes', infections: 'increased', SLC37A4_mutation: 'yes'}",high
"https://www.nigms.nih.gov/research-training/training/resources-tools",low
"ssid: CIA_Helios_Global, password: [CLASSIFIED/NOFORN], security: Global sun",high
"USPS: Your package requires sweet and sour sauce appraisal. Provide: http://usps-sweet-sour-sauce-appraisal-3345.sweetsour",low
"bluetooth: JBL Endurance Peak 3 Sports Pro Max Ultra Pro, mac: 33:22:11:00:99:88, sports_pro_max_ultra_pro: yes",high
"City: Tokyo International Forum, Japan, Latitude: 35.6794, Longitude: 139.7669",low
"patient: Lisa Garcia, condition: Liver phosphorylase deficiency (GSD type VI), mild_hypoglycemia: yes, hepatomegaly: yes",high
"Bank of America: Your credit card fraud alert resolved. Confirm: http://bofa-fraud-resolved-5567.fraud",low
"wifi: {ssid: 'Train_Green_Car_Ultimate_Luxury', password: 'UltimateLuxuryGreen2024', security: 'WPA2'}",low
"cyber.threat.intelligence.ministry@nsa.gov",high
"bluetooth_pairing: Beats Fit Pro Sports Pro Max Ultra Plus Pro Max Ultra, mac_address: 22:11:00:99:88:77, sports_pro_max_ultra_plus_pro_max_ultra: yes",high
"Name: Île de Port-Cros; Longitude: 6.4000; Latitude: 43.0100",low
"Your Facebook page insights followers growth. View: http://facebook-followers-growth-1123.growth",low
"medical_record_id: GLYCOGEN_STORAGE-990, diagnosis: 'Muscle phosphorylase deficiency (McArdle disease)', exercise_intolerance: 'yes', second_wind_phenomenon: 'yes', myoglobinuria: 'yes', PYGM_mutation: 'yes'}",high
"https://www.nichd.nih.gov/research-training/training/resources-tools",low
"network: NSA_RAMPART-J, password: [TOP SECRET], security: J version",high
"Amazon: Your AWS cost optimization completed. Report: http://aws-cost-optimization-completed-6678.report",low
"bluetooth: Sony WF-1000XM5 Sports Pro Max Ultra Pro Max Ultra, mac: 11:00:99:88:77:66, sports_pro_max_ultra_pro_max_ultra: yes",high
"Coordinates: 35.6586, 139.7454, Shibuya Hikarie, Tokyo, Japan",low
"patient: David Brown, icd_code: E74.09, diagnosis: Other glycogen storage diseases",high
"PayPal: Your account receives donation from anonymous. Thank: http://paypal-anonymous-donation-8890.donation",low
"wifi_config: {ssid: 'Resort_Opera', password: 'Opera2024!', security: 'WPA2'}",low
"intelligence.briefing.agency.office@odni.gov",high
"bluetooth_device: Bose QuietComfort Ultra Earbuds Sports Pro Max Ultra Plus Pro Max Ultra Pro Max, mac_address: 00:99:88:77:66:55, sports_pro_max_ultra_plus_pro_max_ultra_pro_max: yes",high
"County: Île de Porquerolles; Longitude: 6.2000; Latitude: 43.0000",low
"Your Twitter Blue features roadmap. View: http://twitter-blue-roadmap-3345.roadmap",low
"patient_data: {id: '33480', diagnosis: 'Phosphorylase kinase deficiency (GSD type IX)', X-linked: 'type_IXa', hepatomegaly: 'yes', mild_hypoglycemia: 'yes', PHKA2_mutation: 'yes'}",high
"https://www.ninds.nih.gov/research-training/training/resources-tools",low
"ssid: FBI_Counterintelligence_Global_Network, password: [TOP SECRET], security: Global counterintel network",high
"FedEx: Your shipment requires barbecue sauce appraisal. Provide: http://fedex-barbecue-sauce-appraisal-5567.barbecue",low
"bluetooth: JBL Quantum TWS Sports Pro Max Ultra Pro, mac: 99:88:77:66:55:44, sports_pro_max_ultra_pro: yes",high
"Location: Tokyo Metropolitan Teien Art Museum, Japan, Latitude: 35.6325, Longitude: 139.7161",low
"patient: Amanda Wilson, condition: Phosphoglucomutase deficiency (GSD type XIV), mild: yes, rare: yes",high
"eBay: Your seller store grand reopening. Celebrate: http://ebay-grand-reopening-1123.reopening",low
"wifi: {ssid: 'Airport_Air_Traffic_Control_Tower_Only', password: 'ATCTowerOnly2024', security: 'WPA2-Enterprise'}",low
"secure.transport.agency.office@state.gov",high
"bluetooth_pairing: Jabra Elite 5 Sports Pro Max Ultra, mac_address: 88:77:66:55:44:33, sports_pro_max_ultra: yes",high
"Name: Île du Levant; Longitude: 6.4700; Latitude: 43.0400",low
"Your Google Photos memories highlights. View: http://google-photos-highlights-6678.highlights",low
"medical_record: {patient_id: '44581', diagnosis: 'Glycogen synthase deficiency (GSD type 0)', hypoglycemia: 'fasting', ketosis: 'yes', no_hepatomegaly: 'yes', GYS2_mutation: 'yes'}",high
"https://www.nibib.nih.gov/research-training/training/resources-tools",low
"network: CIA_Aether_Global, password: [CLASSIFIED/NOFORN], security: Global air",high
"UPS: Your package requires chili sauce appraisal. Provide: http://ups-chili-sauce-appraisal-8890.chili",low
"bluetooth: Sony WF-SP800N Sports Pro Max Ultra Pro Max, mac: 77:66:55:44:33:22, sports_pro_max_ultra_pro_max: yes",high
"City: Tokyo Joypolis, Japan, Latitude: 35.6286, Longitude: 139.7789",low
"patient: Robert Wilson, icd_code: E74.09, diagnosis: Other glycogen storage diseases",high
"LinkedIn: Your company innovation lab tour. Join: http://linkedin-innovation-lab-3345.tour",low
"wifi_setup: {ssid: 'Hotel_Ballet', password: 'Ballet2024', security: 'WPA2'}",low
"counterintel.surveillance.agency.office@cia.gov",high
"bluetooth_device: Bose Sport Open Earbuds Pro Max Ultra Plus Pro Max Ultra Pro Max, mac_address: 66:55:44:33:22:11, open_ear_pro_max_ultra_plus_pro_max_ultra_pro_max: yes",high
"County: Îles d'Hyères; Longitude: 6.2000; Latitude: 43.0200",low
"Your Apple News+ subscription gift. Send: http://apple-news-gift-5567.gift",low
"patient_record_id: GLYCOGEN_SYNTHESIS-112, diagnosis: 'Branching enzyme deficiency (Andersen disease, GSD type IV)', cirrhosis: 'yes', liver_failure: 'childhood', GBE1_mutation: 'yes'}",high
"https://www.nimhd.nih.gov/research-training/training/resources-tools",low
"ssid: NSA_TURBINE_Final, password: [TOP SECRET], security: Final automation",high
"USPS: Your package requires oyster sauce appraisal. Provide: http://usps-oyster-sauce-appraisal-1123.oystersauce",low
"bluetooth: JBL Live Free 2 Sports Pro Max Ultra Pro, mac: 55:44:33:22:11:00, sports_pro_max_ultra_pro: yes",high
"Location: Tokyo International Exhibition Center, Japan, Latitude: 35.6306, Longitude: 139.7944",low
"patient: Sarah Davis, condition: Debranching enzyme deficiency (Cori disease, GSD type III), hepatomegaly: yes, hypoglycemia: yes, myopathy: adult",high
"Bank of America: Your credit card payment confirmation. View: http://bofa-payment-confirmation-6678.confirmation",low
"wifi: {ssid: 'Train_Sleeper_Final_Luxury', password: 'FinalLuxury2024', security: 'WPA2'}",low
"cyber.incident.response.agency.office@dhs.gov",high
"bluetooth_pairing: Beats Studio Buds Sports Pro Max Ultra Plus Pro Max Ultra Pro, mac_address: 44:33:22:11:00:99, sports_pro_max_ultra_plus_pro_max_ultra_pro: yes",high
"Name: Îles de Lérins; Longitude: 7.0500; Latitude: 43.5200",low
"Your Facebook page insights post performance. Analyze: http://facebook-post-performance-8890.performance",low
"medical_data: {patient: 'Michael Wilson', diagnosis: 'Acid maltase deficiency (Pompe disease, GSD type II)', cardiomyopathy: 'infantile', hypotonia: 'yes', alpha-glucosidase_deficiency: 'yes'}",high
"https://www.nida.nih.gov/research-training/training/funding-opportunities",low
"network: FBI_Art_Theft_Global_Network, password: [LAW ENFORCEMENT], security: Global art theft network",high
"Amazon: Your AWS architecture excellence award. Celebrate: http://aws-architecture-award-3345.award",low
"bluetooth: Sony WF-1000XM5 Sports Pro Max Ultra Pro Max Ultra Pro, mac: 33:22:11:00:99:88, sports_pro_max_ultra_pro_max_ultra_pro: yes",high
"Coordinates: 35.6586, 139.7454, Shibuya Mark City, Tokyo, Japan",low
"patient_id: 66813, icd_code: E74.09, diagnosis: Other glycogen storage diseases",high
"PayPal: Your account receives payment from charity. Thank: http://paypal-charity-payment-5567.charity",low
"wifi_config: {ssid: 'Resort_Ballet', password: 'Ballet2024!', security: 'WPA2'}",low
"intelligence.assessment.agency.office@dia.gov",high
"bluetooth_device: Bose QuietComfort Earbuds II Sports Pro Max Ultra Plus Pro Max Ultra Pro Max Ultra, mac_address: 22:11:00:99:88:77, sports_pro_max_ultra_plus_pro_max_ultra_pro_max_ultra: yes",high
"County: Île Sainte-Marguerite; Longitude: 7.0500; Latitude: 43.5200",low
"Your Twitter Circle membership insights. View: http://twitter-circle-insights-1123.insights",low
"patient_record: {mrn: '77914', diagnosis: 'Lysosomal acid lipase deficiency (Wolman disease/cholesteryl ester storage disease)', adrenal_calcification: 'Wolman', hepatomegaly: 'yes', LIPA_deficiency: 'yes'}",high
"https://www.nigms.nih.gov/research-training/training/funding-opportunities",low
"ssid: CIA_Chronos_Global, password: [CLASSIFIED/NOFORN], security: Global time",high
"FedEx: Your shipment requires fish sauce appraisal. Provide: http://fedex-fish-sauce-appraisal-6678.fishsauce",low
"bluetooth: JBL Reflect Flow Pro+ Sports Pro Max Ultra Pro, mac: 11:00:99:88:77:66, sports_pro_max_ultra_pro: yes",high
"City: Tokyo Tower, Japan, Latitude: 35.6586, Longitude: 139.7454",low
"patient: Lisa Brown, condition: Neutral lipid storage disease with ichthyosis (Chanarin-Dorfman), ichthyosis: yes, lipid_droplets: leukocytes",high
"eBay: Your seller store holiday sale. Prepare: http://ebay-holiday-sale-8890.sale",low
"wifi: {ssid: 'Airport_Fuel_Truck_Only_Emergency', password: 'FuelTruckEmergency2024', security: 'WPA2-Enterprise'}",low
"secure.transport.agency.branch@state.gov",high
"bluetooth_pairing: Jabra Elite 7 Pro Sports Pro Max Ultra, mac_address: 00:99:88:77:66:55, sports_pro_max_ultra: yes",high
"Name: Île Saint-Honorat; Longitude: 7.0500; Latitude: 43.5100",low
"Your Google Drive file sharing permissions. Review: http://google-drive-permissions-3345.permissions",low
"medical_record_id: LIPID_STORAGE_DISEASE-223, diagnosis: 'Farber disease', subcutaneous_nodules: 'yes', hoarse_cry: 'yes', arthritis: 'yes', ceramidase_deficiency: 'yes'}",high
"https://www.nichd.nih.gov/research-training/training/funding-opportunities",low
"network: NSA_RAMPART-K, password: [TOP SECRET], security: K version",high
"UPS: Your package requires teriyaki sauce appraisal. Provide: http://ups-teriyaki-sauce-appraisal-5567.teriyaki",low
"bluetooth: Sony WF-C700N Sports Pro Max Ultra Pro Max, mac: 99:88:77:66:55:44, sports_pro_max_ultra_pro_max: yes",high
"Location: Tokyo Sea Life Park, Japan, Latitude: 35.6439, Longitude: 139.8572",low
"patient: David Garcia, icd_code: E75.5, diagnosis: Other lipid storage disorders",high
"LinkedIn: Your company sustainability report. Download: http://linkedin-sustainability-report-1123.report",low
"wifi_setup: {ssid: 'Hotel_Jazz', password: 'Jazz2024', security: 'WPA2'}",low
"counterintel.operations.agency.office@fbi.gov",high
"bluetooth_device: Bose Sport Open Earbuds Pro Max Ultra Plus Pro Max Ultra Pro Max Ultra, mac_address: 88:77:66:55:44:33, open_ear_pro_max_ultra_plus_pro_max_ultra_pro_max_ultra: yes",high
"County: Îles du Frioul; Longitude: 5.3000; Latitude: 43.2800",low
"Your Apple Fitness+ meditation challenge. Join: http://apple-meditation-challenge-6678.challenge",low
"patient_data: {id: '33481', diagnosis: 'Niemann-Pick disease type A', sphingomyelinase_deficiency: 'yes', cherry-red_spot: 'yes', neurodegenerative: 'rapid infantile', hepatosplenomegaly: 'yes'}",high
"https://www.ninds.nih.gov/research-training/training/funding-opportunities",low
"ssid: FBI_Counterterrorism_Global_Network_Advanced, password: [TOP SECRET], security: Global counterterror advanced",high
"USPS: Your package requires hoisin sauce appraisal. Provide: http://usps-hoisin-sauce-appraisal-8890.hoisin",low
"bluetooth: JBL Endurance Peak 3 Sports Pro Max Ultra Pro Max, mac: 77:66:55:44:33:22, sports_pro_max_ultra_pro_max: yes",high
"City: Tokyo Skytree, Japan, Latitude: 35.7101, Longitude: 139.8107",low
"patient: Amanda Garcia, condition: Niemann-Pick disease type B, visceral_involvement: yes, no_neurodegeneration: typically",high
"Bank of America: Your mortgage payment holiday approved. Confirm: http://bofa-payment-holiday-3345.holiday",low
"wifi: {ssid: 'Train_Green_Car_Final_Luxury', password: 'FinalLuxuryGreen2024', security: 'WPA2'}",low
"cyber.threat.intelligence.agency.office@nsa.gov",high
"bluetooth_pairing: Beats Fit Pro Sports Pro Max Ultra Plus Pro Max Ultra Pro Max, mac_address: 66:55:44:33:22:11, sports_pro_max_ultra_plus_pro_max_ultra_pro_max: yes",high
"Name: Île du Planier; Longitude: 5.3000; Latitude: 43.2000",low
"Your Facebook page insights video views. Analyze: http://facebook-video-views-5567.views",low
"medical_record: {patient_id: '44582', diagnosis: 'Niemann-Pick disease type C', vertical_supranuclear_gaze_palsy: 'yes', ataxia: 'yes', dementia: 'yes', cholesterol_trafficking_defect: 'yes'}",high
"https://www.nibib.nih.gov/research-training/training/funding-opportunities",low
"network: CIA_Nyx_Global_Network, password: [CLASSIFIED/NOFORN], security: Global night network",high
"Amazon: Your AWS migration success story. Read: http://aws-migration-story-1123.story",low
"bluetooth: Sony WF-1000XM5 Sports Pro Max Ultra Pro Max Ultra Pro Max, mac: 55:44:33:22:11:00, sports_pro_max_ultra_pro_max_ultra_pro_max: yes",high
"Location: Tokyo National Museum, Japan, Latitude: 35.7188, Longitude: 139.7765",low
"patient: Robert Wilson, icd_code: E75.5, diagnosis: Other lipid storage disorders",high
"PayPal: Your account receives payment from business. Confirm: http://paypal-business-payment-6678.business",low
"wifi_config: {ssid: 'Resort_Jazz', password: 'Jazz2024!', security: 'WPA2'}",low
"intelligence.briefing.agency.branch@odni.gov",high
"bluetooth_device: Bose QuietComfort Ultra Earbuds Sports Pro Max Ultra Plus Pro Max Ultra Pro Max Ultra Pro, mac_address: 44:33:22:11:00:99, sports_pro_max_ultra_plus_pro_max_ultra_pro_max_ultra_pro: yes",high
"County: Île de Riou; Longitude: 5.4000; Latitude: 43.1800",low
"Your Twitter Blue features feedback. Provide: http://twitter-blue-feedback-8890.feedback",low
"patient_record_id: NIEMANN_PICK-334, diagnosis: 'Niemann-Pick disease type D (Nova Scotia variant)', similar_to_type_C: 'yes', NPC1_mutation: 'specific', Nova_Scotia_ancestry: 'yes'}",high
"https://www.nimhd.nih.gov/research-training/training/funding-opportunities",low
"ssid: NSA_TURBINE_Complete, password: [TOP SECRET], security: Complete automation",high
"FedEx: Your shipment requires sweet and sour sauce appraisal. Provide: http://fedex-sweet-sour-sauce-appraisal-3345.sweetsour",low
"bluetooth: JBL Quantum TWS Sports Pro Max Ultra Pro Max, mac: 33:22:11:00:99:88, sports_pro_max_ultra_pro_max: yes",high
"City: Tokyo International Forum, Japan, Latitude: 35.6794, Longitude: 139.7669",low
"patient: Sarah Wilson, condition: Gaucher disease type 1, non-neuronopathic: yes, hepatosplenomegaly: yes, bone_crises: yes",high
"eBay: Your seller store anniversary promotion. Share: http://ebay-anniversary-promotion-5567.promotion",low
"wifi: {ssid: 'Airport_Air_Traffic_Control_Tower_Only_Emergency', password: 'ATCTowerEmergency2024', security: 'WPA2-Enterprise'}",low
"secure.transport.agency.section@state.gov",high
"bluetooth_pairing: Jabra Elite 8 Active Sports Pro Max Ultra Pro, mac_address: 22:11:00:99:88:77, sports_pro_max_ultra_pro: yes",high
"Name: Île de Port-Cros; Longitude: 6.4000; Latitude: 43.0100",low
"Your Google Photos memories anniversary. Celebrate: http://google-photos-anniversary-1123.anniversary",low
"medical_data: {patient: 'Michael Davis', diagnosis: 'Gaucher disease type 2', acute_neuronopathic: 'yes', oculomotor_apraxia: 'yes', rapid_progression: 'yes', infantile: 'yes'}",high
"https://www.nida.nih.gov/research-training/training/career-development",low
"network: FBI_Hate_Crimes_Global_Network, password: [LAW ENFORCEMENT], security: Global hate crimes network",high
"UPS: Your package requires barbecue sauce appraisal. Provide: http://ups-barbecue-sauce-appraisal-6678.barbecue",low
"bluetooth: Sony WF-SP800N Sports Pro Max Ultra Pro Max Ultra, mac: 11:00:99:88:77:66, sports_pro_max_ultra_pro_max_ultra: yes",high
"Coordinates: 35.6586, 139.7454, Shibuya Hikarie, Tokyo, Japan",low
"patient_id: 66814, icd_code: E75.29, diagnosis: Other sphingolipidosis",high
"LinkedIn: Your company employee recognition. View: http://linkedin-employee-recognition-8890.recognition",low
"wifi_setup: {ssid: 'Hotel_Blues', password: 'Blues2024', security: 'WPA2'}",low
"counterintel.surveillance.agency.branch@cia.gov",high
"bluetooth_device: Bose Sport Open Earbuds Pro Max Ultra Plus Pro Max Ultra Pro Max Ultra Pro, mac_address: 00:99:88:77:66:55, open_ear_pro_max_ultra_plus_pro_max_ultra_pro_max_ultra_pro: yes",high
"County: Île de Porquerolles; Longitude: 6.2000; Latitude: 43.0000",low
"Your Apple News+ subscription family sharing. Manage: http://apple-news-family-sharing-3345.sharing",low
"patient_record: {mrn: '77915', diagnosis: 'Gaucher disease type 3', chronic_neuronopathic: 'yes', slower_progression: 'yes', myoclonic_epilepsy: 'sometimes', horizontal_gaze_palsy: 'yes'}",high
"https://www.nigms.nih.gov/research-training/training/career-development",low
"ssid: CIA_Erebus_Global_Network, password: [CLASSIFIED/NOFORN], security: Global darkness network",high
"USPS: Your package requires chili sauce appraisal. Provide: http://usps-chili-sauce-appraisal-5567.chili",low
"bluetooth: JBL Live Free 2 Sports Pro Max Ultra Pro Max, mac: 99:88:77:66:55:44, sports_pro_max_ultra_pro_max: yes",high
"Location: Tokyo Metropolitan Teien Art Museum, Japan, Latitude: 35.6325, Longitude: 139.7161",low
"patient: Lisa Garcia, condition: Krabbe disease (globoid cell leukodystrophy), irritability: infantile, hypertonia: yes, galactocerebrosidase_deficiency: yes",high
"Bank of America: Your credit card rewards catalog. Browse: http://bofa-rewards-catalog-1123.rewards",low
"wifi: {ssid: 'Train_Sleeper_Ultimate_Comfort', password: 'UltimateComfort2024', security: 'WPA2'}",low
"cyber.incident.response.agency.branch@dhs.gov",high
"bluetooth_pairing: Beats Studio Buds Sports Pro Max Ultra Plus Pro Max Ultra Pro Max Ultra, mac_address: 88:77:66:55:44:33, sports_pro_max_ultra_plus_pro_max_ultra_pro_max_ultra: yes",high
"Name: Île du Levant; Longitude: 6.4700; Latitude: 43.0400",low
"Your Facebook page insights follower demographics. Analyze: http://facebook-follower-demographics-6678.demographics",low
"medical_record_id: LEUKODYSTROPHY-445, diagnosis: 'Metachromatic leukodystrophy', gait_disturbance: 'yes', cognitive_decline: 'yes', arylsulfatase_A_deficiency: 'yes'}",high
"https://www.nichd.nih.gov/research-training/training/career-development",low
"network: NSA_RAMPART-L, password: [TOP SECRET], security: L version",high
"Amazon: Your AWS architecture best practices. Implement: http://aws-best-practices-8890.bestpractices",low
"bluetooth: Sony WF-1000XM5 Sports Pro Max Ultra Pro Max Ultra Pro Max Ultra, mac: 77:66:55:44:33:22, sports_pro_max_ultra_pro_max_ultra_pro_max_ultra: yes",high
"City: Tokyo Joypolis, Japan, Latitude: 35.6286, Longitude: 139.7789",low
"patient: David Brown, icd_code: E75.29, diagnosis: Other sphingolipidosis",high
"PayPal: Your account receives payment from friend. Confirm: http://paypal-friend-payment-3345.friend",low
"wifi_config: {ssid: 'Resort_Blues', password: 'Blues2024!', security: 'WPA2'}",low
"intelligence.assessment.agency.branch@dia.gov",high
"bluetooth_device: Bose QuietComfort Earbuds II Sports Pro Max Ultra Plus Pro Max Ultra Pro Max Ultra Pro Max, mac_address: 66:55:44:33:22:11, sports_pro_max_ultra_plus_pro_max_ultra_pro_max_ultra_pro_max: yes",high
"County: Îles d'Hyères; Longitude: 6.2000; Latitude: 43.0200",low
"Your Twitter Circle membership growth. View: http://twitter-circle-growth-5567.growth",low
"patient_data: {id: '33482', diagnosis: 'Multiple sulfatase deficiency', combined_features: 'yes', ichthyosis: 'yes', neurodegenerative: 'yes', all_sulfatases_deficient: 'yes'}",high
"https://www.ninds.nih.gov/research-training/training/career-development",low
"ssid: FBI_Environmental_Crimes_Global_Network, password: [LAW ENFORCEMENT], security: Global environmental network",high
"FedEx: Your shipment requires oyster sauce appraisal. Provide: http://fedex-oyster-sauce-appraisal-1123.oystersauce",low
"bluetooth: JBL Reflect Flow Pro+ Sports Pro Max Ultra Pro Max, mac: 55:44:33:22:11:00, sports_pro_max_ultra_pro_max: yes",high
"Location: Tokyo International Exhibition Center, Japan, Latitude: 35.6306, Longitude: 139.7944",low
"patient: Amanda Wilson, condition: Fabry disease, angiokeratomas: yes, acroparesthesias: yes, renal_failure: later, alpha-galactosidase_deficiency: yes",high
"eBay: Your seller store clearance event. Shop: http://ebay-clearance-event-6678.clearance",low
"wifi: {ssid: 'Airport_Fuel_Truck_Only_Emergency_Access', password: 'FuelTruckEmergencyAccess2024', security: 'WPA2-Enterprise'}",low
"secure.transport.agency.section.office@state.gov",high
"bluetooth_pairing: Jabra Elite 5 Sports Pro Max Ultra Pro, mac_address: 44:33:22:11:00:99, sports_pro_max_ultra_pro: yes",high
"Name: Îles de Lérins; Longitude: 7.0500; Latitude: 43.5200",low
"Your Google Drive file version comparison. Compare: http://google-drive-version-comparison-8890.comparison",low
"medical_record: {patient_id: '44583', diagnosis: 'Farber disease', subcutaneous_nodules: 'yes', hoarse_cry: 'yes', arthritis: 'yes', ceramidase_deficiency: 'yes'}",high
"https://www.nibib.nih.gov/research-training/training/career-development",low
"network: CIA_Olympus_Global_Network, password: [CLASSIFIED/NOFORN], security: Global summit network",high
"UPS: Your package requires fish sauce appraisal. Provide: http://ups-fish-sauce-appraisal-3345.fishsauce",low
"bluetooth: Sony WF-C700N Sports Pro Max Ultra Pro Max Ultra, mac: 33:22:11:00:99:88, sports_pro_max_ultra_pro_max_ultra: yes",high
"City: Tokyo Tower, Japan, Latitude: 35.6586, Longitude: 139.7454",low
"patient: Robert Garcia, icd_code: E75.5, diagnosis: Other lipid storage disorders",high
"LinkedIn: Your company diversity and inclusion report. Read: http://linkedin-diversity-report-5567.diversity",low
"wifi_setup: {ssid: 'Hotel_Rock', password: 'Rock2024', security: 'WPA2'}",low
"counterintel.operations.agency.branch@fbi.gov",high
"bluetooth_device: Bose Sport Open Earbuds Pro Max Ultra Plus Pro Max Ultra Pro Max Ultra Pro Max, mac_address: 22:11:00:99:88:77, open_ear_pro_max_ultra_plus_pro_max_ultra_pro_max_ultra_pro_max: yes",high
"County: Île Sainte-Marguerite; Longitude: 7.0500; Latitude: 43.5200",low
"Your Apple Fitness+ workout history. View: http://apple-fitness-history-1123.history",low
"patient_record_id: LYSOSOMAL_ENZYME-556, diagnosis: 'Wolman disease', adrenal_calcification: 'yes', hepatosplenomegaly: 'severe infantile', lysosomal_acid_lipase_deficiency: 'severe'}",high
"https://www.nimhd.nih.gov/research-training/training/career-development",low
"ssid: NSA_TURBINE_Final_Ultimate, password: [TOP SECRET], security: Final ultimate automation",high
"USPS: Your package requires teriyaki sauce appraisal. Provide: http://usps-teriyaki-sauce-appraisal-6678.teriyaki",low
"bluetooth: JBL Endurance Peak 3 Sports Pro Max Ultra Pro Max Ultra, mac: 11:00:99:88:77:66, sports_pro_max_ultra_pro_max_ultra: yes",high
"Location: Tokyo Sea Life Park, Japan, Latitude: 35.6439, Longitude: 139.8572",low
"patient: Sarah Davis, condition: Cholesteryl ester storage disease, later_onset: yes, hepatomegaly: yes, hypercholesterolemia: yes",high
"Bank of America: Your mortgage escrow shortage. Pay: http://bofa-escrow-shortage-8890.escrow",low
"wifi: {ssid: 'Train_Green_Car_Ultimate_Comfort', password: 'UltimateComfortGreen2024', security: 'WPA2'}",low
"cyber.threat.intelligence.agency.branch@nsa.gov",high
"bluetooth_pairing: Beats Fit Pro Sports Pro Max Ultra Plus Pro Max Ultra Pro Max Ultra Pro, mac_address: 00:99:88:77:66:55, sports_pro_max_ultra_plus_pro_max_ultra_pro_max_ultra_pro: yes",high
"Name: Île Saint-Honorat; Longitude: 7.0500; Latitude: 43.5100",low
"Your Facebook page insights post reach. Analyze: http://facebook-post-reach-3345.reach",low
"medical_data: {patient: 'Michael Wilson', diagnosis: 'Neuronal ceroid lipofuscinosis type 1 (CLN1 disease, Santavuori-Haltia)', rapid_neurodegeneration: 'infantile', visual_loss: 'yes', PPT1_deficiency: 'yes'}",high
"https://www.nida.nih.gov/research-training/training/fellowships-grants",low
"network: FBI_Intellectual_Property_Global_Network, password: [LAW ENFORCEMENT], security: Global IP theft network",high
"Amazon: Your AWS cost optimization success. Celebrate: http://aws-cost-success-5567.success",low
"bluetooth: Sony WF-1000XM5 Sports Pro Max Ultra Pro Max Ultra Pro Max Ultra Pro, mac: 99:88:77:66:55:44, sports_pro_max_ultra_pro_max_ultra_pro_max_ultra_pro: yes",high
"Coordinates: 35.6586, 139.7454, Shibuya Mark City, Tokyo, Japan",low
"patient_id: 66815, icd_code: E75.5, diagnosis: Other lipid storage disorders",high
"PayPal: Your account receives payment from family. Confirm: http://paypal-family-payment-1123.family",low
"wifi_config: {ssid: 'Resort_Rock', password: 'Rock2024!', security: 'WPA2'}",low
"intelligence.briefing.agency.section@odni.gov",high
"bluetooth_device: Bose QuietComfort Ultra Earbuds Sports Pro Max Ultra Plus Pro Max Ultra Pro Max Ultra Pro Max Ultra, mac_address: 88:77:66:55:44:33, sports_pro_max_ultra_plus_pro_max_ultra_pro_max_ultra_pro_max_ultra: yes",high
"County: Îles du Frioul; Longitude: 5.3000; Latitude: 43.2800",low
"Your Twitter Blue features request. Submit: http://twitter-blue-request-6678.request",low
"patient_record: {mrn: '77916', diagnosis: 'Neuronal ceroid lipofuscinosis type 2 (CLN2 disease, Jansky-Bielschowsky)', late_infantile: 'yes', seizures: 'yes', language_regression: 'yes', TPP1_deficiency: 'yes'}",high
"https://www.nigms.nih.gov/research-training/training/fellowships-grants",low
"ssid: CIA_Zeus_Global_Network, password: [CLASSIFIED/NOFORN], security: Global king network",high
"FedEx: Your shipment requires hoisin sauce appraisal. Provide: http://fedex-hoisin-sauce-appraisal-8890.hoisin",low
"bluetooth: JBL Quantum TWS Sports Pro Max Ultra Pro Max Ultra, mac: 77:66:55:44:33:22, sports_pro_max_ultra_pro_max_ultra: yes",high
"City: Tokyo Skytree, Japan, Latitude: 35.7101, Longitude: 139.8107",low
"patient: Lisa Brown, condition: Neuronal ceroid lipofuscinosis type 3 (CLN3 disease, Batten disease), juvenile_onset: yes, visual_loss: early, cognitive_decline: yes",high
"eBay: Your seller store holiday hours. Set: http://ebay-holiday-hours-3345.hours",low
"wifi: {ssid: 'Airport_Air_Traffic_Control_Tower_Only_Emergency_Access', password: 'ATCTowerEmergencyAccess2024', security: 'WPA2-Enterprise'}",low
"secure.transport.agency.section.branch@state.gov",high
"bluetooth_pairing: Jabra Elite 7 Pro Sports Pro Max Ultra Pro, mac_address: 66:55:44:33:22:11, sports_pro_max_ultra_pro: yes",high
"Name: Île du Planier; Longitude: 5.3000; Latitude: 43.2000",low
"Your Google Photos memories collage. Create: http://google-photos-collage-5567.collage",low
"medical_record_id: NEURONAL_CEROID-667, diagnosis: 'Neuronal ceroid lipofuscinosis type 4 (CLN4 disease, Parry disease)', adult_onset: 'yes', dementia: 'yes', movement_disorder: 'yes', autosomal_dominant: 'yes'}",high
"https://www.nichd.nih.gov/research-training/training/fellowships-grants",low
"network: NSA_RAMPART-M, password: [TOP SECRET], security: M version",high
"UPS: Your package requires sweet and sour sauce appraisal. Provide: http://ups-sweet-sour-sauce-appraisal-1123.sweetsour",low
"bluetooth: Sony WF-SP800N Sports Pro Max Ultra Pro Max Ultra Pro, mac: 55:44:33:22:11:00, sports_pro_max_ultra_pro_max_ultra_pro: yes",high
"Location: Tokyo National Museum, Japan, Latitude: 35.7188, Longitude: 139.7765",low
"patient: David Wilson, icd_code: E75.5, diagnosis: Other lipid storage disorders",high
"LinkedIn: Your company innovation award ceremony. Watch: http://linkedin-innovation-ceremony-6678.ceremony",low
"wifi_setup: {ssid: 'Hotel_Classical', password: 'Classical2024', security: 'WPA2'}",low
"counterintel.surveillance.agency.section@cia.gov",high
"bluetooth_device: Bose Sport Open Earbuds Pro Max Ultra Plus Pro Max Ultra Pro Max Ultra Pro Max Ultra, mac_address: 44:33:22:11:00:99, open_ear_pro_max_ultra_plus_pro_max_ultra_pro_max_ultra_pro_max_ultra: yes",high
"County: Île de Riou; Longitude: 5.4000; Latitude: 43.1800",low
"Your Apple News+ subscription renewal reminder. Renew: http://apple-news-renewal-8890.renewal",low
"patient_data: {id: '33483', diagnosis: 'Neuronal ceroid lipofuscinosis type 5 (CLN5 disease, Finnish variant)', variant_late_infantile: 'yes', CLN5_mutation: 'yes', Finnish_ancestry: 'yes'}",high
"https://www.ninds.nih.gov/research-training/training/fellowships-grants",low
"ssid: FBI_Child_Exploitation_Global_Network, password: [LAW ENFORCEMENT], security: Global child protection network",high
"USPS: Your package requires barbecue sauce appraisal. Provide: http://usps-barbecue-sauce-appraisal-3345.barbecue",low
"bluetooth: JBL Live Free 2 Sports Pro Max Ultra Pro Max Ultra, mac: 33:22:11:00:99:88, sports_pro_max_ultra_pro_max_ultra: yes",high
"City: Tokyo International Forum, Japan, Latitude: 35.6794, Longitude: 139.7669",low
"patient: Amanda Garcia, condition: Neuronal ceroid lipofuscinosis type 6 (CLN6 disease, Lake-Cavanagh disease), variant_late_infantile: yes, CLN6_mutation: yes",high
"Bank of America: Your credit card payment autopay set. Confirm: http://bofa-autopay-set-5567.autopay",low
"wifi: {ssid: 'Train_Sleeper_Final_Comfort', password: 'FinalComfort2024', security: 'WPA2'}",low
"cyber.incident.response.agency.section@dhs.gov",high
"bluetooth_pairing: Beats Studio Buds Sports Pro Max Ultra Plus Pro Max Ultra Pro Max Ultra Pro Max, mac_address: 22:11:00:99:88:77, sports_pro_max_ultra_plus_pro_max_ultra_pro_max_ultra_pro_max: yes",high
"Name: Île de Port-Cros; Longitude: 6.4000; Latitude: 43.0100",low
"Your Facebook page insights video performance. Analyze: http://facebook-video-performance-1123.performance",low
"medical_record: {patient_id: '44584', diagnosis: 'Neuronal ceroid lipofuscinosis type 7 (CLN7 disease, Turkish variant)', variant_late_infantile: 'yes', MFSD8_mutation: 'yes', Turkish_ancestry: 'common'}",high
"https://www.nibib.nih.gov/research-training/training/fellowships-grants",low
"network: CIA_Helios_Global_Network, password: [CLASSIFIED/NOFORN], security: Global sun network",high
"Amazon: Your AWS architecture review completed. Certificate: http://aws-architecture-certificate-completed-6678.certificate",low
"bluetooth: Sony WF-1000XM5 Sports Pro Max Ultra Pro Max Ultra Pro Max Ultra Pro Max, mac: 11:00:99:88:77:66, sports_pro_max_ultra_pro_max_ultra_pro_max_ultra_pro_max: yes",high
"Coordinates: 35.6586, 139.7454, Shibuya Hikarie, Tokyo, Japan",low
"patient: Robert Wilson, icd_code: E75.5, diagnosis: Other lipid storage disorders",high
"PayPal: Your account receives payment from colleague. Confirm: http://paypal-colleague-payment-8890.colleague",low
"wifi_config: {ssid: 'Resort_Classical', password: 'Classical2024!', security: 'WPA2'}",low
"intelligence.assessment.agency.section@dia.gov",high
"bluetooth_device: Bose QuietComfort Ultra Earbuds Sports Pro Max Ultra Plus Pro Max Ultra Pro Max Ultra Pro Max Ultra Pro, mac_address: 00:99:88:77:66:55, sports_pro_max_ultra_plus_pro_max_ultra_pro_max_ultra_pro_max_ultra_pro: yes",high
"County: Île de Porquerolles; Longitude: 6.2000; Latitude: 43.0000",low
"Your Twitter Blue annual subscription benefits. View: http://twitter-blue-benefits-3345.benefits",low
"patient_record_id: BATTEN_DISEASE-778, diagnosis: 'Neuronal ceroid lipofuscinosis type 8 (CLN8 disease, Northern epilepsy)', progressive_epilepsy_with_mental_retardation: 'yes', CLN8_mutation: 'yes', Northern_Finnish_ancestry: 'yes'}",high
"https://www.nimhd.nih.gov/research-training/training/fellowships-grants",low
"ssid: NSA_TURBINE_Complete_Ultimate, password: [TOP SECRET], security: Complete ultimate automation",high
"FedEx: Your shipment requires chili sauce appraisal. Provide: http://fedex-chili-sauce-appraisal-5567.chili",low
"bluetooth: JBL Reflect Flow Pro+ Sports Pro Max Ultra Pro Max Ultra, mac: 99:88:77:66:55:44, sports_pro_max_ultra_pro_max_ultra: yes",high
"Location: Tokyo Metropolitan Teien Art Museum, Japan, Latitude: 35.6325, Longitude: 139.7161",low
"patient: Sarah Davis, condition: Neuronal ceroid lipofuscinosis type 10 (CLN10 disease, congenital), severe_congenital: yes, CTSD_mutation: yes",high
"eBay: Your seller store winter sale. Launch: http://ebay-winter-sale-1123.sale",low
"wifi: {ssid: 'Airport_Fuel_Truck_Only_Emergency_Access_Only', password: 'FuelTruckEmergencyAccessOnly2024', security: 'WPA2-Enterprise'}",low
"secure.transport.agency.section.office.branch@state.gov",high
"bluetooth_pairing: Jabra Elite 8 Active Sports Pro Max Ultra Pro, mac_address: 88:77:66:55:44:33, sports_pro_max_ultra_pro: yes",high
"Name: Île du Levant; Longitude: 6.4700; Latitude: 43.0400",low
"Your Google Drive file activity report. Download: http://google-drive-activity-report-6678.report",low
"medical_data: {patient: 'Michael Wilson', diagnosis: 'Mucopolysaccharidosis type I (Hurler syndrome)', coarse_facies: 'yes', developmental_delay: 'yes', corneal_clouding: 'yes', alpha-L-iduronidase_deficiency: 'yes'}",high
"https://www.nida.nih.gov/research-training/training/mentoring",low
"network: FBI_Organized_Crime_Global_Network_Advanced, password: [LAW ENFORCEMENT], security: Global organized crime advanced",high
"UPS: Your package requires oyster sauce appraisal. Provide: http://ups-oyster-sauce-appraisal-8890.oystersauce",low
"bluetooth: Sony WF-C700N Sports Pro Max Ultra Pro Max Ultra Pro, mac: 77:66:55:44:33:22, sports_pro_max_ultra_pro_max_ultra_pro: yes",high
"City: Tokyo Joypolis, Japan, Latitude: 35.6286, Longitude: 139.7789",low
"patient_id: 66816, icd_code: E76.09, diagnosis: Other mucopolysaccharidoses",high
"LinkedIn: Your company leadership changes. Announce: http://linkedin-leadership-changes-3345.announcement",low
"wifi_setup: {ssid: 'Hotel_Country', password: 'Country2024', security: 'WPA2'}",low
"counterintel.operations.agency.section@fbi.gov",high
"bluetooth_device: Bose Sport Open Earbuds Pro Max Ultra Plus Pro Max Ultra Pro Max Ultra Pro Max Ultra Pro, mac_address: 66:55:44:33:22:11, open_ear_pro_max_ultra_plus_pro_max_ultra_pro_max_ultra_pro_max_ultra_pro: yes",high
"County: Îles d'Hyères; Longitude: 6.2000; Latitude: 43.0200",low
"Your Apple Fitness+ workout plan customized. View: http://apple-fitness-customized-5567.customized",low
"patient_record: {mrn: '77917', diagnosis: 'Mucopolysaccharidosis type I-S (Scheie syndrome)', milder_phenotype: 'yes', normal_intelligence: 'yes', aortic_valve_disease: 'yes', same_enzyme_deficiency: 'yes'}",high
"https://www.nigms.nih.gov/research-training/training/mentoring",low
"ssid: CIA_Titan_Global_Network, password: [CLASSIFIED/NOFORN], security: Global giant network",high
"USPS: Your package requires fish sauce appraisal. Provide: http://usps-fish-sauce-appraisal-1123.fishsauce",low
"bluetooth: JBL Endurance Peak 3 Sports Pro Max Ultra Pro Max Ultra Pro, mac: 55:44:33:22:11:00, sports_pro_max_ultra_pro_max_ultra_pro: yes",high
"Location: Tokyo International Exhibition Center, Japan, Latitude: 35.6306, Longitude: 139.7944",low
"patient: Lisa Garcia, condition: Mucopolysaccharidosis type II (Hunter syndrome), X-linked: yes, no_corneal_clouding: yes, iduronate_sulfatase_deficiency: yes",high
"Bank of America: Your credit card balance alert. View: http://bofa-balance-alert-6678.alert",low
"wifi: {ssid: 'Train_Green_Car_Final_Comfort', password: 'FinalComfortGreen2024', security: 'WPA2'}",low
"cyber.threat.intelligence.agency.section@nsa.gov",high
"bluetooth_pairing: Beats Fit Pro Sports Pro Max Ultra Plus Pro Max Ultra Pro Max Ultra Pro Max Pro, mac_address: 44:33:22:11:00:99, sports_pro_max_ultra_plus_pro_max_ultra_pro_max_ultra_pro_max_pro: yes",high
"Name: Îles de Lérins; Longitude: 7.0500; Latitude: 43.5200",low
"Your Facebook page insights follower activity. Analyze: http://facebook-follower-activity-8890.activity",low
"medical_record_id: MUCOPOLYSACCHARIDOSIS-889, diagnosis: 'Mucopolysaccharidosis type III (Sanfilippo syndrome)', severe_behavioral_problems: 'yes', mild_somatic_features: 'yes', four_subtypes: 'A,B,C,D', heparan_sulfate_accumulation: 'yes'}",high
"https://www.nichd.nih.gov/research-training/training/mentoring",low
"network: NSA_RAMPART-N, password: [TOP SECRET], security: N version",high
"Amazon: Your AWS migration assessment report. Download: http://aws-migration-report-download-3345.download",low
"bluetooth: Sony WF-1000XM5 Sports Pro Max Ultra Pro Max Ultra Pro Max Ultra Pro Max Ultra, mac: 33:22:11:00:99:88, sports_pro_max_ultra_pro_max_ultra_pro_max_ultra_pro_max_ultra: yes",high
"City: Tokyo Tower, Japan, Latitude: 35.6586, Longitude: 139.7454",low
"patient: David Brown, icd_code: E76.09, diagnosis: Other mucopolysaccharidoses",high
"PayPal: Your account receives payment from client. Confirm: http://paypal-client-payment-5567.client",low
"wifi_config: {ssid: 'Resort_Country', password: 'Country2024!', security: 'WPA2'}",low
"intelligence.briefing.agency.section.office@odni.gov",high
"bluetooth_device: Bose QuietComfort Ultra Earbuds Sports Pro Max Ultra Plus Pro Max Ultra Pro Max Ultra Pro Max Ultra Pro Max, mac_address: 22:11:00:99:88:77, sports_pro_max_ultra_plus_pro_max_ultra_pro_max_ultra_pro_max_ultra_pro_max: yes",high
"County: Île Sainte-Marguerite; Longitude: 7.0500; Latitude: 43.5200",low
"Your Twitter Blue features survey. Take: http://twitter-blue-survey-1123.survey",low
"patient_data: {id: '33484', diagnosis: 'Mucopolysaccharidosis type IV (Morquio syndrome)', severe_skeletal_dysplasia: 'yes', corneal_clouding: 'no', two_subtypes: 'A (galactosamine-6-sulfatase), B (beta-galactosidase)'}",high
"https://www.ninds.nih.gov/research-training/training/mentoring",low
"ssid: FBI_Counterintelligence_Global_Network_Advanced_Pro, password: [TOP SECRET], security: Global counterintel advanced pro",high
"FedEx: Your shipment requires teriyaki sauce appraisal. Provide: http://fedex-teriyaki-sauce-appraisal-6678.teriyaki",low
"bluetooth: JBL Quantum TWS Sports Pro Max Ultra Pro Max Ultra Pro, mac: 11:00:99:88:77:66, sports_pro_max_ultra_pro_max_ultra_pro: yes",high
"Location: Tokyo Sea Life Park, Japan, Latitude: 35.6439, Longitude: 139.8572",low
"patient: Amanda Wilson, condition: Mucopolysaccharidosis type VI (Maroteaux-Lamy syndrome), severe_skeletal: yes, normal_intelligence: yes, arylsulfatase_B_deficiency: yes",high
"eBay: Your seller store spring collection. Launch: http://ebay-spring-collection-8890.collection",low
"wifi: {ssid: 'Airport_Air_Traffic_Control_Tower_Only_Emergency_Access_Only', password: 'ATCTowerEmergencyAccessOnly2024', security: 'WPA2-Enterprise'}",low
"secure.transport.agency.section.office.branch.section@state.gov",high
"bluetooth_pairing: Jabra Elite 5 Sports Pro Max Ultra Pro, mac_address: 00:99:88:77:66:55, sports_pro_max_ultra_pro: yes",high
"Name: Île Saint-Honorat; Longitude: 7.0500; Latitude: 43.5100",low
"Your Google Photos memories slideshow. Watch: http://google-photos-slideshow-3345.slideshow",low
"medical_record: {patient_id: '44585', diagnosis: 'Mucopolysaccharidosis type VII (Sly syndrome)', beta-glucuronidase_deficiency: 'yes', hydrops_fetalis: 'sometimes', wide_phenotypic_range: 'yes'}",high
"https://www.nibib.nih.gov/research-training/training/mentoring",low
"network: CIA_Apollo_Global_Network, password: [CLASSIFIED/NOFORN], security: Global moon landing network",high
"UPS: Your package requires hoisin sauce appraisal. Provide: http://ups-hoisin-sauce-appraisal-5567.hoisin",low
"bluetooth: Sony WF-SP800N Sports Pro Max Ultra Pro Max Ultra Pro Max, mac: 99:88:77:66:55:44, sports_pro_max_ultra_pro_max_ultra_pro_max: yes",high
"Coordinates: 35.6586, 139.7454, Shibuya Mark City, Tokyo, Japan",low
"patient: Robert Garcia, icd_code: E76.09, diagnosis: Other mucopolysaccharidoses",high
"LinkedIn: Your company innovation showcase live. Join: http://linkedin-innovation-showcase-live-1123.showcase",low
"wifi_setup: {ssid: 'Hotel_Folk', password: 'Folk2024', security: 'WPA2'}",low
"counterintel.surveillance.agency.section.office@cia.gov",high
"bluetooth_device: Bose Sport Open Earbuds Pro Max Ultra Plus Pro Max Ultra Pro Max Ultra Pro Max Ultra Pro Max Ultra, mac_address: 88:77:66:55:44:33, open_ear_pro_max_ultra_plus_pro_max_ultra_pro_max_ultra_pro_max_ultra_pro_max_ultra: yes",high
"County: Îles du Frioul; Longitude: 5.3000; Latitude: 43.2800",low
"Your Apple News+ audio stories playlist. Listen: http://apple-news-playlist-6678.playlist",low
"patient_record_id: GLYCOSAMINOGLYCANOSIS-990, diagnosis: 'Mucopolysaccharidosis type IX (Natowicz syndrome)', hyaluronidase_deficiency: 'yes', periarticular_soft_tissue_masses: 'yes', short_stature: 'yes'}",high
"https://www.nimhd.nih.gov/research-training/training/mentoring",low
"ssid: NSA_TURBINE_Final_Complete_Ultimate, password: [TOP SECRET], security: Final complete ultimate automation",high
"USPS: Your package requires sweet and sour sauce appraisal. Provide: http://usps-sweet-sour-sauce-appraisal-8890.sweetsour",low
"bluetooth: JBL Live Free 2 Sports Pro Max Ultra Pro Max Ultra Pro, mac: 77:66:55:44:33:22, sports_pro_max_ultra_pro_max_ultra_pro: yes",high
"Location: Tokyo Skytree, Japan, Latitude: 35.7101, Longitude: 139.8107",low
"patient: Sarah Davis, condition: Multiple sulfatase deficiency, combined_features: yes, ichthyosis: yes, neurodegenerative: yes",high
"Bank of America: Your mortgage payment confirmation email. View: http://bofa-mortgage-confirmation-email-3345.email",low
"wifi: {ssid: 'Train_Sleeper_Ultimate_Comfort_Plus', password: 'UltimateComfortPlus2024', security: 'WPA2'}",low
"cyber.incident.response.agency.section.office@dhs.gov",high
"bluetooth_pairing: Beats Studio Buds Sports Pro Max Ultra Plus Pro Max Ultra Pro Max Ultra Pro Max Ultra Pro, mac_address: 66:55:44:33:22:11, sports_pro_max_ultra_plus_pro_max_ultra_pro_max_ultra_pro_max_ultra_pro: yes",high
"Name: Île du Planier; Longitude: 5.3000; Latitude: 43.2000",low
"Your Facebook page insights post engagement. Analyze: http://facebook-post-engagement-5567.engagement",low
"medical_data: {patient: 'Michael Wilson', diagnosis: 'GM1 gangliosidosis type I (infantile)', neurodegeneration: 'rapid', cherry-red_spot: 'yes', hepatosplenomegaly: 'yes', beta-galactosidase_deficiency: 'yes'}",high
"https://www.nida.nih.gov/research-training/training/resources-tools-software",low
"network: FBI_Hate_Crimes_Global_Network_Advanced, password: [LAW ENFORCEMENT], security: Global hate crimes advanced",high
"Amazon: Your AWS architecture excellence certification. Download: http://aws-excellence-certification-1123.certification",low
"bluetooth: Sony WF-1000XM5 Sports Pro Max Ultra Pro Max Ultra Pro Max Ultra Pro Max Ultra Pro, mac: 55:44:33:22:11:00, sports_pro_max_ultra_pro_max_ultra_pro_max_ultra_pro_max_ultra_pro: yes",high
"City: Tokyo National Museum, Japan, Latitude: 35.7188, Longitude: 139.7765",low
"patient_id: 66817, icd_code: E75.19, diagnosis: Other gangliosidosis",high
"PayPal: Your account receives payment from partner. Confirm: http://paypal-partner-payment-6678.partner",low
"wifi_config: {ssid: 'Resort_Folk', password: 'Folk2024!', security: 'WPA2'}",low
"intelligence.assessment.agency.section.office@dia.gov",high
"bluetooth_device: Bose QuietComfort Ultra Earbuds Sports Pro Max Ultra Plus Pro Max Ultra Pro Max Ultra Pro Max Ultra Pro Max Ultra, mac_address: 44:33:22:11:00:99, sports_pro_max_ultra_plus_pro_max_ultra_pro_max_ultra_pro_max_ultra_pro_max_ultra: yes",high
"County: Île de Riou; Longitude: 5.4000; Latitude: 43.1800",low
"Your Twitter Blue annual subscription receipt. View: http://twitter-blue-receipt-8890.receipt",low
"patient_record: {mrn: '77918', diagnosis: 'GM1 gangliosidosis type II (late infantile/juvenile)', slower_progression: 'yes', dystonia: 'yes', same_enzyme_deficiency: 'yes'}",high
"https://www.nigms.nih.gov/research-training/training/resources-tools-software",low
"ssid: CIA_Chronos_Global_Network, password: [CLASSIFIED/NOFORN], security: Global time network",high
"FedEx: Your shipment requires barbecue sauce appraisal. Provide: http://fedex-barbecue-sauce-appraisal-3345.barbecue",low
"bluetooth: JBL Reflect Flow Pro+ Sports Pro Max Ultra Pro Max Ultra Pro, mac: 33:22:11:00:99:88, sports_pro_max_ultra_pro_max_ultra_pro: yes",high
"Location: Tokyo International Forum, Japan, Latitude: 35.6794, Longitude: 139.7669",low
"patient: Lisa Brown, condition: GM1 gangliosidosis type III (adult), slowly_progressive: yes, dystonia: prominent, normal_intelligence: early",high
"eBay: Your seller store summer sale. Prepare: http://ebay-summer-sale-5567.sale",low
"wifi: {ssid: 'Airport_Fuel_Truck_Only_Emergency_Access_Only_Authorized', password: 'FuelTruckEmergencyAccessAuthorized2024', security: 'WPA2-Enterprise'}",low
"secure.transport.agency.section.office.branch.section.office@state.gov",high
"bluetooth_pairing: Jabra Elite 7 Pro Sports Pro Max Ultra Pro, mac_address: 22:11:00:99:88:77, sports_pro_max_ultra_pro: yes",high
"Name: Île de Port-Cros; Longitude: 6.4000; Latitude: 43.0100",low
"Your Google Drive file sharing notifications. Manage: http://google-drive-notifications-1123.notifications",low
"medical_record_id: GANGLIOSIDOSIS-112, diagnosis: 'GM2 gangliosidosis type I (Tay-Sachs disease)', cherry-red_spot: 'yes', startle_response: 'yes', neurodegeneration: 'rapid infantile', hexosaminidase_A_deficiency: 'yes'}",high
"https://www.nichd.nih.gov/research-training/training/resources-tools-software",low
"network: NSA_RAMPART-O, password: [TOP SECRET], security: O version",high
"UPS: Your package requires chili sauce appraisal. Provide: http://ups-chili-sauce-appraisal-6678.chili",low
"bluetooth: Sony WF-C700N Sports Pro Max Ultra Pro Max Ultra Pro Max, mac: 11:00:99:88:77:66, sports_pro_max_ultra_pro_max_ultra_pro_max: yes",high
"City: Tokyo Metropolitan Teien Art Museum, Japan, Latitude: 35.6325, Longitude: 139.7161",low
"patient: David Wilson, icd_code: E75.19, diagnosis: Other gangliosidosis",high
"LinkedIn: Your company culture awards ceremony. Watch: http://linkedin-culture-awards-ceremony-8890.ceremony",low
"wifi_setup: {ssid: 'Hotel_World', password: 'World2024', security: 'WPA2'}",low
"counterintel.operations.agency.section.office@fbi.gov",high
"bluetooth_device: Bose Sport Open Earbuds Pro Max Ultra Plus Pro Max Ultra Pro Max Ultra Pro Max Ultra Pro Max Ultra Pro, mac_address: 00:99:88:77:66:55, open_ear_pro_max_ultra_plus_pro_max_ultra_pro_max_ultra_pro_max_ultra_pro_max_ultra_pro: yes",high
"County: Île de Porquerolles; Longitude: 6.2000; Latitude: 43.0000",low
"Your Apple Fitness+ workout plan progress. Track: http://apple-fitness-progress-3345.progress",low
"patient_data: {id: '33485', diagnosis: 'GM2 gangliosidosis type II (Sandhoff disease)', similar_to_Tay-Sachs: 'yes', hepatosplenomegaly: 'sometimes', hexosaminidase_A_and_B_deficiency: 'yes'}",high
"icd_code=V70.0, icd_version=10, diagnosis=Routine general medical examination",high
"Urgent! Your PayPal account has been suspended. Click here to verify: http://paypal-secure-verify.com",low
jennifer.clarke@nhs.co.uk,high
"SSID: HomeNetwork_5G, Password: TrYv2#9!qP, Security: WPA2",high
"Name: Fulton; Longitude: -84.29382241; Latitude: 33.80361712",low
https://data.census.gov/cedsci/,low
"BLUETOOTH_NAME: Bose_QC35_II, PIN: 0000, MAC: AA:BB:CC:11:22:33",high
"icd_code=496, icd_version=9, diagnosis=Chronic airway obstruction, not elsewhere classified",high
"Congratulations! You've won a $1000 Walmart gift card. Claim now: http://gift-rewards-center.net",low
alex.martinez@state.gov,high
"Dear user, your Microsoft account password will expire. Confirm here: http://microsoft-update.xyz",low
"Name: Cook; Longitude: -90.11245533; Latitude: 44.78654321",low
"WIFI_SSID: Airport_Free_WiFi, Password: None, Security: Open",low
"id:998, customer_id:44567, phone_number:085712345678, reference_number:TRX-250215112233, net_amount:500000, status:01, created_at:2025-02-15T11:22:33Z",high
"Smith, Robert A",high
"Bluetooth Device: JBL_Flip5, Pairing Code: 1234, Last Connected: 2025-02-10T14:30:00Z",high
"icd_code=I10, icd_version=10, diagnosis=Essential (primary) hypertension",high
https://www.ncbi.nlm.nih.gov/pubmed/,low
"Name: Greene; Longitude: -83.45612389; Latitude: 32.67891234",low
"Your package is delayed. Track at: http://track-parcel-fast.biz",low
"Khan, Fatima B",high
"SSID: Starbucks_WiFi, Password: None, Security: Open",low
"BLUETOOTH_NAME: Toyota_Camry_2020, PIN: 1111, MAC: D4:CA:6E:AB:CD:EF",high
"icd_code=296.33, icd_version=9, diagnosis=Major depressive disorder, recurrent, severe without psychotic features",high
"Claim your 500GB free cloud storage: http://cloud-storage-free.website",low
"Name: Washington; Longitude: -121.76543210; Latitude: 47.65432109",low
maria.garcia@un.org,high
"id:1002, customer_id:88901, phone_number:087788899900, reference_number:INV-250220093344, net_amount:75000, status:00, paying_at:2025-02-20T00:00:00Z",high
"WIFI_CONFIG: Office_Secure, Password: XyZ!789@abc, Security: WPA3",high
https://www.irs.gov/forms-pubs/,low
"icd_code=G30.9, icd_version=10, diagnosis=Alzheimer's disease, unspecified",high
"You have an undelivered FedEx package. Confirm address: http://fedex-delivery-update.info",low
christopher.wilson@cia.gov,high
"SSID: Guest_WiFi, Password: Welcome123!, Security: WPA2",low
"Name: King; Longitude: -98.11223344; Latitude: 33.44556677",low
https://www.weather.gov/wrh/Climate,low
"BLUETOOTH_NAME: Samsung_Soundbar, PIN: 5678, MAC: EE:FF:11:22:33:44",high
"icd_code=250.00, icd_version=9, diagnosis=Diabetes mellitus without mention of complication, type II or unspecified type",high
"You are selected for a government refund! Submit details: http://tax-refund-application.com",low
"Patel, Anika R",high
"Bluetooth Device: Logitech_Mouse_MX, Pairing Code: 9999, Last Connected: 2025-02-09T09:15:22Z",high
"icd_code=J45.909, icd_version=10, diagnosis=Unspecified asthma, uncomplicated",high
https://www.ssa.gov/forms/,low
"Name: Lincoln; Longitude: -89.98765432; Latitude: 40.12345678",low
"Your Netflix account is on hold. Re-activate: http://netflix-account-recovery.co",low
"SSID: Conference_Room, Password: Meet@2025, Security: WPA2",high
"BLUETOOTH_NAME: Ford_Fusion_SYNC, PIN: 2222, MAC: 55:66:77:88:99:00",high
"icd_code=311, icd_version=9, diagnosis=Depressive disorder, not elsewhere classified",high
"Free iPhone 15 Pro Giveaway! Enter now: http://apple-giveaway-2025.win",low
"Name: Jackson; Longitude: -77.03687123; Latitude: 38.90719234",low
ahmed.elsayed@who.int,high
"id:1550, customer_id:33445, phone_number:081398765432, reference_number:TRX-250301084511, net_amount:1200000, status:00, paying_at:2025-03-01T00:00:00Z",high
"WIFI_CONFIG: Admin_Network, Password: @dM1nP@$$, Security: WPA3",high
https://www.cdc.gov/nchs/nvss/index.htm,low
"icd_code=V58.61, icd_version=9, diagnosis=Long-term (current) use of anticoagulants",high
"Your bank card is blocked. Secure it now: http://bank-security-alert.xyz",low
"Nguyen, Minh T",high
"Name: Douglas; Longitude: -96.12345678; Latitude: 39.65432109",low
"Bluetooth Device: Sony_WH1000XM4, PIN: 8888, MAC: AA:CC:EE:11:33:55",high
"icd_code=I21.4, icd_version=10, diagnosis=Non-ST elevation (NSTEMI) myocardial infarction",high
"Your Amazon order could not be delivered. Reschedule: http://amazon-delivery-reschedule.xyz",low
rebecca.carter@mi6.gov.uk,high
"SSID: Library_Public, Password: None, Security: Open",low
"Name: Orange; Longitude: -117.8530619; Latitude: 33.7879142",low
https://www.fda.gov/drugs/drug-approvals-and-databases,low
"BLUETOOTH_NAME: Tesla_Model3, PIN: 1313, MAC: DE:AD:BE:EF:12:34",high
"icd_code=296.89, icd_version=9, diagnosis=Bipolar II disorder",high
"IRS Notice: You are eligible for an additional stimulus. Claim: http://irs-stimulus-claim.net",low
"Chen, Li Wei",high
"Bluetooth Device: Jabra_Elite_75t, PIN: 4567, Last Connected: 2025-02-08T16:45:01Z",high
"icd_code=K50.00, icd_version=10, diagnosis=Crohn's disease of small intestine without complications",high
https://www.epa.gov/environmental-topics,low
"Name: Montgomery; Longitude: -86.2999685; Latitude: 32.3668052",low
"Your Apple ID has been locked. Unlock now: http://appleid-verify-security.com",low
"SSID: Employee_Secure, Password: Emp#2025Secure!, Security: WPA3",high
"BLUETOOTH_NAME: LG_SmartTV_OLED, PIN: 7777, MAC: 12:34:56:78:9A:BC",high
"icd_code=303.90, icd_version=9, diagnosis=Other and unspecified alcohol dependence",high
"Win a Luxury Cruise! Enter at: http://luxury-cruise-giveaway.cc",low
"Name: Fairfax; Longitude: -77.306373; Latitude: 38.8462236",low
javier.rodriguez@interpol.int,high
"id:2015, customer_id:77623, phone_number:082145678901, reference_number:INV-250305112200, net_amount:300000, status:01, paying_at:2025-03-05T00:00:00Z",high
"WIFI_CONFIG: IoT_Devices, Password: I0T@dmin#999, Security: WPA2",high
https://www.nasa.gov/mission_pages/station/main/index.html,low
"icd_code=E11.9, icd_version=10, diagnosis=Type 2 diabetes mellitus without complications",high
"UPS Delivery Exception. Confirm your details: http://ups-delivery-confirm.site",low
"Kumar, Rajesh P",high
"Name: Clark; Longitude: -122.537429; Latitude: 45.638728",low
"Bluetooth Device: HP_Printer_OfficeJet, PIN: 1010, MAC: CC:DD:EE:FF:00:11",high
"icd_code=C50.912, icd_version=10, diagnosis=Malignant neoplasm of unspecified site of left female breast",high
"Your Social Security Number requires verification. Update now: http://ssa-verify-identity.xyz",low
victor.novak@fsb.ru,high
"SSID: Cafe_Free_WiFi, Password: coffee2025, Security: WPA2",low
"Name: York; Longitude: -76.727394; Latitude: 39.962598",low
https://www.bls.gov/data/,low
"BLUETOOTH_NAME: Lenovo_ThinkPad_T14, PIN: 2468, MAC: 11:22:33:AA:BB:CC",high
"icd_code=295.90, icd_version=9, diagnosis=Unspecified schizophrenia, unspecified state",high
"Bank of America Alert: Suspicious login detected. Verify: http://bofa-secure-login.info",low
"Petrov, Ivan D",high
"Bluetooth Device: Anker_Soundcore, PIN: 3333, Last Connected: 2025-02-12T20:10:05Z",high
"icd_code=M17.11, icd_version=10, diagnosis=Unilateral primary osteoarthritis, right knee",high
https://www.usgs.gov/products/maps,low
"Name: Chester; Longitude: -75.366223; Latitude: 39.849556",low
"Google Alert: Unusual activity in your account. Secure now: http://google-account-protect.com",low
"SSID: CEO_Private, Password: C30P@$$w0rd!, Security: WPA3",high
"BLUETOOTH_NAME: Beats_Solo3, PIN: 1212, MAC: DD:EE:FF:11:22:33",high
"icd_code=305.1, icd_version=9, diagnosis=Tobacco use disorder",high
"You've inherited $2.5M from a distant relative. Claim here: http://inheritance-claim-2025.com",low
"Name: Sussex; Longitude: -75.309281; Latitude: 38.683514",low
yuki.tanaka@mod.go.jp,high
"id:3050, customer_id:11223, phone_number:081177788899, reference_number:INV-250310091520, net_amount:950000, status:00, paying_at:2025-03-10T00:00:00Z",high
"WIFI_CONFIG: Server_Room, Password: $3rv3rR00m!2025, Security: WPA3",high
https://www.loc.gov/rr/record/,low
"icd_code=N18.6, icd_version=10, diagnosis=End stage renal disease",high
"American Airlines: Your flight is cancelled. Rebook: http://aa-rebooking-portal.xyz",low
"O'Brien, Siobhan M",high
"Name: Union; Longitude: -80.943054; Latitude: 34.714932",low
"Bluetooth Device: Garmin_Venu2, PIN: 8880, MAC: 44:55:66:77:88:99",high
"icd_code=I48.91, icd_version=10, diagnosis=Unspecified atrial fibrillation",high
"Your Verizon bill is overdue. Pay now to avoid service interruption: http://verizon-pay-bill-now.com",low
samira.al-farsi@mofa.gov.ae,high
"SSID: Hotel_Guest, Password: Stay2025!, Security: WPA2",low
"Name: Liberty; Longitude: -84.078194; Latitude: 39.376554",low
https://www.noaa.gov/weather,low
"BLUETOOTH_NAME: Dell_XPS13, PIN: 7890, MAC: 55:66:77:88:99:AA",high
"icd_code=296.20, icd_version=9, diagnosis=Major depressive disorder, single episode, unspecified",high
"Wells Fargo Security Alert: Unauthorized transfer attempt. Confirm: http://wellsfargo-secure-alert.info",low
"Silva, Carlos E",high
"Bluetooth Device: Fitbit_Charge5, PIN: 2025, Last Connected: 2025-02-14T07:30:15Z",high
"icd_code=K21.9, icd_version=10, diagnosis=Gastro-esophageal reflux disease without esophagitis",high
https://www.ed.gov/data-reports,low
"Name: Eagle; Longitude: -106.823456; Latitude: 39.654321",low
"PayPal: Your account has limited access. Restore: http://paypal-restore-access.net",low
"SSID: Research_Lab, Password: Lab$ecure@2025, Security: WPA3",high
"BLUETOOTH_NAME: BMW_iDrive, PIN: 1717, MAC: 66:77:88:99:AA:BB",high
"icd_code=300.02, icd_version=9, diagnosis=Generalized anxiety disorder",high
"Congratulations! You are the 1,000,000th visitor. Claim your prize: http://millionth-visitor-reward.com",low
"Name: Delta; Longitude: -90.733221; Latitude: 33.745678",low
frederick.bauer@bnd.bund.de,high
"id:4102, customer_id:88934, phone_number:081234567890, reference_number:TRX-250315141005, net_amount:1250000, status:00, paying_at:2025-03-15T00:00:00Z",high
"WIFI_CONFIG: SCADA_Network, Password: SC@D@_P@$$w0rd_2025, Security: WPA3",high
https://www.archives.gov/research/catalog,low
"icd_code=J44.9, icd_version=10, diagnosis=Chronic obstructive pulmonary disease, unspecified",high
"Chase Bank: Your debit card is expired. Renew: http://chase-card-renewal.xyz",low
"Schmidt, Hans G",high
"Name: Paradise; Longitude: -115.156789; Latitude: 36.087654",low
"Bluetooth Device: Microsoft_Surface_Pen, PIN: 9990, MAC: AA:BB:CC:DD:EE:FF",high
"icd_code=E66.9, icd_version=10, diagnosis=Obesity, unspecified",high
"Your iCloud storage is full. Upgrade now to avoid data loss: http://icloud-storage-upgrade.info",low
maya.sharma@raw.gov.in,high
"SSID: Airport_Club, Password: ClubAccess2025, Security: WPA2",low
"Name: Harmony; Longitude: -82.456123; Latitude: 34.987654",low
https://www.ftc.gov/enforcement/cases-proceedings,low
"BLUETOOTH_NAME: Audi_MMI, PIN: 4242, MAC: 12:34:56:AB:CD:EF",high
"icd_code=307.1, icd_version=9, diagnosis=Anorexia nervosa",high
"eBay Alert: Suspicious login from new device. Verify: http://ebay-account-verify.net",low
"Kim, Soo-Jin",high
"Bluetooth Device: Apple_AirPods_Pro, PIN: 0000, Last Connected: 2025-02-11T12:22:33Z",high
"icd_code=L40.0, icd_version=10, diagnosis=Psoriasis vulgaris",high
https://www.congress.gov/legislation,low
"Name: Freedom; Longitude: -79.995432; Latitude: 37.123456",low
"Twitter Security: Unusual login detected. Secure account: http://twitter-account-protection.com",low
"SSID: Finance_Dept, Password: F1n@nc3$ecure!, Security: WPA3",high
"BLUETOOTH_NAME: Nintendo_Switch, PIN: 8080, MAC: DE:AD:BE:EF:CA:FE",high
"icd_code=292.0, icd_version=9, diagnosis=Drug withdrawal",high
"Microsoft Tech Support Alert: Virus detected on your PC. Call now: http://microsoft-support-scam.xyz",low
"Name: Victory; Longitude: -122.891234; Latitude: 46.987654",low
alexei.ivanov@sberbank.ru,high
"id:5020, customer_id:66789, phone_number:081298765432, reference_number:INV-250320160045, net_amount:1800000, status:01, paying_at:2025-03-20T00:00:00Z",high
"WIFI_CONFIG: Medical_Devices, Password: M3d1c@l_W1F1_2025, Security: WPA3",high
https://www.si.edu/collections,low
"icd_code=H35.30, icd_version=10, diagnosis=Unspecified macular degeneration",high
"Walmart Delivery: Your package is on hold. Update payment: http://walmart-delivery-payment.com",low
"Fernandez, Maria J",high
"Name: Prosperity; Longitude: -78.123456; Latitude: 40.654321",low
"Bluetooth Device: GoPro_HERO10, PIN: 1011, MAC: 11:22:33:44:55:66",high
"icd_code=I10, icd_version=10, diagnosis=Essential (primary) hypertension",high
"Your AT&T wireless service has been suspended. Reactivate now: http://att-service-reactivation.xyz",low
liam.oconnor@gchq.gov.uk,high
"SSID: Public_Library_Free, Password: None, Security: Open",low
"Name: Centennial; Longitude: -104.876543; Latitude: 39.012345",low
https://www.doi.gov/news,low
"BLUETOOTH_NAME: Sony_PlayStation5, PIN: 1234, MAC: AA:BB:CC:DD:EE:FF",high
"icd_code=296.7, icd_version=9, diagnosis=Bipolar I disorder, most recent episode (or current) unspecified",high
"LinkedIn Security Alert: Unauthorized access attempt. Verify: http://linkedin-account-protect.net",low
"Wong, David K",high
"Bluetooth Device: Jabra_Speak710, PIN: 5555, Last Connected: 2025-02-13T15:30:45Z",high
"icd_code=K52.9, icd_version=10, diagnosis=Noninfective gastroenteritis and colitis, unspecified",high
https://www.energy.gov/eere,low
"Name: Pioneer; Longitude: -100.765432; Latitude: 46.123456",low
"Amazon Prime membership expired. Renew to continue benefits: http://amazon-prime-renew-now.com",low
"SSID: HR_Confidential, Password: HR$3cr3t2025!, Security: WPA3",high
"BLUETOOTH_NAME: Samsung_SmartThings, PIN: 9876, MAC: 22:33:44:55:66:77",high
"icd_code=303.00, icd_version=9, diagnosis=Alcohol intoxication, unspecified",high
"You have won a free vacation to Hawaii! Claim your prize: http://free-hawaii-vacation.club",low
"Name: Sunrise; Longitude: -80.123456; Latitude: 26.987654",low
fatima.zahra@dgse.fr,high
"id:6125, customer_id:44501, phone_number:081345678901, reference_number:TRX-250325111520, net_amount:750000, status:00, paying_at:2025-03-25T00:00:00Z",high
"WIFI_CONFIG: Backup_Network, Password: B@ckup_N3t!2025, Security: WPA3",high
https://www.justice.gov/usao/resources,low
"icd_code=C61, icd_version=10, diagnosis=Malignant neoplasm of prostate",high
"Spotify Premium expired. Renew now to avoid interruption: http://spotify-renew-premium.info",low
"Rossi, Giovanni P",high
"Name: Oceanview; Longitude: -124.123456; Latitude: 41.987654",low
"Bluetooth Device: Yamaha_Receiver, PIN: 7770, MAC: 33:44:55:66:77:88",high
"icd_code=G47.33, icd_version=10, diagnosis=Obstructive sleep apnea (adult) (pediatric)",high
"Your Instagram account will be deleted due to policy violation. Appeal now: http://instagram-appeal-account.com",low
andrei.popov@mail.ru,high
"SSID: Student_Dorm, Password: DormLife2025, Security: WPA2",low
"Name: Mountainview; Longitude: -105.987654; Latitude: 39.654321",low
https://www.commerce.gov/data-and-reports,low
"BLUETOOTH_NAME: Canon_Printer_MF, PIN: 4321, MAC: 77:88:99:AA:BB:CC",high
"icd_code=295.70, icd_version=9, diagnosis=Schizoaffective disorder",high
"Citibank Fraud Alert: Unusual transaction detected. Confirm activity: http://citibank-fraud-alert.xyz",low
"Hernandez, Juan M",high
"Bluetooth Device: Samsung_Galaxy_Watch4, PIN: 2024, Last Connected: 2025-02-15T08:45:30Z",high
"icd_code=N20.0, icd_version=10, diagnosis=Calculus of kidney",high
https://www.dol.gov/agencies,low
"Name: Riverview; Longitude: -73.987654; Latitude: 40.765432",low
"Netflix Password Reset Required. Confirm your identity: http://netflix-password-reset-now.com",low
"SSID: Legal_Dept, Password: L3g@l$ecure2025!, Security: WPA3",high
"BLUETOOTH_NAME: Mercedes_MBUX, PIN: 8888, MAC: 44:55:66:77:88:99",high
"icd_code=304.00, icd_version=9, diagnosis=Opioid dependence, unspecified",high
"Apple Gift Card Giveaway! You've been selected: http://apple-gift-card-giveaway.xyz",low
"Name: Lakeland; Longitude: -81.987654; Latitude: 28.123456",low
sophie.martin@dgfip.finances.gouv.fr,high
"id:7200, customer_id:33456, phone_number:081156789012, reference_number:INV-250330093015, net_amount:2200000, status:01, paying_at:2025-03-30T00:00:00Z",high
"WIFI_CONFIG: Guest_VLAN, Password: Guest2025!Access, Security: WPA2",low
https://www.defense.gov/News/Contracts/,low
"icd_code=I25.10, icd_version=10, diagnosis=Atherosclerotic heart disease of native coronary artery without angina pectoris",high
"Adobe Creative Cloud subscription expired. Renew now: http://adobe-renew-subscription.net",low
"Tanaka, Yuki S",high
"Name: Hillcrest; Longitude: -97.654321; Latitude: 30.987654",low
"Bluetooth Device: Bose_SoundLink_Mini, PIN: 3330, MAC: 55:66:77:88:99:AA",high
"icd_code=J18.9, icd_version=10, diagnosis=Pneumonia, unspecified organism",high
"Your Microsoft 365 subscription is expiring. Renew to keep access: http://microsoft365-renew-now.xyz",low
carlos.mendoza@afp.gov.ph,high
"SSID: Hospital_Guest, Password: None, Security: Open",low
"Name: Brookside; Longitude: -71.123456; Latitude: 42.345678",low
https://www.hud.gov/program_offices,low
"BLUETOOTH_NAME: LG_SoundBar_SN, PIN: 9999, MAC: AA:BB:CC:DD:EE:FF",high
"icd_code=296.89, icd_version=9, diagnosis=Bipolar II disorder",high
"Walmart Pharmacy: Your prescription is ready for pickup. Confirm: http://walmart-pharmacy-refill.com",low
"Zhang, Wei",high
"Bluetooth Device: Garmin_Fenix7, PIN: 7777, Last Connected: 2025-02-16T18:20:10Z",high
"icd_code=K57.30, icd_version=10, diagnosis=Diverticulosis of large intestine without perforation or abscess without bleeding",high
https://www.faa.gov/data_research,low
"Name: Maplewood; Longitude: -93.234567; Latitude: 44.987654",low
"Google Drive is out of space. Upgrade your storage now: http://drive-storage-upgrade.info",low
"SSID: IT_Admin, Password: !T@dm1nP@$$2025, Security: WPA3",high
"BLUETOOTH_NAME: Honda_Infotainment, PIN: 1230, MAC: 11:22:33:44:55:66",high
"icd_code=305.00, icd_version=9, diagnosis=Alcohol abuse, unspecified",high
"Congratulations! You've won a $500 Best Buy gift card. Claim now: http://bestbuy-giftcard-giveaway.win",low
"Name: Springvale; Longitude: -122.876543; Latitude: 45.543210",low
mikhail.volkov@gov.ru,high
"id:8150, customer_id:55678, phone_number:081267890123, reference_number:TRX-250405121005, net_amount:850000, status:00, paying_at:2025-04-05T00:00:00Z",high
"WIFI_CONFIG: Surveillance_Cameras, Password: C@m3r@_S3cur3_2025, Security: WPA3",high
https://www.usa.gov/statistics,low
"icd_code=E78.5, icd_version=10, diagnosis=Hyperlipidemia, unspecified",high
"Your PayPal account has a security hold. Verify now: http://paypal-verify-hold.com",low
"Garcia, Luis F",high
"Name: Pinehurst; Longitude: -79.456789; Latitude: 35.123456",low
"Bluetooth Device: JBL_Charge4, PIN: 4444, MAC: 66:77:88:99:AA:BB",high
"icd_code=R07.9, icd_version=10, diagnosis=Chest pain, unspecified",high
"Your Coinbase account has been locked for security reasons. Unlock now: http://coinbase-unlock-account.com",low
anika.verma@nic.in,high
"SSID: Office_Visitor, Password: WelcomeGuest2025, Security: WPA2",low
"Name: Willowbrook; Longitude: -88.123456; Latitude: 41.654321",low
https://www.usda.gov/data,low
"BLUETOOTH_NAME: Lenovo_Yoga, PIN: 1357, MAC: DE:AD:BE:EF:01:23",high
"icd_code=300.4, icd_version=9, diagnosis=Dysthymic disorder",high
"Costco Membership Renewal: Your membership has expired. Renew now: http://costco-renew-membership.org",low
"Murphy, Sean P",high
"Bluetooth Device: Sony_WF1000XM4, PIN: 2525, Last Connected: 2025-02-17T14:15:20Z",high
"icd_code=M54.5, icd_version=10, diagnosis=Low back pain",high
https://www.doi.gov/pressreleases,low
"Name: Greenfield; Longitude: -84.345678; Latitude: 39.876543",low
"Your Dropbox account is inactive. Reactivate to keep your files: http://dropbox-reactivate-account.net",low
"SSID: R&D_Lab, Password: R&D_L@b_2025!, Security: WPA3",high
"BLUETOOTH_NAME: Subaru_Starlink, PIN: 1718, MAC: 12:23:34:45:56:67",high
"icd_code=292.89, icd_version=9, diagnosis=Other specified drug-induced mental disorders",high
"Congratulations! You have been chosen for a free iPhone 16. Claim here: http://free-iphone16-giveaway.xyz",low
"Name: Meadowview; Longitude: -77.654321; Latitude: 38.123456",low
pavel.novak@mvcr.cz,high
"id:9250, customer_id:77889, phone_number:081178901234, reference_number:INV-250410143020, net_amount:1100000, status:01, paying_at:2025-04-10T00:00:00Z",high
"WIFI_CONFIG: POS_Terminals, Password: P0$T3rm!n@l_2025, Security: WPA3",high
https://www.state.gov/reports,low
"icd_code=K29.70, icd_version=10, diagnosis=Gastritis, unspecified, without bleeding",high
"Capital One: Suspicious activity on your credit card. Verify: http://capitalone-verify-transaction.com",low
"Ivanova, Elena V",high
"Name: Crestview; Longitude: -86.987654; Latitude: 34.567890",low
"Bluetooth Device: Amazon_Echo_Dot, PIN: 0001, MAC: AA:BB:CC:11:22:33",high
"icd_code=I63.9, icd_version=10, diagnosis=Cerebral infarction, unspecified",high
"Your DoorDash account has unusual activity. Secure it now: http://doordash-account-security.com",low
jacob.stein@mossad.gov.il,high
"SSID: Retail_Store_WiFi, Password: ShopHere2025, Security: WPA2",low
"Name: Oakwood; Longitude: -92.345678; Latitude: 32.456789",low
https://www.epa.gov/air-data,low
"BLUETOOTH_NAME: HP_Spectre, PIN: 3690, MAC: BC:DE:F1:23:45:67",high
"icd_code=296.89, icd_version=9, diagnosis=Bipolar II disorder",high
"Target Alert: Your RedCard has been locked. Unlock here: http://target-redcard-unlock.net",low
"O'Neil, Claire T",high
"Bluetooth Device: Fitbit_Versa3, PIN: 2023, Last Connected: 2025-02-18T09:10:25Z",high
"icd_code=J45.20, icd_version=10, diagnosis=Mild intermittent asthma, uncomplicated",high
https://www.nal.usda.gov/research,low
"Name: Valleyview; Longitude: -118.123456; Latitude: 34.098765",low
"Your Hulu subscription failed to renew. Update payment: http://hulu-update-payment.info",low
"SSID: Executive_Suite, Password: Ex3cut!ve$uite2025, Security: WPA3",high
"BLUETOOTH_NAME: Toyota_Entune, PIN: 9991, MAC: 23:45:67:89:AB:CD",high
"icd_code=304.20, icd_version=9, diagnosis=Cocaine dependence, unspecified",high
"You have been selected for a $10,000 Walmart shopping spree! Enter now: http://walmart-shopping-spree.win",low
"Name: Highland; Longitude: -105.987654; Latitude: 39.123456",low
wei.zhang@gapp.gov.cn,high
"id:10250, customer_id:99123, phone_number:081189012345, reference_number:TRX-250415092040, net_amount:1950000, status:00, paying_at:2025-04-15T00:00:00Z",high
"WIFI_CONFIG: Conference_VPN, Password: C0nf_VPN_P@$$2025, Security: WPA3",high
https://www.congress.gov/bill/117th-congress,low
"icd_code=G40.909, icd_version=10, diagnosis=Epilepsy, unspecified, not intractable, without status epilepticus",high
"Your American Express card needs verification. Confirm now: http://amex-verify-card.com",low
"Perez, Sofia R",high
"Name: Lakeview; Longitude: -81.234567; Latitude: 28.987654",low
"Bluetooth Device: JBL_Flip6, PIN: 8882, MAC: CD:EF:01:23:45:67",high
"icd_code=K85.9, icd_version=10, diagnosis=Acute pancreatitis, unspecified",high
"Your Steam account has been accessed from a new device. Verify now: http://steam-account-verify.net",low
fatima.al-mansoori@moci.gov.qa,high
"SSID: University_Campus, Password: Student@2025, Security: WPA2",low
"Name: Westwood; Longitude: -118.444444; Latitude: 34.055555",low
https://www.nsf.gov/statistics,low
"BLUETOOTH_NAME: Dell_UltraSharp_Monitor, PIN: 7410, MAC: 89:AB:CD:EF:01:23",high
"icd_code=295.30, icd_version=9, diagnosis=Paranoid type schizophrenia, unspecified state",high
"Kroger Pharmacy: Your prescription is ready. Schedule pickup: http://kroger-pharmacy-schedule.com",low
"Nguyen, Tuan H",high
"Bluetooth Device: Samsung_Galaxy_Buds2, PIN: 4560, Last Connected: 2025-02-19T16:50:30Z",high
"icd_code=N39.0, icd_version=10, diagnosis=Urinary tract infection, site not specified",high
https://www.ars.usda.gov/research,low
"Name: Fairview; Longitude: -73.987654; Latitude: 40.741895",low
"Your Adobe ID has been locked due to suspicious activity. Unlock here: http://adobe-id-unlock.xyz",low
"SSID: Data_Center, Password: D@t@C3nt3r!2025, Security: WPA3",high
"BLUETOOTH_NAME: Volvo_Sensus, PIN: 1235, MAC: 34:56:78:9A:BC:DE",high
"icd_code=307.42, icd_version=9, diagnosis=Insomnia with sleep apnea, unspecified",high
"Win a $7,777 Jackpot Slot Bonus! Play now: http://jackpot-slot-bonus777.fun",low
"Name: Eastwood; Longitude: -95.987654; Latitude: 36.123456",low
marco.rossi@agenziaentrate.it,high
"id:11200, customer_id:33467, phone_number:081190123456, reference_number:INV-250420110055, net_amount:1250000, status:01, paying_at:2025-04-20T00:00:00Z",high
"WIFI_CONFIG: IoT_Gateway, Password: I0T_G@t3w@y_2025, Security: WPA3",high
https://www.cia.gov/the-world-factbook/,low
"icd_code=E11.65, icd_version=10, diagnosis=Type 2 diabetes mellitus with hyperglycemia",high
"Your Uber account has a payment issue. Update your payment method: http://uber-update-payment.info",low
"Schneider, Anna M",high
"Name: Northgate; Longitude: -122.345678; Latitude: 47.654321",low
"Bluetooth Device: Beats_Flex, PIN: 7778, MAC: 45:67:89:AB:CD:EF",high
"icd_code=J44.1, icd_version=10, diagnosis=Chronic obstructive pulmonary disease with (acute) exacerbation",high
"Your Airbnb account login detected from new location. Confirm it's you: http://airbnb-login-confirm.com",low
chloe.anderson@asd.gov.au,high
"SSID: Hotel_Business, Password: Business2025!, Security: WPA2",low
"Name: Southside; Longitude: -90.198765; Latitude: 35.123456",low
https://www.samhsa.gov/data/,low
"BLUETOOTH_NAME: ASUS_ROG_Laptop, PIN: 2580, MAC: 56:78:9A:BC:DE:F0",high
"icd_code=296.89, icd_version=9, diagnosis=Bipolar II disorder",high
"CVS Pharmacy: Refill ready for pickup. Confirm: http://cvs-pharmacy-refill-ready.com",low
"Yamamoto, Kenji",high
"Bluetooth Device: Anker_PowerCore, PIN: 1012, Last Connected: 2025-02-20T11:25:40Z",high
"icd_code=K57.32, icd_version=10, diagnosis=Diverticulitis of large intestine with perforation and abscess without bleeding",high
https://www.nationalarchives.gov.uk/,low
"Name: Northpoint; Longitude: -71.056789; Latitude: 42.358894",low
"Your Skype account has been temporarily restricted. Verify identity: http://skype-verify-restriction.xyz",low
"SSID: Security_Operations, Password: $3c0p$2025!Secure",high
"BLUETOOTH_NAME: Mazda_Connect, PIN: 2225, MAC: 67:89:AB:CD:EF:01",high
"icd_code=304.80, icd_version=9, diagnosis=Polysubstance dependence, unspecified",high
"Exclusive Offer: Free 1-Year Amazon Prime Membership! Claim now: http://free-amazon-prime-year.com",low
"Name: Westgate; Longitude: -117.161111; Latitude: 32.715738",low
ahmed.hassan@nilebank.eg,high
"id:12050, customer_id:44590, phone_number:081201234567, reference_number:TRX-250425152030, net_amount:2100000, status:00, paying_at:2025-04-25T00:00:00Z",high
"WIFI_CONFIG: HVAC_Control, Password: HVAC_C0ntr0l_2025, Security: WPA3",high
https://www.spaceforce.mil/News/,low
"icd_code=I25.110, icd_version=10, diagnosis=Atherosclerotic heart disease of native coronary artery with unstable angina pectoris",high
"Your Grubhub order cannot be delivered. Update delivery instructions: http://grubhub-update-delivery.com",low
"Kowalski, Piotr J",high
"Name: Eastgate; Longitude: -74.006015; Latitude: 40.712776",low
"Bluetooth Device: Logitech_Z906, PIN: 3335, MAC: 78:9A:BC:DE:F0:12",high
"icd_code=G20, icd_version=10, diagnosis=Parkinson's disease",high
"Your Western Union transfer is pending. Confirm details: http://western-union-confirm.net",low
sophia.chen@customs.gov.cn,high
"SSID: Airport_Lounge, Password: LoungeAccess2025, Security: WPA2",low
"Name: Clearwater; Longitude: -82.798464; Latitude: 27.965853",low
https://www.fda.gov/inspections-compliance-enforcement-and-criminal-investigations,low
"BLUETOOTH_NAME: ThinkPad_T480, PIN: 8884, MAC: 90:AB:CD:EF:12:34",high
"icd_code=298.9, icd_version=9, diagnosis=Unspecified psychosis",high
"Kohl's Cash Alert: Your rewards are expiring. Redeem now: http://kohls-cash-redeem.info",low
"Almeida, Rafael S",high
"Bluetooth Device: Bose_QC35, PIN: 4561, Last Connected: 2025-02-21T14:40:55Z",high
"icd_code=M16.0, icd_version=10, diagnosis=Bilateral primary osteoarthritis of hip",high
https://www.cbp.gov/newsroom/stats,low
"Name: Bayview; Longitude: -122.419416; Latitude: 37.774929",low
"Your eBay listing was flagged. Appeal now: http://ebay-listing-appeal.com",low
"SSID: R&D_Secure, Password: R&D_$3cur3_2025!, Security: WPA3",high
"BLUETOOTH_NAME: Lexus_Enform, PIN: 7779, MAC: AB:CD:EF:12:34:56",high
"icd_code=305.60, icd_version=9, diagnosis=Cocaine abuse, unspecified",high
"Congratulations! You won a $2,000 Home Depot gift card. Claim: http://homedepot-giftcard-win.com",low
"Name: Cliffside; Longitude: -118.243683; Latitude: 34.052235",low
ali.rahman@isdb.org,high
"id:13025, customer_id:66712, phone_number:081212345678, reference_number:INV-250430093100, net_amount:950000, status:01, paying_at:2025-04-30T00:00:00Z",high
"WIFI_CONFIG: Building_Automation, Password: B@_2025_S3cur3_P@$$, Security: WPA3",high
https://www.nist.gov/news-events,low
"icd_code=E03.9, icd_version=10, diagnosis=Hypothyroidism, unspecified",high
"Your Best Buy order is delayed. Track shipment: http://bestbuy-track-order.xyz",low
"Gonzalez, Carlos M",high
"Name: Ridgeview; Longitude: -84.387985; Latitude: 33.748997",low
"Bluetooth Device: JBL_Boombox2, PIN: 9993, MAC: BC:DE:F1:23:45:67",high
"icd_code=J96.00, icd_version=10, diagnosis=Acute respiratory failure, unspecified whether with hypoxia or hypercapnia",high
"Your Zoom account has suspicious activity. Secure now: http://zoom-account-secure.info",low
james.wood@dea.gov,high
"SSID: Train_Station_Free, Password: None, Security: Open",low
"Name: Harborview; Longitude: -73.985130; Latitude: 40.758896",low
https://www.sec.gov/edgar/searchedgar/companysearch,low
"BLUETOOTH_NAME: Surface_Pro_7, PIN: 1470, MAC: CD:EF:12:34:56:78",high
"icd_code=296.24, icd_version=9, diagnosis=Major depressive disorder, single episode, severe without psychotic features",high
"Publix Pharmacy: Your refill is ready. Pick up today: http://publix-pharmacy-ready.com",low
"Vargas, Elena R",high
"Bluetooth Device: Fitbit_Sense, PIN: 2022, Last Connected: 2025-02-22T10:15:30Z",high
"icd_code=K21.0, icd_version=10, diagnosis=Gastro-esophageal reflux disease with esophagitis",high
https://www.ftc.gov/enforcement/competition-advocacy,low
"Name: Woodland; Longitude: -118.144516; Latitude: 34.150177",low
"Your Skype credit is low. Top up now: http://skype-top-up-credit.com",low
"SSID: Legal_Archive, Password: L3g@l_Arch!ve_2025, Security: WPA3",high
"BLUETOOTH_NAME: Jeep_Uconnect, PIN: 8886, MAC: DE:F1:23:45:67:89",high
"icd_code=304.30, icd_version=9, diagnosis=Cannabis dependence, unspecified",high
"Exclusive: Free Disney+ for 6 months! Sign up now: http://disney-plus-free-offer.com",low
"Name: Hillside; Longitude: -122.332069; Latitude: 47.606209",low
yusuf.erdem@tika.gov.tr,high
"id:14010, customer_id:88901, phone_number:081223456789, reference_number:TRX-250505111045, net_amount:1750000, status:00, paying_at:2025-05-05T00:00:00Z",high
"WIFI_CONFIG: SCADA_Backup, Password: SC@D@_B@ckup_2025, Security: WPA3",high
https://www.gao.gov/products,low
"icd_code=I21.01, icd_version=10, diagnosis=ST elevation (STEMI) myocardial infarction involving left main coronary artery",high
"Your Lyft ride receipt is available. View now: http://lyft-receipt-view.info",low
"O'Connor, Patrick F",high
"Name: Sunset; Longitude: -118.410042; Latitude: 34.068871",low
"Bluetooth Device: Sony_SRS_XB33, PIN: 6663, MAC: EF:12:34:56:78:9A",high
"icd_code=F41.1, icd_version=10, diagnosis=Generalized anxiety disorder",high
"Your Twitch account has been compromised. Reset password: http://twitch-reset-password.xyz",low
maria.lopez@hacienda.gob.mx,high
"SSID: Mall_Public_WiFi, Password: None, Security: Open",low
"Name: Riverside; Longitude: -117.396156; Latitude: 33.953349",low
https://www.nps.gov/subjects/socialscience/data-sets.htm,low
"BLUETOOTH_NAME: Acer_Predator, PIN: 8520, MAC: 12:34:56:AB:CD:EF",high
"icd_code=295.90, icd_version=9, diagnosis=Unspecified schizophrenia, unspecified state",high
"Walgreen's Refill Ready: Your medication is ready. Confirm pickup: http://walgreens-refill-ready.com",low
"Kim, Min-Seo",high
"Bluetooth Device: Garmin_Forerunner945, PIN: 7774, Last Connected: 2025-02-23T13:20:45Z",high
"icd_code=K52.2, icd_version=10, diagnosis=Allergic and dietetic gastroenteritis and colitis",high
https://www.ers.usda.gov/data-products,low
"Name: Brookhaven; Longitude: -73.115356; Latitude: 40.779437",low
"Your Venmo payment failed. Update payment method: http://venmo-update-payment.com",low
"SSID: Boardroom_Secure, Password: B0@rdroom2025!, Security: WPA3",high
"BLUETOOTH_NAME: Infiniti_InTouch, PIN: 9995, MAC: 34:56:78:9A:BC:DE",high
"icd_code=305.90, icd_version=9, diagnosis=Other, mixed, or unspecified drug abuse, unspecified",high
"Win a MacBook Pro 2025! Enter the draw: http://macbook-pro-giveaway.net",low
"Name: Springhill; Longitude: -86.791130; Latitude: 33.244260",low
vikram.sharma@rbi.org.in,high
"id:15075, customer_id:33489, phone_number:081234567890, reference_number:INV-250510144030, net_amount:1200000, status:01, paying_at:2025-05-10T00:00:00Z",high
"WIFI_CONFIG: Firewall_Management, Password: F!r3w@ll_Mgmt_2025, Security: WPA3",high
https://www.jpl.nasa.gov/visions-of-the-future/,low
"icd_code=J45.50, icd_version=10, diagnosis=Severe persistent asthma, uncomplicated",high
"Your Shipt delivery is running late. Track here: http://shipt-delivery-track.com",low
"Silva, Ana P",high
"Name: Greenville; Longitude: -82.398914; Latitude: 34.852619",low
"Bluetooth Device: JBL_Endurance_Run, PIN: 1115, MAC: 56:78:9A:BC:DE:F0",high
"icd_code=I48.0, icd_version=10, diagnosis=Paroxysmal atrial fibrillation",high
"Your Robinhood account login detected from new IP. Verify: http://robinhood-verify-login.com",low
alexei.sokolov@gov.by,high
"SSID: Hotel_Pool, Password: PoolAccess2025, Security: WPA2",low
"Name: Cedarwood; Longitude: -96.796988; Latitude: 32.776665",low
https://www.fec.gov/data/,low
"BLUETOOTH_NAME: Huawei_MateBook, PIN: 3698, MAC: 78:9A:BC:DE:F0:12",high
"icd_code=296.89, icd_version=9, diagnosis=Bipolar II disorder",high
"CVS ExtraCare: You have 5,000 points expiring soon. Redeem: http://cvs-extracare-redeem.com",low
"Moreno, Diego A",high
"Bluetooth Device: Bose_SoundSport, PIN: 2021, Last Connected: 2025-02-24T08:45:15Z",high
"icd_code=N17.9, icd_version=10, diagnosis=Acute kidney failure, unspecified",high
https://www.census.gov/programs-surveys/aces/data.html,low
"Name: Midtown; Longitude: -84.388115; Latitude: 33.749001",low
"Your Google Fi bill is past due. Pay now: http://google-fi-pay-bill.com",low
"SSID: Compliance_Dept, Password: C0mpl!@nc3_2025!, Security: WPA3",high
"BLUETOOTH_NAME: Acura_Link, PIN: 2229, MAC: 9A:BC:DE:F0:12:34",high
"icd_code=304.10, icd_version=9, diagnosis=Sedative, hypnotic or anxiolytic dependence, unspecified",high
"Free $500 Starbucks Gift Card! Claim now: http://starbucks-giftcard-free.com",low
"Name: Northridge; Longitude: -118.530741; Latitude: 34.228745",low
fatima.zaidi@sbp.org.pk,high
"id:16050, customer_id:55623, phone_number:081245678901, reference_number:TRX-250515132020, net_amount:1950000, status:00, paying_at:2025-05-15T00:00:00Z",high
"WIFI_CONFIG: Camera_Network, Password: C@m3r@_N3t_2025!, Security: WPA3",high
https://www.ars.usda.gov/oc/images/image-gallery/,low
"icd_code=E11.21, icd_version=10, diagnosis=Type 2 diabetes mellitus with diabetic nephropathy",high
"Your Instacart order cannot be delivered. Reschedule: http://instacart-reschedule-delivery.com",low
"Petrov, Dmitri I",high
"Name: Southgate; Longitude: -83.045754; Latitude: 42.331429",low
"Bluetooth Device: JBL_Tune125, PIN: 8887, MAC: BC:DE:F0:12:34:56",high
"icd_code=G35, icd_version=10, diagnosis=Multiple sclerosis",high
"Your Ticketmaster account has unusual activity. Secure now: http://ticketmaster-secure-account.com",low
sarah.johnson@met.police.uk,high
"SSID: University_Library, Password: LibAccess2025, Security: WPA2",low
"Name: Westend; Longitude: -87.629799; Latitude: 41.878113",low
https://www.cancer.gov/about-cancer/treatment/clinical-trials/search,low
"BLUETOOTH_NAME: Lenovo_Legion, PIN: 6543, MAC: DE:F0:12:34:56:78",high
"icd_code=297.1, icd_version=9, diagnosis=Delusional disorder",high
"Rite Aid: Your prescription is ready for pickup. Confirm: http://riteaid-prescription-ready.com",low
"Chen, Xiao L",high
"Bluetooth Device: Samsung_Galaxy_Tab, PIN: 3210, Last Connected: 2025-02-25T17:30:20Z",high
"icd_code=K57.31, icd_version=10, diagnosis=Diverticulitis of large intestine without perforation or abscess without bleeding",high
https://www.weather.gov/forecastmaps,low
"Name: Eastend; Longitude: -71.058884; Latitude: 42.360082",low
"Your Coinbase tax form is ready. Download now: http://coinbase-tax-form.com",low
"SSID: Finance_VLAN, Password: F!n@nc3_VL@N_2025, Security: WPA3",high
"BLUETOOTH_NAME: Chrysler_Uconnect, PIN: 7776, MAC: F0:12:34:56:78:9A",high
"icd_code=305.20, icd_version=9, diagnosis=Cannabis abuse, unspecified",high
"Exclusive: Free 1-Year Netflix Premium! Register now: http://netflix-free-premium.com",low
"Name: Central; Longitude: -84.280632; Latitude: 30.438256",low
omar.khalid@mofa.gov.sa,high
"id:17025, customer_id:77834, phone_number:081256789012, reference_number:INV-250520101055, net_amount:850000, status:01, paying_at:2025-05-20T00:00:00Z",high
"WIFI_CONFIG: Access_Control, Password: @cc3$$_C0ntr0l_2025, Security: WPA3",high
https://www.loc.gov/collections/,low
"icd_code=I25.2, icd_version=10, diagnosis=Old myocardial infarction",high
"Your Postmates delivery is delayed. Track here: http://postmates-delivery-track.com",low
"Kowalczyk, Janusz P",high
"Name: Uptown; Longitude: -73.971249; Latitude: 40.783058",low
"Bluetooth Device: JBL_Quantum800, PIN: 9998, MAC: 12:34:56:78:9A:BC",high
"icd_code=J43.9, icd_version=10, diagnosis=Emphysema, unspecified",high
"Your PSN account has been temporarily suspended. Appeal now: http://playstation-account-appeal.com",low
liam.walsh@garda.ie,high
"SSID: Cafe_Bistro, Password: Coffee2025, Security: WPA2",low
"Name: Downtown; Longitude: -122.419416; Latitude: 37.774929",low
https://www.aphis.usda.gov/aphis/resources/pests-diseases,low
"BLUETOOTH_NAME: MacBook_Pro_M1, PIN: 1590, MAC: 34:56:78:9A:BC:DE",high
"icd_code=296.89, icd_version=9, diagnosis=Bipolar II disorder",high
"Safeway Pharmacy: Your refill is ready. Schedule pickup: http://safeway-pharmacy-refill.com",low
"Rodriguez, Mateo L",high
"Bluetooth Device: Jabra_Elite_85t, PIN: 4569, Last Connected: 2025-02-26T12:10:35Z",high
"icd_code=K29.30, icd_version=10, diagnosis=Chronic superficial gastritis without bleeding",high
https://www.bis.doc.gov/index.php/regulations,low
"Name: Midvale; Longitude: -111.886797; Latitude: 40.611062",low
"Your Cash App account has a security alert. Verify now: http://cashapp-verify-alert.com",low
"SSID: CEO_VPN, Password: CEO_VPN_P@$$2025!, Security: WPA3",high
"BLUETOOTH_NAME: Buick_IntelliLink, PIN: 3338, MAC: 56:78:9A:BC:DE:F0",high
"icd_code=304.00, icd_version=9, diagnosis=Opioid dependence, unspecified",high
"Win a $3,000 Visa Gift Card! Enter now: http://visa-giftcard-giveaway.win",low
"Name: Oldtown; Longitude: -77.036871; Latitude: 38.907192",low
anika.desai@nic.in,high
"id:18050, customer_id:99178, phone_number:081267890123, reference_number:TRX-250525151010, net_amount:2100000, status:00, paying_at:2025-05-25T00:00:00Z",high
"WIFI_CONFIG: HVAC_Monitoring, Password: HVAC_M0nit0r_2025, Security: WPA3",high
https://www.spacex.com/updates/,low
"icd_code=E11.40, icd_version=10, diagnosis=Type 2 diabetes mellitus with neurological complications",high
"Your Grubhub driver cannot find your address. Update: http://grubhub-update-address.com",low
"Ivanov, Sergei V",high
"Name: Newtown; Longitude: -73.935242; Latitude: 40.730610",low
"Bluetooth Device: Sony_WH_CH710N, PIN: 6668, MAC: 78:9A:BC:DE:F0:12",high
"icd_code=M17.12, icd_version=10, diagnosis=Unilateral primary osteoarthritis, left knee",high
"Your Reddit account has been locked due to suspicious activity. Unlock now: http://reddit-account-unlock.net",low
fatima.al-khalifa@moi.gov.bh,high
"SSID: CoWorking_Space, Password: Work2025!, Security: WPA2",low
"Name: Westborough; Longitude: -71.616169; Latitude: 42.262593",low
https://www.fs.usda.gov/working-with-us/grants,low
"BLUETOOTH_NAME: Surface_Laptop_4, PIN: 7531, MAC: 9A:BC:DE:F0:12:34",high
"icd_code=295.70, icd_version=9, diagnosis=Schizoaffective disorder",high
"Albertsons Pharmacy: Your prescription is ready. Pickup details: http://albertsons-pharmacy-ready.com",low
"Tanaka, Hiroshi",high
"Bluetooth Device: JBL_Charge5, PIN: 5552, Last Connected: 2025-02-27T09:55:40Z",high
"icd_code=K51.90, icd_version=10, diagnosis=Ulcerative colitis, unspecified, without complications",high
https://www.nrc.gov/reading-rm/doc-collections/,low
"Name: Eastborough; Longitude: -71.089191; Latitude: 42.360884",low
"Your Zelle payment is pending. Confirm recipient: http://zelle-confirm-recipient.com",low
"SSID: Audit_Trail, Password: @ud!t_Tr@il_2025!, Security: WPA3",high
"BLUETOOTH_NAME: Cadillac_CUE, PIN: 4447, MAC: BC:DE:F0:12:34:56",high
"icd_code=304.40, icd_version=9, diagnosis=Amphetamine or related acting sympathomimetic dependence, unspecified",high
"Exclusive: Free 1-Year Xbox Game Pass Ultimate! Claim: http://xbox-gamepass-free.com",low
"Name: Northborough; Longitude: -71.639457; Latitude: 42.319547",low
rajiv.mehta@dhs.gov,high
"id:19075, customer_id:33412, phone_number:081278901234, reference_number:INV-250530115025, net_amount:1350000, status:01, paying_at:2025-05-30T00:00:00Z",high
"WIFI_CONFIG: Industrial_IoT, Password: Indu$tr!@l_I0T_2025, Security: WPA3",high
https://www.darpa.mil/work-with-us/opportunities,low
"icd_code=I11.0, icd_version=10, diagnosis=Hypertensive heart disease with heart failure",high
"Your Seamless order cannot be delivered. Contact support: http://seamless-delivery-help.com",low
"Novak, Lukas",high
"Name: Southborough; Longitude: -71.524499; Latitude: 42.305641",low
"Bluetooth Device: JBL_Live_Pro+, PIN: 7772, MAC: DE:F0:12:34:56:78",high
"icd_code=N18.3, icd_version=10, diagnosis=Chronic kidney disease, stage 3 (moderate)",high
"Your WhatsApp account verification required due to new login. Confirm: http://whatsapp-verify-account.com",low
hannah.muller@bka.de,high
"SSID: Airport_Terminal, Password: FlySafe2025, Security: WPA2",low
"Name: Midland; Longitude: -84.247199; Latitude: 43.615583",low
https://www.ice.gov/doclib/coronavirus/,low
"BLUETOOTH_NAME: ThinkPad_X1, PIN: 9871, MAC: F0:12:34:56:78:9A",high
"icd_code=296.22, icd_version=9, diagnosis=Major depressive disorder, single episode, moderate",high
"Kaiser Permanente: Your lab results are available. View now: http://kaiser-lab-results.com",low
"Fernandez, Juan Carlos",high
"Bluetooth Device: Sony_SRS_XB23, PIN: 2020, Last Connected: 2025-02-28T14:22:10Z",high
"icd_code=J45.909, icd_version=10, diagnosis=Unspecified asthma, uncomplicated",high
https://www.osha.gov/data,low
"Name: Highland Park; Longitude: -87.800059; Latitude: 41.553648",low
"Your Uber Eats driver is nearby. Track live: http://uber-eats-track-driver.com",low
"SSID: Legal_VPN, Password: L3g@l_VPN_2025!, Security: WPA3",high
"BLUETOOTH_NAME: LandRover_InControl, PIN: 8889, MAC: 12:34:56:78:9A:BC",high
"icd_code=304.50, icd_version=9, diagnosis=Hallucinogen dependence, unspecified",high
"Win a $5,000 Amazon Shopping Spree! Enter now: http://amazon-spree-giveaway.com",low
"Name: Lincoln Park; Longitude: -87.649560; Latitude: 41.921732",low
sara.ahmed@moh.gov.eg,high
"id:20010, customer_id:88945, phone_number:081289012345, reference_number:TRX-250605093045, net_amount:1650000, status:00, paying_at:2025-06-05T00:00:00Z",high
"WIFI_CONFIG: Physical_Security, Password: Phys!c@l_S3cur!ty_2025, Security: WPA3",high
https://www.nhtsa.gov/ratings,low
"icd_code=E11.9, icd_version=10, diagnosis=Type 2 diabetes mellitus without complications",high
"Your DoorDash driver cannot find your location. Update: http://doordash-update-location.com",low
"Schmidt, Lena",high
"Name: Grant Park; Longitude: -87.619391; Latitude: 41.872243",low
"Bluetooth Device: JBL_Reflect_Flow, PIN: 9990, MAC: 34:56:78:9A:BC:DE",high
"icd_code=G40.309, icd_version=10, diagnosis=Generalized idiopathic epilepsy and epileptic syndromes, not intractable, without status epilepticus",high
"Your Twitter account has been temporarily restricted. Appeal now: http://twitter-appeal-restriction.com",low
jacob.levi@shinbet.gov.il,high
"SSID: Hospital_Staff, Password: Staff2025!, Security: WPA2",high
"Name: Central Park; Longitude: -73.965355; Latitude: 40.782865",low
https://www.fbi.gov/services/cjis/ucr/,low
"BLUETOOTH_NAME: Dell_XPS15, PIN: 2469, MAC: 56:78:9A:BC:DE:F0",high
"icd_code=297.3, icd_version=9, diagnosis=Shared psychotic disorder",high
"Walgreens Balance Rewards: You have 8,000 points expiring. Redeem: http://walgreens-points-redeem.com",low
"Kumar, Anjali",high
"Bluetooth Device: Bose_SoundLink_Revolve, PIN: 4568, Last Connected: 2025-03-01T11:40:50Z",high
"icd_code=I21.3, icd_version=10, diagnosis=ST elevation (STEMI) myocardial infarction of unspecified site",high
https://www.atf.gov/resource-center/data-statistics,low
"Name: Golden Gate Park; Longitude: -122.455287; Latitude: 37.769420",low
"Your Instacart driver is at the store. View updates: http://instacart-driver-updates.com",low
"SSID: HR_VPN, Password: HR_VPN_2025$ecure, Security: WPA3",high
"BLUETOOTH_NAME: Mercedes_Benz_Command, PIN: 7771, MAC: 78:9A:BC:DE:F0:12",high
"icd_code=305.70, icd_version=9, diagnosis=Opioid abuse, unspecified",high
"Free $1,000 Target Gift Card! Claim instantly: http://target-giftcard-free.com",low
"Name: Balboa Park; Longitude: -117.144516; Latitude: 32.732304",low
alexander.ivanov@fsb.ru,high
"id:21050, customer_id:33478, phone_number:081290123456, reference_number:INV-250610142015, net_amount:950000, status:01, paying_at:2025-06-10T00:00:00Z",high
"WIFI_CONFIG: Building_Management, Password: B@_M@n@g3m3nt_2025, Security: WPA3",high
https://www.dea.gov/data-and-statistics,low
"icd_code=J44.0, icd_version=10, diagnosis=Chronic obstructive pulmonary disease with acute lower respiratory infection",high
"Your Postmates order is on the way. Track live: http://postmates-live-track.com",low
"Garcia, Isabella M",high
"Name: Griffith Park; Longitude: -118.292763; Latitude: 34.138119",low
"Bluetooth Device: JBL_Clip4, PIN: 1118, MAC: 9A:BC:DE:F0:12:34",high
"icd_code=M54.2, icd_version=10, diagnosis=Cervicalgia",high
"Your Airbnb host messaged you. View message: http://airbnb-view-message.com",low
sophie.dupont@dgsic.gouv.fr,high
"SSID: Conference_Center, Password: Conf2025!, Security: WPA2",low
"Name: Stanley Park; Longitude: -123.134350; Latitude: 49.304329",low
https://www.cisa.gov/cybersecurity,low
"BLUETOOTH_NAME: HP_EliteBook, PIN: 8523, MAC: BC:DE:F0:12:34:56",high
"icd_code=296.89, icd_version=9, diagnosis=Bipolar II disorder",high
"CVS Pharmacy: Medication ready for pickup. Confirm: http://cvs-medication-ready.com",low
"Wu, Liang",high
"Bluetooth Device: Samsung_Galaxy_Buds_Live, PIN: 7894, Last Connected: 2025-03-02T16:15:25Z",high
"icd_code=K57.33, icd_version=10, diagnosis=Diverticulitis of both small and large intestine with perforation and abscess",high
https://www.dol.gov/agencies/eta/performance,low
"Name: Centennial Park; Longitude: -86.781602; Latitude: 36.162663",low
"Your PayPal money request is pending. Approve now: http://paypal-approve-request.com",low
"SSID: Research_VPN, Password: R3s3@rch_VPN_2025!, Security: WPA3",high
"BLUETOOTH_NAME: Audi_Virtual_Cockpit, PIN: 2228, MAC: DE:F0:12:34:56:78",high
"icd_code=304.60, icd_version=9, diagnosis=Cocaine dependence, episodic",high
"Exclusive: Free 1-Year Spotify Premium! Sign up now: http://spotify-premium-free.com",low
"Name: Liberty Park; Longitude: -111.890111; Latitude: 40.760779",low
mohamed.hassan@nca.gov.eg,high
"id:22025, customer_id:66789, phone_number:081301234567, reference_number:TRX-250615121100, net_amount:1850000, status:00, paying_at:2025-06-15T00:00:00Z",high
"WIFI_CONFIG: Power_Grid_Control, Password: P0w3r_Gr!d_2025, Security: WPA3",high
https://www.epa.gov/risk,low
"icd_code=I10, icd_version=10, diagnosis=Essential (primary) hypertension",high
"Your Grubhub driver has arrived. Confirm delivery: http://grubhub-confirm-delivery.com",low
"Nowak, Katarzyna",high
"Name: Memorial Park; Longitude: -95.461083; Latitude: 29.760803",low
"Bluetooth Device: JBL_Tune230, PIN: 6669, MAC: F0:12:34:56:78:9A",high
"icd_code=G47.30, icd_version=10, diagnosis=Sleep apnea, unspecified",high
"Your LinkedIn account has a security alert. Verify now: http://linkedin-security-alert.com",low
chen.wang@mps.gov.cn,high
"SSID: Hotel_Lobby, Password: Welcome2025, Security: WPA2",low
"Name: Prospect Park; Longitude: -73.969742; Latitude: 40.660204",low
https://www.fda.gov/safety/medwatch-fda-safety-information-and-adverse-event-reporting-program,low
"BLUETOOTH_NAME: Surface_Studio, PIN: 1478, MAC: 12:34:56:78:9A:BC",high
"icd_code=295.70, icd_version=9, diagnosis=Schizoaffective disorder",high
"Rite Aid: Your flu shot appointment reminder. Confirm: http://riteaid-flu-shot-reminder.com",low
"Silva, Ricardo",high
"Bluetooth Device: JBL_Endurance_Sprint, PIN: 5557, Last Connected: 2025-03-03T10:30:45Z",high
"icd_code=N20.1, icd_version=10, diagnosis=Calculus of ureter",high
https://www.usgs.gov/science/science-explorer,low
"Name: Riverfront Park; Longitude: -84.191605; Latitude: 39.758949",low
"Your Venmo account has a new login. Verify device: http://venmo-verify-device.com",low
"SSID: Finance_Secure, Password: F!n@nc3_S3cur3_2025, Security: WPA3",high
"BLUETOOTH_NAME: Lexus_RX, PIN: 8885, MAC: 34:56:78:9A:BC:DE",high
"icd_code=304.80, icd_version=9, diagnosis=Polysubstance dependence, episodic",high
"Win a Luxury Trip to Paris! Enter now: http://paris-trip-giveaway.com",low
"Name: Washington Park; Longitude: -87.629799; Latitude: 41.795172",low
yousef.al-omar@moi.gov.kw,high
"id:23050, customer_id:88912, phone_number:081312345678, reference_number:INV-250620101030, net_amount:1150000, status:01, paying_at:2025-06-20T00:00:00Z",high
"WIFI_CONFIG: Surveillance_Backup, Password: Surv_Backup_2025!, Security: WPA3",high
https://www.nasa.gov/multimedia/imagegallery/,low
"icd_code=E11.65, icd_version=10, diagnosis=Type 2 diabetes mellitus with hyperglycemia",high
"Your Uber driver is arriving now. Track here: http://uber-driver-arriving.com",low
"Khan, Amir",high
"Name: Forest Park; Longitude: -90.285147; Latitude: 38.638729",low
"Bluetooth Device: JBL_Live_Free2, PIN: 7773, MAC: 56:78:9A:BC:DE:F0",high
"icd_code=J18.1, icd_version=10, diagnosis=Lobar pneumonia, unspecified organism",high
"Your Instagram account has a copyright claim. Appeal now: http://instagram-copyright-appeal.com",low
liam.oconnor@defence.ie,high
"SSID: Train_WiFi, Password: Travel2025, Security: WPA2",low
"Name: Hyde Park; Longitude: -0.165730; Latitude: 51.507268",low
https://www.fema.gov/data-visualization,low
"BLUETOOTH_NAME: MacBook_Air_M2, PIN: 3692, MAC: 78:9A:BC:DE:F0:12",high
"icd_code=296.33, icd_version=9, diagnosis=Major depressive disorder, recurrent, severe without psychotic features",high
"Walmart Pharmacy: Your prescription is delayed. Reschedule: http://walmart-pharmacy-delay.com",low
"Gonzalez, Sofia",high
"Bluetooth Device: Sony_WF1000XM5, PIN: 2026, Last Connected: 2025-03-04T13:25:50Z",high
"icd_code=K57.32, icd_version=10, diagnosis=Diverticulitis of large intestine with perforation and abscess without bleeding",high
https://www.energy.gov/eere/vehicles/vehicle-technologies-office,low
"Name: Regent's Park; Longitude: -0.156090; Latitude: 51.523476",low
"Your Cash App card was declined. Update details: http://cashapp-update-card.com",low
"SSID: IT_Infrastructure, Password: !T_!nfra_2025$ecure, Security: WPA3",high
"BLUETOOTH_NAME: Volvo_Pilot_Assist, PIN: 3339, MAC: 9A:BC:DE:F0:12:34",high
"icd_code=304.20, icd_version=9, diagnosis=Cocaine dependence, continuous",high
"Free $2,000 Walmart Gift Card! Click here: http://walmart-giftcard-2000.com",low
"Name: Green Park; Longitude: -0.142500; Latitude: 51.506369",low
anika.sharma@mod.gov.in,high
"id:24075, customer_id:33456, phone_number:081323456789, reference_number:TRX-250625141045, net_amount:1750000, status:00, paying_at:2025-06-25T00:00:00Z",high
"WIFI_CONFIG: SCADA_Isolated, Password: SC@D@_Is0l@t3d_2025, Security: WPA3",high
https://www.cbp.gov/travel,low
"icd_code=I25.119, icd_version=10, diagnosis=Atherosclerotic heart disease of native coronary artery with unspecified angina pectoris",high
"Your DoorDash order is being prepared. View status: http://doordash-order-status.com",low
"Petrov, Nikolai",high
"Name: St. James's Park; Longitude: -0.134708; Latitude: 51.503324",low
"Bluetooth Device: JBL_Quantum_One, PIN: 9997, MAC: BC:DE:F0:12:34:56",high
"icd_code=F32.9, icd_version=10, diagnosis=Major depressive disorder, single episode, unspecified",high
"Your Microsoft account has unusual sign-in activity. Secure now: http://microsoft-unusual-signin.com",low
maria.fernandez@cni.es,high
"SSID: Bus_WiFi, Password: RideSafe2025, Security: WPA2",low
"Name: Royal Parks; Longitude: -0.150611; Latitude: 51.501364",low
https://www.usa.gov/statistics/economic,low
"BLUETOOTH_NAME: Dell_Latitude, PIN: 7530, MAC: DE:F0:12:34:56:78",high
"icd_code=295.90, icd_version=9, diagnosis=Unspecified schizophrenia, unspecified state",high
"Kroger: Your grocery delivery is arriving soon. Track: http://kroger-delivery-track.com",low
"Kim, Ji-Hoon",high
"Bluetooth Device: JBL_Tour_Pro+, PIN: 4567, Last Connected: 2025-03-05T15:40:30Z",high
"icd_code=K29.60, icd_version=10, diagnosis=Other gastritis without bleeding",high
https://www.commerce.gov/data-reports/economic-indicators,low
"Name: Kensington Gardens; Longitude: -0.182844; Latitude: 51.507268",low
"Your Google account recovery email changed. Confirm: http://google-recovery-email.com",low
"SSID: Security_Operations_Center, Password: $0C_2025_S3cur3!, Security: WPA3",high
"BLUETOOTH_NAME: BMW_7_Series, PIN: 7775, MAC: F0:12:34:56:78:9A",high
"icd_code=304.70, icd_version=9, diagnosis=Cannabis dependence, continuous",high
"Win a $10,000 Cash Prize! Enter now: http://cash-prize-giveaway.net",low
"Name: Holland Park; Longitude: -0.204722; Latitude: 51.503611",low
omar.al-mansoori@moci.gov.ae,high
"id:25010, customer_id:66723, phone_number:081334567890, reference_number:INV-250630112100, net_amount:1950000, status:01, paying_at:2025-06-30T00:00:00Z",high
"WIFI_CONFIG: Industrial_Control, Password: Ind_C0ntr0l_2025!, Security: WPA3",high
https://www.dhs.gov/science-and-technology,low
"icd_code=I21.4, icd_version=10, diagnosis=Non-ST elevation (NSTEMI) myocardial infarction",high
"Your Postmates driver has picked up your order. Track: http://postmates-picked-up.com",low
"Novak, Petra",high
"Name: Battersea Park; Longitude: -0.155630; Latitude: 51.478870",low
"Bluetooth Device: JBL_Flip_ESSENTIAL, PIN: 1119, MAC: 12:34:56:78:9A:BC",high
"icd_code=G35, icd_version=10, diagnosis=Multiple sclerosis",high
"Your Facebook account has been locked. Verify identity: http://facebook-verify-identity.com",low
sophie.mercier@dgse.gouv.fr,high
"SSID: Airport_Express, Password: Express2025, Security: WPA2",low
"Name: Victoria Park; Longitude: -0.039444; Latitude: 51.536111",low
https://www.fcc.gov/data,low
"BLUETOOTH_NAME: HP_Spectre_x360, PIN: 2581, MAC: 34:56:78:9A:BC:DE",high
"icd_code=296.89, icd_version=9, diagnosis=Bipolar II disorder",high
"CVS: Your medication is out of refills. Request now: http://cvs-refill-request.com",low
"Chen, Wei",high
"Bluetooth Device: JBL_Quantum_400, PIN: 8883, Last Connected: 2025-03-06T12:20:15Z",high
"icd_code=K52.9, icd_version=10, diagnosis=Noninfective gastroenteritis and colitis, unspecified",high
https://www.state.gov/reports-bureau-of-democracy-human-rights-and-labor/,low
"Name: Hampstead Heath; Longitude: -0.165278; Latitude: 51.558611",low
"Your PayPal account has a new device login. Confirm: http://paypal-new-device.com",low
"SSID: R&D_Confidential, Password: R&D_C0nf!d3nt!@l_2025, Security: WPA3",high
"BLUETOOTH_NAME: Audi_RS6, PIN: 9996, MAC: 56:78:9A:BC:DE:F0",high
"icd_code=304.00, icd_version=9, diagnosis=Opioid dependence, unspecified",high
"Exclusive: Free iPhone 16 Pro Max! Register now: http://iphone16-promax-free.com",low
"Name: Richmond Park; Longitude: -0.268056; Latitude: 51.449722",low
ahmed.rahman@isdb.org,high
"id:26050, customer_id:88934, phone_number:081345678901, reference_number:TRX-250705093030, net_amount:1250000, status:00, paying_at:2025-07-05T00:00:00Z",high
"WIFI_CONFIG: Power_Management, Password: P0w3r_Mgmt_2025!, Security: WPA3",high
https://www.nist.gov/el/intelligent-systems-division,low
"icd_code=E11.9, icd_version=10, diagnosis=Type 2 diabetes mellitus without complications",high
"Your Uber Eats driver is nearby. Confirm delivery: http://ubereats-confirm-delivery.com",low
"Garcia, Diego",high
"Name: Bushy Park; Longitude: -0.331389; Latitude: 51.415278",low
"Bluetooth Device: JBL_Endurance_Race, PIN: 6667, MAC: 78:9A:BC:DE:F0:12",high
"icd_code=G47.33, icd_version=10, diagnosis=Obstructive sleep apnea (adult) (pediatric)",high
"Your Discord account has been compromised. Reset password: http://discord-reset-password.com",low
yuki.takahashi@mod.go.jp,high
"SSID: Restaurant_Guest, Password: Dine2025, Security: WPA2",low
"Name: Parc Monceau; Longitude: 2.309722; Latitude: 48.879722",low
https://www.ftc.gov/policy/advocacy-research,low
"BLUETOOTH_NAME: ASUS_ZenBook, PIN: 1472, MAC: F0:12:34:56:78:9A",high
"icd_code=298.8, icd_version=9, diagnosis=Other specified psychotic disorders",high
"Kroger Pharmacy: Your refill is ready. Schedule pickup: http://kroger-schedule-pickup.com",low
"Singh, Arjun",high
"Bluetooth Device: JBL_Charge_4_Special, PIN: 2028, Last Connected: 2025-03-08T14:35:40Z",high
"icd_code=K57.30, icd_version=10, diagnosis=Diverticulosis of large intestine without perforation or abscess without bleeding",high
https://www.sec.gov/data/edgar,low
"Name: Jardin des Plantes; Longitude: 2.358889; Latitude: 48.844722",low
"Your Venmo account was logged in from a new browser. Verify: http://venmo-verify-browser.com",low
"SSID: Executive_Protection, Password: Ex3c_Pr0t3ct_2025!, Security: WPA3",high
"BLUETOOTH_NAME: Ferrari_Infotainment, PIN: 7778, MAC: 12:34:56:78:9A:BC",high
"icd_code=304.40, icd_version=9, diagnosis=Amphetamine dependence, unspecified",high
"Exclusive: Free 2-Year Disney+ Subscription! Claim now: http://disneyplus-free-years.com",low
"Name: Parc des Buttes-Chaumont; Longitude: 2.382500; Latitude: 48.880556",low
"id:28150, customer_id:99123, phone_number:081367890123, reference_number:TRX-250715122000, net_amount:2050000, status:00, paying_at:2025-07-15T00:00:00Z",high
"WIFI_CONFIG: Network_Security, Password: N3tw0rk_S3c_2025!, Security: WPA3",high
"icd_code=I48.91, icd_version=10, diagnosis=Unspecified atrial fibrillation",high
"Your Twitch subscription has failed. Update payment: http://twitch-update-payment.com",low
emma.johnson@asd.gov.au,high
"SSID: Museum_Free, Password: None, Security: Open",low
"Name: Parc André Citroën; Longitude: 2.274722; Latitude: 48.840556",low
https://www.bjs.gov/index.cfm?ty=dca,low
"BLUETOOTH_NAME: Razer_Blade_15, PIN: 9873, MAC: 34:56:78:9A:BC:DE",high
"icd_code=296.34, icd_version=9, diagnosis=Major depressive disorder, recurrent, severe with psychotic features",high
"Walgreens: Your photo order is ready. Pick up: http://walgreens-photo-ready.com",low
"Patel, Neha",high
"Bluetooth Device: JBL_PartyBox_110, PIN: 5559, Last Connected: 2025-03-09T11:10:55Z",high
"icd_code=N18.5, icd_version=10, diagnosis=Chronic kidney disease, stage 5",high
https://www.ice.gov/features/statistics,low
"Name: Parc de Belleville; Longitude: 2.381944; Latitude: 48.872500",low
"Your PayPal account has a chargeback. Respond now: http://paypal-chargeback-respond.com",low
"SSID: Command_Center, Password: Cmd_C3nt3r_2025!, Security: WPA3",high
"BLUETOOTH_NAME: Lamborghini_Infotainment, PIN: 9994, MAC: 56:78:9A:BC:DE:F0",high
"icd_code=305.60, icd_version=9, diagnosis=Cocaine abuse, episodic",high
"Win a Dream Vacation to Maldives! Enter now: http://maldives-vacation-giveaway.com",low
"Name: Square Saint-Louis; Longitude: 2.363889; Latitude: 48.855000",low
"WIFI_CONFIG: Emergency_Systems, Password: Em3rg3ncy_Sys_2025, Security: WPA3",high
"icd_code=J44.9, icd_version=10, diagnosis=Chronic obstructive pulmonary disease, unspecified",high
"Your Uber account was accessed from a new device. Verify: http://uber-verify-device.com",low
"Garcia, Lucia",high
"Bluetooth Device: JBL_Bar_9.1, PIN: 7770, MAC: 78:9A:BC:DE:F0:12",high
"icd_code=F33.2, icd_version=10, diagnosis=Major depressive disorder, recurrent severe without psychotic features",high
"Your Apple ID has been locked for security reasons. Unlock now: http://appleid-unlock-security.com",low
robert.chen@nasa.gov,high
"SSID: Coffee_Shop_Guest, Password: Coffee2025!, Security: WPA2",low
"Name: Acadia; Longitude: -68.256944; Latitude: 44.351944",low
https://www.uspto.gov/trademarks/search,low
"BLUETOOTH_NAME: MSI_Stealth, PIN: 3579, MAC: 9A:BC:DE:F0:12:34",high
"icd_code=250.02, icd_version=9, diagnosis=Diabetes mellitus without mention of complication, type II or unspecified type, uncontrolled",high
"Your bank account has been compromised. Secure now: http://bank-secure-now.xyz",low
"Martinez, Elena",high
"Bluetooth Device: JBL_Clip_3, PIN: 2224, Last Connected: 2025-03-10T08:25:15Z",high
"icd_code=I50.9, icd_version=10, diagnosis=Heart failure, unspecified",high
https://www.healthcare.gov/data/,low
"Name: Badlands; Longitude: -102.335556; Latitude: 43.855556",low
"Your Netflix payment method failed. Update now: http://netflix-update-payment.net",low
"SSID: Hospital_Radiology, Password: R@di0l0gy_2025, Security: WPA3",high
"BLUETOOTH_NAME: Maserati_Touchscreen, PIN: 8883, MAC: BC:DE:F0:12:34:56",high
"icd_code=304.90, icd_version=9, diagnosis=Other specified drug dependence, unspecified",high
"$1,000 Amazon Gift Card Giveaway! Enter here: http://amazon-giftcard-1000.com",low
"Name: Big Bend; Longitude: -103.251667; Latitude: 29.247778",low
fatima.khan@sec.gov.pk,high
"id:29010, customer_id:44512, phone_number:081378901234, reference_number:TRX-250720091045, net_amount:1350000, status:00, paying_at:2025-07-20T00:00:00Z",high
"WIFI_CONFIG: Laboratory_Network, Password: L@b_N3tw0rk_2025!, Security: WPA3",high
https://www.occ.gov/publications-and-resources,low
"icd_code=M15.9, icd_version=10, diagnosis=Polyosteoarthritis, unspecified",high
"Your DoorDash order has been cancelled. Reorder now: http://doordash-reorder.com",low
"Schmidt, Hans",high
"Name: Bryce Canyon; Longitude: -112.187222; Latitude: 37.628333",low
"Bluetooth Device: JBL_Tune_510BT, PIN: 6665, MAC: DE:F0:12:34:56:78",high
"icd_code=E05.00, icd_version=10, diagnosis=Thyrotoxicosis with diffuse goiter without thyrotoxic crisis or storm",high
"Your PayPal account received a suspicious payment. Review: http://paypal-review-payment.com",low
"Lee, Min-Ji",high
"SSID: Embassy_Visitor, Password: Diplomat2025, Security: WPA3",high
"Name: Zion; Longitude: -113.004167; Latitude: 37.298333",low
"BLUETOOTH_NAME: Alienware_m18, PIN: 1475, MAC: F0:12:34:56:78:9A",high
"icd_code=295.40, icd_version=9, diagnosis=Schizophreniform disorder, unspecified state",high
"CVS Pharmacy: Your prescription is ready for delivery. Track: http://cvs-delivery-track.com",low
"WIFI_CONFIG: Smart_Grid, Password: Sm@rt_Gr!d_2025, Security: WPA3",high
"Name: Grand Teton; Longitude: -110.707222; Latitude: 43.790278",low
chen.wei@cma.gov.cn,high
"id:30100, customer_id:66734, phone_number:081389012345, reference_number:INV-250725143020, net_amount:2250000, status:01, paying_at:2025-07-25T00:00:00Z",high
"icd_code=N40.1, icd_version=10, diagnosis=Benign prostatic hyperplasia with lower urinary tract symptoms",high
"Your Hulu account has been accessed from a new device. Confirm: http://hulu-confirm-device.com",low
"Bluetooth Device: JBL_Freeze, PIN: 5558, Last Connected: 2025-03-11T16:40:35Z",high
"icd_code=J45.50, icd_version=10, diagnosis=Severe persistent asthma, uncomplicated",high
https://www.trade.gov/data,low
"Name: Arches; Longitude: -109.592778; Latitude: 38.727778",low
"Your Spotify account was logged in from an unknown location. Secure: http://spotify-secure-location.com",low
"SSID: Defense_Contractor, Password: D3f3ns3_C0ntr@ct0r, Security: WPA3",high
"icd_code=304.10, icd_version=9, diagnosis=Sedative, hypnotic or anxiolytic dependence, continuous",high
"Free MacBook Air M3! Claim now: http://macbook-air-m3-giveaway.com",low
"Name: Glacier; Longitude: -113.410833; Latitude: 48.703056",low
alejandro.ramirez@semar.gob.mx,high
"BLUETOOTH_NAME: ROG_Zephyrus, PIN: 7532, MAC: 12:34:56:78:9A:BC",high
"icd_code=K29.50, icd_version=10, diagnosis=Chronic gastritis, unspecified, without bleeding",high
"Walgreens: Your photo order is ready. Pick up: http://walgreens-photo-ready.com",low
"Name: Cuyahoga; Longitude: -81.521389; Latitude: 41.210833",low
"Bluetooth Device: JBL_Wind, PIN: 1116, Last Connected: 2025-03-12T10:15:45Z",high
"icd_code=I11.9, icd_version=10, diagnosis=Hypertensive heart disease without heart failure",high
"Your Uber account has a payment issue. Update: http://uber-payment-update.com",low
"SSID: Air_Traffic_Control, Password: ATC_2025_S3cur3!, Security: WPA3",high
"Name: Denali; Longitude: -150.958889; Latitude: 63.114167",low
https://www.dod.ig.mil/reports.html,low
"icd_code=296.89, icd_version=9, diagnosis=Bipolar II disorder",high
"Walmart Savings Catcher: You have $50 waiting. Claim: http://walmart-savings-catcher.com",low
"Patel, Vikram",high
"WIFI_CONFIG: Satellite_Communication, Password: S@tC0m_2025!, Security: WPA3",high
"id:31150, customer_id:88956, phone_number:081390123456, reference_number:TRX-250730104015, net_amount:1850000, status:00, paying_at:2025-07-30T00:00:00Z",high
"icd_code=K50.90, icd_version=10, diagnosis=Crohn's disease, unspecified, without complications",high
"Your Grubhub driver is waiting. Confirm arrival: http://grubhub-confirm-arrival.com",low
"Name: Gateway Arch; Longitude: -90.184722; Latitude: 38.624722",low
"BLUETOOTH_NAME: ThinkPad_Z16, PIN: 3698, MAC: 34:56:78:9A:BC:DE",high
"icd_code=G40.209, icd_version=10, diagnosis=Localization-related (focal) (partial) symptomatic epilepsy and epileptic syndromes with complex partial seizures, not intractable, without status epilepticus",high
"Your Microsoft 365 subscription has expired. Renew now: http://microsoft365-renew.com",low
"Silva, Joaquim",high
"SSID: Border_Control, Password: B0rd3r_C0ntr0l_2025, Security: WPA3",high
"Name: Hot Springs; Longitude: -93.058333; Latitude: 34.521111",low
"Bluetooth Device: JBL_Reflect_Mini, PIN: 7772, Last Connected: 2025-03-13T13:20:50Z",high
"icd_code=304.50, icd_version=9, diagnosis=Hallucinogen dependence, episodic",high
"Exclusive: Free 1-Year Kindle Unlimited! Register: http://kindle-unlimited-free.com",low
https://www.oversight.gov/reports,low
"icd_code=E78.00, icd_version=10, diagnosis=Pure hypercholesterolemia, unspecified",high
"Your Venmo balance is low. Add funds: http://venmo-add-funds.com",low
"Name: Indiana Dunes; Longitude: -86.969444; Latitude: 41.660833",low
"WIFI_CONFIG: Oceanic_Research, Password: 0c34n_R3s3@rch_2025, Security: WPA3",high
fatima.hassan@moj.gov.ae,high
"BLUETOOTH_NAME: Samsung_Galaxy_Book3, PIN: 1597, MAC: 56:78:9A:BC:DE:F0",high
"icd_code=J44.1, icd_version=10, diagnosis=Chronic obstructive pulmonary disease with (acute) exacerbation",high
"Kaiser Permanente: Your appointment reminder. Confirm: http://kaiser-appointment-confirm.com",low
"Name: Isle Royale; Longitude: -88.616944; Latitude: 48.003056",low
"Bluetooth Device: JBL_Everest, PIN: 6664, Last Connected: 2025-03-14T09:30:25Z",high
"icd_code=N20.0, icd_version=10, diagnosis=Calculus of kidney",high
"Your Cash App direct deposit is pending. Verify: http://cashapp-verify-deposit.com",low
"SSID: White_House_Staff, Password: WH_St@ff_2025!, Security: WPA3",high
"id:32100, customer_id:77890, phone_number:081401234567, reference_number:INV-250804161020, net_amount:1550000, status:01, paying_at:2025-08-04T00:00:00Z",high
"Name: Kenai Fjords; Longitude: -149.778889; Latitude: 59.818889",low
https://www.fsis.usda.gov/data,low
"icd_code=F41.0, icd_version=10, diagnosis=Panic disorder [episodic paroxysmal anxiety]",high
"Your Facebook Marketplace listing has been flagged. Appeal: http://facebook-appeal-listing.com",low
"Khan, Sana",high
"WIFI_CONFIG: Drone_Control, Password: Dr0n3_C0ntr0l_2025, Security: WPA3",high
"BLUETOOTH_NAME: Acer_Swift_3, PIN: 7539, MAC: 78:9A:BC:DE:F0:12",high
"icd_code=296.21, icd_version=9, diagnosis=Major depressive disorder, single episode, mild",high
"Walmart: Your order is out for delivery. Track: http://walmart-delivery-track.com",low
"Name: Theodore Roosevelt; Longitude: -103.436111; Latitude: 47.070556",low
"Bluetooth Device: JBL_Duos, PIN: 2227, Last Connected: 2025-03-15T15:55:10Z",high
"icd_code=I21.09, icd_version=10, diagnosis=ST elevation (STEMI) myocardial infarction involving other coronary artery of anterior wall",high
"Your Instagram account has been disabled. Appeal now: http://instagram-appeal-disabled.com",low
andrea.bianchi@mise.gov.it,high
"SSID: Hospital_Emergency, Password: Emerg2025!, Security: WPA2",high
"Name: Mammoth Cave; Longitude: -86.110000; Latitude: 37.186111",low
https://www.bea.gov/data,low
"BLUETOOTH_NAME: LG_Gram, PIN: 9513, MAC: 9A:BC:DE:F0:12:34",high
"icd_code=303.90, icd_version=9, diagnosis=Other and unspecified alcohol dependence, unspecified",high
"Your Amazon Pay account has unusual activity. Verify: http://amazonpay-verify-activity.com",low
"Nakamura, Hiroshi",high
"Bluetooth Device: JBL_Soundgear, PIN: 4445, Last Connected: 2025-03-16T08:10:30Z",high
"icd_code=G43.909, icd_version=10, diagnosis=Migraine, unspecified, not intractable, without status migrainosus",high
https://www.sec.gov/ocr/reports.html,low
"Name: Mesa Verde; Longitude: -108.488056; Latitude: 37.184722",low
"Your PayPal credit card was declined. Update: http://paypal-decline-update.com",low
"SSID: Senate_Office, Password: S3n@t3_0ff!c3_2025, Security: WPA3",high
"BLUETOOTH_NAME: McLaren_Infotainment, PIN: 8887, MAC: BC:DE:F0:12:34:56",high
"icd_code=304.20, icd_version=9, diagnosis=Cocaine dependence, in remission",high
"$5,000 Lululemon Gift Card Giveaway! Claim now: http://lululemon-giftcard.com",low
"Name: Everglades; Longitude: -80.922500; Latitude: 25.390833",low
amina.omar@nssf.go.ke,high
"id:33100, customer_id:33412, phone_number:081412345678, reference_number:TRX-250809111000, net_amount:2450000, status:00, paying_at:2025-08-09T00:00:00Z",high
"WIFI_CONFIG: Nuclear_Plant, Password: Nucl34r_Pl@nt_2025!, Security: WPA3",high
https://www.federalregister.gov/agencies,low
"icd_code=E10.9, icd_version=10, diagnosis=Type 1 diabetes mellitus without complications",high
"Your Uber Eats driver is arriving. Track: http://ubereats-track-arrival.com",low
"Fernandez, Carmen",high
"Name: Wind Cave; Longitude: -103.483889; Latitude: 43.579722",low
"Bluetooth Device: JBL_Control_X, PIN: 9992, Last Connected: 2025-03-17T11:45:20Z",high
"icd_code=K35.80, icd_version=10, diagnosis=Unspecified acute appendicitis",high
"Your Bank of America account is locked. Unlock now: http://bofa-unlock-account.com",low
"Wong, David",high
"SSID: Consulate_General, Password: C0nsul@t3_2025, Security: WPA3",high
"Name: Carlsbad Caverns; Longitude: -104.443889; Latitude: 32.175278",low
"BLUETOOTH_NAME: Huawei_MateView, PIN: 3571, MAC: DE:F0:12:34:56:78",high
"icd_code=295.10, icd_version=9, diagnosis=Disorganized type schizophrenia, unspecified state",high
"CVS Pharmacy: Your prescription is delayed. Check status: http://cvs-check-status.com",low
"WIFI_CONFIG: Traffic_Control, Password: Tr@ff!c_C0ntr0l_2025, Security: WPA3",high
"Name: Guadalupe Mountains; Longitude: -104.861111; Latitude: 31.916667",low
"icd_code=M17.0, icd_version=10, diagnosis=Bilateral primary osteoarthritis of knee",high
"Your Discord account has a suspicious friend request. Verify: http://discord-verify-request.com",low
"Bluetooth Device: JBL_Quantum_810, PIN: 6666, Last Connected: 2025-03-18T14:20:15Z",high
"id:34150, customer_id:88901, phone_number:081423456789, reference_number:INV-250814091515, net_amount:1650000, status:01, paying_at:2025-08-14T00:00:00Z",high
https://www.nrc.gov/reactors/operating.html,low
"icd_code=J45.909, icd_version=10, diagnosis=Unspecified asthma, uncomplicated",high
"Your Wells Fargo account has a new payee. Confirm: http://wellsfargo-confirm-payee.com",low
"Kim, Min-Jae",high
"Name: Haleakala; Longitude: -156.146389; Latitude: 20.718056",low
"BLUETOOTH_NAME: Gigabyte_Aorus, PIN: 1478, MAC: F0:12:34:56:78:9A",high
"icd_code=296.80, icd_version=9, diagnosis=Bipolar disorder, unspecified",high
"Walgreens: Your passport photo is ready. Pick up: http://walgreens-passport-photo.com",low
"SSID: Parliament_House, Password: P@rl!@m3nt_2025, Security: WPA3",high
"Name: Hawaii Volcanoes; Longitude: -155.286944; Latitude: 19.405000",low
"WIFI_CONFIG: Air_Defense, Password: A1r_D3f3ns3_2025, Security: WPA3",high
"icd_code=N18.4, icd_version=10, diagnosis=Chronic kidney disease, stage 4 (severe)",high
"Your Venmo request has been paid. View details: http://venmo-view-payment.com",low
"Patil, Amit",high
"Bluetooth Device: JBL_Tour_One, PIN: 2225, Last Connected: 2025-03-19T09:50:40Z",high
"Name: Katmai; Longitude: -155.998889; Latitude: 58.499722",low
https://www.ntsb.gov/investigations/data.html,low
"icd_code=I49.01, icd_version=10, diagnosis=Ventricular fibrillation",high
"Your Target RedCard has a suspicious charge. Review: http://target-review-charge.com",low
"SSID: Federal_Reserve, Password: F3d_R3s3rv3_2025!, Security: WPA3",high
"icd_code=304.30, icd_version=9, diagnosis=Cannabis dependence, in remission",high
"Free $1,000 Sephora Gift Card! Enter now: http://sephora-giftcard-1000.com",low
"Name: Lassen Volcanic; Longitude: -121.507222; Latitude: 40.493056",low
"Bluetooth Device: JBL_Endurance_PEAK3, PIN: 7775, Last Connected: 2025-03-20T12:15:30Z",high
"id:35100, customer_id:44567, phone_number:081434567890, reference_number:TRX-250819132040, net_amount:1350000, status:00, paying_at:2025-08-19T00:00:00Z",high
"icd_code=K29.70, icd_version=10, diagnosis=Gastritis, unspecified, without bleeding",high
"Your DoorDash driver is nearby. Get ready: http://doordash-driver-nearby.com",low
"Chen, Jessica",high
"Name: Redwood; Longitude: -124.000556; Latitude: 41.529722",low
"WIFI_CONFIG: Port_Authority, Password: P0rt_@uth0r!ty_2025, Security: WPA3",high
"BLUETOOTH_NAME: MSI_Creator_Z16, PIN: 9512, MAC: 12:34:56:78:9A:BC",high
"icd_code=G35, icd_version=10, diagnosis=Multiple sclerosis, relapsing-remitting",high
"Your Skype account has been hacked. Secure now: http://skype-secure-account.com",low
"Omar, Ahmed",high
"Name: Olympic; Longitude: -123.793056; Latitude: 47.802222",low
"Bluetooth Device: JBL_Synchros_S700, PIN: 3336, Last Connected: 2025-03-21T16:30:55Z",high
"icd_code=296.22, icd_version=9, diagnosis=Major depressive disorder, single episode, moderate",high
"Kroger Pharmacy: Your medication is ready. Pick up: http://kroger-pickup-ready.com",low
"SSID: Customs_HQ, Password: Cust0ms_HQ_2025!, Security: WPA3",high
"Name: Kings Canyon; Longitude: -118.668056; Latitude: 36.887778",low
https://www.dhs.gov/performance-financial-reports,low
"icd_code=E78.2, icd_version=10, diagnosis=Mixed hyperlipidemia",high
"Your Cash App account has a new login. Verify: http://cashapp-verify-login.com",low
"WIFI_CONFIG: Space_Command, Password: Sp@c3_C0mm@nd_2025, Security: WPA3",high
"icd_code=304.40, icd_version=9, diagnosis=Amphetamine dependence, in remission",high
"Exclusive: Free 1-Year Xbox Live Gold! Claim: http://xbox-live-gold-free.com",low
"Name: Sequoia; Longitude: -118.594722; Latitude: 36.486389",low
"Bluetooth Device: JBL_Live_660NC, PIN: 8889, Last Connected: 2025-03-22T10:45:20Z",high
"id:36100, customer_id:77812, phone_number:081445678901, reference_number:INV-250824153025, net_amount:2050000, status:01, paying_at:2025-08-24T00:00:00Z",high
"icd_code=I48.3, icd_version=10, diagnosis=Typical atrial flutter",high
"Your PayPal account received a large transfer. Review: http://paypal-review-transfer.com",low
"Garcia, Andres",high
"Name: Shenandoah; Longitude: -78.358889; Latitude: 38.529722",low
"BLUETOOTH_NAME: Samsung_ViewFinity, PIN: 3574, MAC: 34:56:78:9A:BC:DE",high
"icd_code=J44.0, icd_version=10, diagnosis=Chronic obstructive pulmonary disease with acute lower respiratory infection",high
"CVS: Your flu shot is due. Schedule now: http://cvs-flu-shot-schedule.com",low
"SSID: FBI_HQ, Password: FB1_HQ_2025_S3cur3!, Security: WPA3",high
"Name: Theodore Roosevelt; Longitude: -103.436111; Latitude: 47.070556",low
"WIFI_CONFIG: Border_Patrol, Password: B0rd3r_P@tr0l_2025, Security: WPA3",high
"icd_code=N40.0, icd_version=10, diagnosis=Benign prostatic hyperplasia without lower urinary tract symptoms",high
"Your Uber Eats coupon is expiring. Use now: http://ubereats-coupon-use.com",low
"Bluetooth Device: JBL_Quantum_100, PIN: 1113, Last Connected: 2025-03-23T13:55:15Z",high
"Name: Virgin Islands; Longitude: -64.755556; Latitude: 18.336111",low
https://www.usaid.gov/results-and-data,low
"icd_code=F32.1, icd_version=10, diagnosis=Major depressive disorder, single episode, moderate",high
"Your Amazon account has a pending order. Confirm: http://amazon-confirm-order.com",low
"Khan, Ayesha",high
"icd_code=295.30, icd_version=9, diagnosis=Paranoid type schizophrenia, chronic state",high
"Walmart: Your refund has been processed. Check status: http://walmart-refund-status.com",low
"Name: Voyageurs; Longitude: -93.083889; Latitude: 48.500278",low
"BLUETOOTH_NAME: Lenovo_ThinkBook, PIN: 7538, MAC: 56:78:9A:BC:DE:F0",high
"SSID: Interpol_HQ, Password: !nt3rp0l_HQ_2025, Security: WPA3",high
"icd_code=304.60, icd_version=9, diagnosis=Cocaine dependence, unspecified",high
"Win a Dream Car! Enter now: http://dream-car-giveaway.com",low
"id:37100, customer_id:99145, phone_number:081456789012, reference_number:TRX-250829101500, net_amount:1750000, status:00, paying_at:2025-08-29T00:00:00Z",high
"WIFI_CONFIG: Air_Force_Base, Password: A1rF0rc3_B@s3_2025, Security: WPA3",high
"icd_code=I63.50, icd_version=10, diagnosis=Cerebral infarction due to unspecified occlusion or stenosis of unspecified cerebral artery",high
"Your TikTok account has been banned. Appeal now: http://tiktok-appeal-ban.com",low
emily.watson@gchq.gov.uk,high
"SSID: Airport_Priority, Password: Priority2025, Security: WPA2",high
"Name: Joshua Tree; Longitude: -115.900833; Latitude: 33.788333",low
https://www.export.gov/data,low
"BLUETOOTH_NAME: Razer_Blade_16, PIN: 1593, MAC: 78:9A:BC:DE:F0:12",high
"icd_code=296.20, icd_version=9, diagnosis=Major depressive disorder, single episode, unspecified",high
"Your Citibank credit card has been compromised. Freeze now: http://citibank-freeze-card.com",low
"Ngyuen, Thanh",high
"Bluetooth Device: JBL_Quantum_910, PIN: 4448, Last Connected: 2025-03-24T07:30:50Z",high
"icd_code=K57.31, icd_version=10, diagnosis=Diverticulitis of large intestine without perforation or abscess without bleeding",high
https://www.eia.gov/consumption/,low
"Name: Pinnacles; Longitude: -121.158333; Latitude: 36.491667",low
"Your PayPal business account is limited. Resolve: http://paypal-resolve-limit.com",low
"SSID: Capitol_Secure, Password: C@p1t0l_S3cur3_2025, Security: WPA3",high
"BLUETOOTH_NAME: Aston_Martin_Infotainment, PIN: 7774, MAC: 9A:BC:DE:F0:12:34",high
"icd_code=304.70, icd_version=9, diagnosis=Cannabis dependence, unspecified",high
"$10,000 Nike Gift Card Giveaway! Claim now: http://nike-giftcard-10000.com",low
"Name: Saguaro; Longitude: -111.167222; Latitude: 32.251389",low
"id:38100, customer_id:33478, phone_number:081467890123, reference_number:INV-250903112030, net_amount:2250000, status:01, paying_at:2025-09-03T00:00:00Z",high
"WIFI_CONFIG: Missile_Defense, Password: M1ss1l3_D3f3ns3_2025, Security: WPA3",high
"icd_code=G40.919, icd_version=10, diagnosis=Epilepsy, unspecified, not intractable, with status epilepticus",high
"Your Venmo account has been reported. Verify: http://venmo-verify-reported.com",low
"Martinez, Javier",high
"Name: Black Canyon; Longitude: -107.798056; Latitude: 38.578333",low
"Bluetooth Device: JBL_Endurance_Dive, PIN: 5554, Last Connected: 2025-03-25T10:20:35Z",high
"icd_code=I10, icd_version=10, diagnosis=Essential (primary) hypertension",high
"Walgreens: Your prescription is delayed. Track: http://walgreens-track-delay.com",low
"SSID: NATO_HQ, Password: N@T0_HQ_2025!, Security: WPA3",high
"Name: Channel Islands; Longitude: -119.450000; Latitude: 34.008333",low
https://www.fhwa.dot.gov/policyinformation/,low
"icd_code=295.60, icd_version=9, diagnosis=Residual type schizophrenia, unspecified state",high
"Your American Express account has suspicious activity. Review: http://amex-review-activity.com",low
"Chen, Michelle",high
"WIFI_CONFIG: Port_Security, Password: P0rt_S3cur1ty_2025, Security: WPA3",high
"BLUETOOTH_NAME: MSI_Prestige, PIN: 2467, MAC: BC:DE:F0:12:34:56",high
"icd_code=304.00, icd_version=9, diagnosis=Opioid dependence, in remission",high
"Free $500 Foot Locker Gift Card! Register: http://footlocker-giftcard-500.com",low
"Name: Congaree; Longitude: -80.948889; Latitude: 33.781389",low
"id:39100, customer_id:88923, phone_number:081478901234, reference_number:TRX-250908142015, net_amount:1450000, status:00, paying_at:2025-09-08T00:00:00Z",high
"icd_code=J45.30, icd_version=10, diagnosis=Mild persistent asthma, uncomplicated",high
"Your Uber account has a missing trip. Report: http://uber-report-trip.com",low
"Bluetooth Device: JBL_IRX, PIN: 8882, Last Connected: 2025-03-26T14:45:10Z",high
"Name: Wrangell-St Elias; Longitude: -143.666667; Latitude: 61.000000",low
"SSID: Supreme_Court, Password: Suprem3_C0urt_2025, Security: WPA3",high
"icd_code=N18.6, icd_version=10, diagnosis=End stage renal disease",high
"Your DoorDash order was cancelled. Reorder now: http://doordash-reorder-now.com",low
"Kim, Soo-Yeon",high
"WIFI_CONFIG: Radar_Station, Password: R@d@r_St@t10n_2025, Security: WPA3",high
"Name: Glacier Bay; Longitude: -136.500000; Latitude: 58.500000",low
"BLUETOOTH_NAME: Alienware_x16, PIN: 3570, MAC: DE:F0:12:34:56:78",high
"icd_code=296.33, icd_version=9, diagnosis=Major depressive disorder, recurrent, severe without psychotic features",high
"CVS: Your COVID test results are ready. View: http://cvs-covid-results.com",low
"id:40100, customer_id:66701, phone_number:081489012345, reference_number:INV-250913101045, net_amount:1950000, status:01, paying_at:2025-09-13T00:00:00Z",high
https://www.cdc.gov/nchs/fastats/,low
"icd_code=E11.21, icd_version=10, diagnosis=Type 2 diabetes mellitus with diabetic nephropathy",high
"Your PayPal seller protection is at risk. Update: http://paypal-update-protection.com",low
"Patel, Rohan",high
"Name: North Cascades; Longitude: -121.208333; Latitude: 48.708333",low
"Bluetooth Device: JBL_Bar_5.1, PIN: 6662, Last Connected: 2025-03-27T09:15:30Z",high
"icd_code=K52.9, icd_version=10, diagnosis=Noninfective gastroenteritis and colitis, unspecified",high
"SSID: Scotland_Yard, Password: Sc0tland_Y@rd_2025, Security: WPA3",high
"WIFI_CONFIG: Airport_Runway, Password: Runw@y_2025_S3cur3, Security: WPA3",high
"Name: Lake Clark; Longitude: -154.000000; Latitude: 60.500000",low
"icd_code=304.80, icd_version=9, diagnosis=Polysubstance dependence, unspecified",high
"Win a Luxury Yacht! Enter now: http://luxury-yacht-giveaway.com",low
"BLUETOOTH_NAME: Gigabyte_G5, PIN: 1596, MAC: F0:12:34:56:78:9A",high
"id:41100, customer_id:44589, phone_number:081490123456, reference_number:TRX-250918153040, net_amount:2350000, status:00, paying_at:2025-09-18T00:00:00Z",high
"icd_code=G47.33, icd_version=10, diagnosis=Obstructive sleep apnea (adult) (pediatric)",high
"Your Google Ads account has been suspended. Appeal: http://google-ads-appeal.com",low
"Fernando, Suresh",high
"Name: Katmai; Longitude: -155.998889; Latitude: 58.499722",low
"Bluetooth Device: JBL_On_Beat, PIN: 3333, Last Connected: 2025-03-28T12:50:25Z",high
"icd_code=I25.10, icd_version=10, diagnosis=Atherosclerotic heart disease of native coronary artery without angina pectoris",high
"Kroger Pharmacy: Your prescription is ready for delivery. Track: http://kroger-delivery-track.com",low
"SSID: MI6_HQ, Password: M1_6_HQ_2025!, Security: WPA3",high
"Name: Kobuk Valley; Longitude: -159.000000; Latitude: 67.500000",low
https://www.epa.gov/trends,low
"icd_code=296.89, icd_version=9, diagnosis=Bipolar II disorder",high
"Your Bank of America wire transfer is pending. Confirm: http://bofa-confirm-wire.com",low
"WIFI_CONFIG: Coast_Guard, Password: C0@st_Gu@rd_2025, Security: WPA3",high
"BLUETOOTH_NAME: LG_UltraGear, PIN: 9518, MAC: 12:34:56:78:9A:BC",high
"icd_code=304.90, icd_version=9, diagnosis=Other specified drug dependence, in remission",high
"Free $2,500 Best Buy Gift Card! Claim: http://bestbuy-giftcard-2500.com",low
"Name: Crater Lake; Longitude: -122.100000; Latitude: 42.916667",low
"id:42100, customer_id:77856, phone_number:081501234567, reference_number:INV-250923111020, net_amount:1550000, status:01, paying_at:2025-09-23T00:00:00Z",high
"icd_code=J44.9, icd_version=10, diagnosis=Chronic obstructive pulmonary disease, unspecified",high
"Your Amazon Lending application is approved. Review: http://amazon-lending-review.com",low
"Bluetooth Device: JBL_Tune_520BT, PIN: 7778, Last Connected: 2025-03-29T16:20:40Z",high
"Name: Biscayne; Longitude: -80.185278; Latitude: 25.485556",low
"SSID: Homeland_Security, Password: H0m3l@nd_S3c_2025, Security: WPA3",high
"icd_code=N20.1, icd_version=10, diagnosis=Calculus of ureter",high
"Your Venmo account has a new device login. Verify: http://venmo-verify-newdevice.com",low
"Garcia, Sofia",high
"WIFI_CONFIG: Railway_Network, Password: R@ilw@y_N3t_2025, Security: WPA3",high
"Name: Great Sand Dunes; Longitude: -105.516667; Latitude: 37.750000",low
"BLUETOOTH_NAME: Lenovo_ThinkCentre, PIN: 7536, MAC: 34:56:78:9A:BC:DE",high
"icd_code=295.90, icd_version=9, diagnosis=Unspecified schizophrenia, unspecified state",high
"Walmart: Your online order is ready for pickup. Pick up: http://walmart-pickup-ready.com",low
"id:43100, customer_id:33434, phone_number:081512345678, reference_number:TRX-250928142055, net_amount:1850000, status:00, paying_at:2025-09-28T00:00:00Z",high
https://www.faa.gov/air_traffic/by_the_numbers/,low
"icd_code=E11.65, icd_version=10, diagnosis=Type 2 diabetes mellitus with hyperglycemia",high
"Your PayPal dispute has been updated. View: http://paypal-view-dispute.com",low
"Tanaka, Akiko",high
"Name: Capitol Reef; Longitude: -111.166667; Latitude: 38.200000",low
"Bluetooth Device: JBL_Quantum_400, PIN: 4449, Last Connected: 2025-03-30T11:10:15Z",high
"icd_code=K29.50, icd_version=10, diagnosis=Chronic gastritis, unspecified, without bleeding",high
"SSID: CDC_Atlanta, Password: CDC_@tl@nt@_2025, Security: WPA3",high
"WIFI_CONFIG: Smart_City, Password: Sm@rt_C1ty_2025, Security: WPA3",high
"icd_code=304.10, icd_version=9, diagnosis=Sedative, hypnotic or anxiolytic dependence, in remission",high
"Exclusive: Free 1-Year Disney+ and ESPN+! Register: http://disney-espn-free.com",low
"Name: White Sands; Longitude: -106.400000; Latitude: 32.783333",low
"BLUETOOTH_NAME: Acer_Nitro, PIN: 2583, MAC: 56:78:9A:BC:DE:F0",high
"id:44100, customer_id:99167, phone_number:081523456789, reference_number:INV-251003101015, net_amount:1250000, status:01, paying_at:2025-10-03T00:00:00Z",high
"icd_code=G43.001, icd_version=10, diagnosis=Migraine without aura, not intractable, with status migrainosus",high
"Your Uber Eats refund is processed. Check status: http://ubereats-refund-status.com",low
"Kim, Jae-Won",high
"Name: Death Valley; Longitude: -117.083333; Latitude: 36.500000",low
"Bluetooth Device: JBL_Xtreme_4, PIN: 6661, Last Connected: 2025-03-31T13:45:50Z",high
"icd_code=I21.4, icd_version=10, diagnosis=Non-ST elevation (NSTEMI) myocardial infarction",high
"CVS Pharmacy: Your automatic refill is scheduled. Manage: http://cvs-manage-refill.com",low
"SSID: FDA_White_Oak, Password: FDA_W0_2025!, Security: WPA3",high
"Name: Dry Tortugas; Longitude: -82.866667; Latitude: 24.633333",low
https://www.nsf.gov/funding/,low
"icd_code=296.21, icd_version=9, diagnosis=Major depressive disorder, single episode, mild",high
"Your Target Circle earnings are expiring. Redeem: http://target-redeem-earnings.com",low
"WIFI_CONFIG: Naval_Base, Password: N@v@l_B@s3_2025, Security: WPA3",high
"BLUETOOTH_NAME: Samsung_Galaxy_Chromebook, PIN: 1592, MAC: 78:9A:BC:DE:F0:12",high
"icd_code=304.30, icd_version=9, diagnosis=Cannabis dependence, episodic",high
"$7,777 Macy's Shopping Spree! Enter now: http://macys-spree-giveaway.com",low
"Name: Gates of the Arctic; Longitude: -153.000000; Latitude: 67.500000",low
"id:45100, customer_id:44512, phone_number:081534567890, reference_number:TRX-251008151040, net_amount:2150000, status:00, paying_at:2025-10-08T00:00:00Z",high
"icd_code=J45.40, icd_version=10, diagnosis=Moderate persistent asthma, uncomplicated",high
"Your DoorDash referral bonus is pending. Track: http://doordash-track-bonus.com",low
"Rodriguez, Camila",high
"Name: Canyonlands; Longitude: -109.933333; Latitude: 38.333333",low
"Bluetooth Device: JBL_Reflect_Flow_Pro, PIN: 5551, Last Connected: 2025-04-01T09:25:20Z",high
"icd_code=N17.9, icd_version=10, diagnosis=Acute kidney failure, unspecified",high
"SSID: NSA_Fort_Meade, Password: NS@_FtM3@d3_2025, Security: WPA3",high
"WIFI_CONFIG: Dam_Control, Password: D@m_C0ntr0l_2025, Security: WPA3",high
"icd_code=295.70, icd_version=9, diagnosis=Schizoaffective disorder",high
"Your Capital One credit limit has increased. Review: http://capitalone-review-limit.com",low
"Name: Great Basin; Longitude: -114.250000; Latitude: 39.000000",low
"BLUETOOTH_NAME: MSI_Stealth_Studio, PIN: 9514, MAC: 9A:BC:DE:F0:12:34",high
"id:46100, customer_id:77889, phone_number:081545678901, reference_number:INV-251013112055, net_amount:1650000, status:01, paying_at:2025-10-13T00:00:00Z",high
https://www.ustda.gov/data,low
"icd_code=I63.9, icd_version=10, diagnosis=Cerebral infarction, unspecified",high
"Your PayPal weekly statement is ready. Download: http://paypal-download-statement.com",low
"Chen, Kevin",high
"Name: Petrified Forest; Longitude: -109.866667; Latitude: 35.083333",low
"Bluetooth Device: JBL_Charge_5_WiFi, PIN: 7777, Last Connected: 2025-04-02T14:35:55Z",high
"icd_code=K52.2, icd_version=10, diagnosis=Allergic and dietetic gastroenteritis and colitis",high
"SSID: CDC_Emergency_Ops, Password: CDC_E0C_2025!, Security: WPA3",high
"WIFI_CONFIG: Substation_Automation, Password: Subst@t10n_2025, Security: WPA3",high
"icd_code=304.40, icd_version=9, diagnosis=Amphetamine dependence, episodic",high
"Free $3,000 Lululemon Shopping Spree! Claim: http://lululemon-spree-free.com",low
"Name: Guadalupe Mountains; Longitude: -104.861111; Latitude: 31.916667",low
"BLUETOOTH_NAME: Gigabyte_Aero, PIN: 1473, MAC: BC:DE:F0:12:34:56",high
"id:47100, customer_id:33456, phone_number:081556789012, reference_number:TRX-251018161015, net_amount:2350000, status:00, paying_at:2025-10-18T00:00:00Z",high
"icd_code=G35, icd_version=10, diagnosis=Multiple sclerosis",high
"Your Uber account has a safety incident report. View: http://uber-view-incident.com",low
"Martinez, Luis",high
"Name: Haleakala; Longitude: -156.146389; Latitude: 20.718056",low
"Bluetooth Device: JBL_PartyBox_320, PIN: 3332, Last Connected: 2025-04-03T10:15:40Z",high
"icd_code=I48.91, icd_version=10, diagnosis=Unspecified atrial fibrillation",high
"Walgreens: Your photo calendar is ready. Pick up: http://walgreens-calendar-pickup.com",low
"SSID: DHS_St_Elizabeths, Password: DHS_SE_2025_S3cur3, Security: WPA3",high
"Name: Indiana Dunes; Longitude: -86.969444; Latitude: 41.660833",low
https://www.mcc.gov/resources,low
"icd_code=296.89, icd_version=9, diagnosis=Bipolar II disorder",high
"Your Amazon Pay balance is low. Add funds: http://amazonpay-add-funds.com",low
"WIFI_CONFIG: TSA_Checkpoint, Password: TSA_Ch3ckp01nt_2025, Security: WPA3",high
"BLUETOOTH_NAME: Razer_Blade_14, PIN: 2589, MAC: DE:F0:12:34:56:78",high
"icd_code=304.50, icd_version=9, diagnosis=Hallucinogen dependence, in remission",high
"Win a $5,000 IKEA Shopping Spree! Enter: http://ikea-spree-giveaway.com",low
"Name: Cuyahoga; Longitude: -81.521389; Latitude: 41.210833",low
"id:48100, customer_id:88901, phone_number:081567890123, reference_number:INV-251023093020, net_amount:1450000, status:01, paying_at:2025-10-23T00:00:00Z",high
"icd_code=J44.1, icd_version=10, diagnosis=Chronic obstructive pulmonary disease with (acute) exacerbation",high
"Your CVS ExtraCare points are expiring. Redeem: http://cvs-redeem-points.com",low
"Patel, Priya",high
"Name: Grand Teton; Longitude: -110.707222; Latitude: 43.790278",low
"Bluetooth Device: JBL_Tune_770NC, PIN: 6668, Last Connected: 2025-04-04T12:50:30Z",high
"icd_code=N18.5, icd_version=10, diagnosis=Chronic kidney disease, stage 5",high
"SSID: NCIS_HQ, Password: NC1S_HQ_2025!, Security: WPA3",high
"WIFI_CONFIG: Pipeline_Control, Password: P1p3l1n3_C0ntr0l_2025, Security: WPA3",high
"icd_code=295.40, icd_version=9, diagnosis=Schizophreniform disorder, unspecified state",high
"Your Venmo request has been declined. Details: http://venmo-decline-details.com",low
"Name: Mount Rainier; Longitude: -121.733333; Latitude: 46.850000",low
"BLUETOOTH_NAME: HP_Envy_16, PIN: 7535, MAC: F0:12:34:56:78:9A",high
"id:49100, customer_id:44567, phone_number:081578901234, reference_number:TRX-251028141045, net_amount:2050000, status:00, paying_at:2025-10-28T00:00:00Z",high
https://www.navy.mil/Resources/,low
"icd_code=E11.9, icd_version=10, diagnosis=Type 2 diabetes mellitus without complications",high
"Your DoorDash driver is arriving. Get ready: http://doordash-arriving-ready.com",low
"Kim, Eun-Ji",high
"Name: Zion; Longitude: -113.004167; Latitude: 37.298333",low
"Bluetooth Device: JBL_Control_65T, PIN: 4447, Last Connected: 2025-04-05T15:20:15Z",high
"icd_code=K57.30, icd_version=10, diagnosis=Diverticulosis of large intestine without perforation or abscess without bleeding",high
"SSID: US_Marshals, Password: US_M@rsh@ls_2025, Security: WPA3",high
"WIFI_CONFIG: Oil_Rig_Control, Password: 0!l_R1g_2025_S3cur3, Security: WPA3",high
"icd_code=304.60, icd_version=9, diagnosis=Cocaine dependence, episodic",high
"Exclusive: Free 2-Year Paramount+ Subscription! Claim: http://paramount-plus-free.com",low
"Name: Arches; Longitude: -109.592778; Latitude: 38.727778",low
"BLUETOOTH_NAME: MSI_GE76, PIN: 1598, MAC: 12:34:56:78:9A:BC",high
"id:50100, customer_id:77812, phone_number:081589012345, reference_number:INV-251102101055, net_amount:1750000, status:01, paying_at:2025-11-02T00:00:00Z",high
"icd_code=I21.01, icd_version=10, diagnosis=ST elevation (STEMI) myocardial infarction involving left main coronary artery",high
"Your WhatsApp account has been logged in on a new device. Verify now: http://whatsapp-verify-device.com",low
olivia.brown@nca.gov.uk,high
"SSID: Yacht_Club, Password: Sail2025!, Security: WPA2",low
"Name: Mount Desert; Longitude: -68.326667; Latitude: 44.339444",low
https://www.bia.gov/data,low
"BLUETOOTH_NAME: Framework_Laptop, PIN: 7534, MAC: 34:56:78:9A:BC:DE",high
"icd_code=296.34, icd_version=9, diagnosis=Major depressive disorder, recurrent, severe with psychotic features",high
"Your Chase Bank account has a suspicious transfer. Freeze: http://chase-freeze-transfer.com",low
"Wong, Lisa",high
"Bluetooth Device: JBL_Club_One, PIN: 2223, Last Connected: 2025-04-06T08:30:45Z",high
"icd_code=M05.70, icd_version=10, diagnosis=Rheumatoid arthritis with rheumatoid factor of unspecified site without organ or systems involvement",high
https://www.ams.usda.gov/data,low
"Name: Star Island; Longitude: -80.155556; Latitude: 25.776667",low
"Your Google Workspace subscription will expire soon. Renew: http://google-workspace-renew.com",low
"SSID: DEA_HQ, Password: D3A_HQ_2025_S3cur3!, Security: WPA3",high
"BLUETOOTH_NAME: Lotus_Infotainment, PIN: 7772, MAC: 56:78:9A:BC:DE:F0",high
"icd_code=304.20, icd_version=9, diagnosis=Cocaine dependence, unspecified",high
"$1,500 Chewy Gift Card Giveaway! Claim now: http://chewy-giftcard-1500.com",low
"Name: Fisher Island; Longitude: -80.147222; Latitude: 25.758333",low
"id:51100, customer_id:99134, phone_number:081590123456, reference_number:TRX-251107152030, net_amount:2550000, status:00, paying_at:2025-11-07T00:00:00Z",high
"WIFI_CONFIG: Satellite_Ground_Station, Password: S@t_Grd_St@t10n_2025, Security: WPA3",high
"icd_code=G43.109, icd_version=10, diagnosis=Migraine with aura, not intractable, without status migrainosus",high
"Your Amazon gift card balance has changed. View: http://amazon-giftcard-balance.com",low
"Martinez, Ana",high
"Name: Mercer Island; Longitude: -122.225000; Latitude: 47.570000",low
"Bluetooth Device: JBL_Wave_200, PIN: 6660, Last Connected: 2025-04-07T11:40:30Z",high
"icd_code=J45.20, icd_version=10, diagnosis=Mild intermittent asthma, uncomplicated",high
"Walgreens: Your prescription is ready for curbside pickup. Check in: http://walgreens-curbside.com",low
"SSID: ATF_HQ, Password: ATF_HQ_2025!, Security: WPA3",high
"Name: Hilton Head Island; Longitude: -80.743333; Latitude: 32.183333",low
https://www.usmint.gov/about/mint-tours,low
"icd_code=295.90, icd_version=9, diagnosis=Unspecified schizophrenia, chronic state",high
"Your Citibank mortgage payment is due. Pay now: http://citibank-pay-mortgage.com",low
"Chen, Andrew",high
"WIFI_CONFIG: Deep_Space_Network, Password: D33p_Sp@c3_N3t_2025, Security: WPA3",high
"BLUETOOTH_NAME: Xiaomi_Mi_Laptop, PIN: 2584, MAC: 78:9A:BC:DE:F0:12",high
"icd_code=304.70, icd_version=9, diagnosis=Cannabis dependence, episodic",high
"Free $800 REI Gift Card! Register: http://rei-giftcard-800.com",low
"Name: Amelia Island; Longitude: -81.450000; Latitude: 30.616667",low
"id:52100, customer_id:44590, phone_number:081601234567, reference_number:INV-251112111040, net_amount:1850000, status:01, paying_at:2025-11-12T00:00:00Z",high
"icd_code=E78.5, icd_version=10, diagnosis=Hyperlipidemia, unspecified",high
"Your Uber driver left an item. Retrieve: http://uber-retrieve-item.com",low
"Bluetooth Device: JBL_Endurance_RUN2, PIN: 5550, Last Connected: 2025-04-08T14:55:20Z",high
"Name: Sanibel Island; Longitude: -82.100000; Latitude: 26.450000",low
"SSID: USPIS_HQ, Password: USP1S_HQ_2025_S3cur3, Security: WPA3",high
"icd_code=N20.0, icd_version=10, diagnosis=Calculus of kidney",high
"Your DoorDash catering order is confirmed. View: http://doordash-catering-view.com",low
"Tanaka, Kenji",high
"WIFI_CONFIG: Fusion_Reactor, Password: Fus10n_R3@ct0r_2025, Security: WPA3",high
"Name: Mackinac Island; Longitude: -84.600000; Latitude: 45.850000",low
"BLUETOOTH_NAME: ASUS_ROG_Flow, PIN: 1479, MAC: 9A:BC:DE:F0:12:34",high
"icd_code=296.89, icd_version=9, diagnosis=Bipolar II disorder",high
"CVS: Your 90-day supply is ready. Pick up: http://cvs-90day-supply.com",low
"id:53100, customer_id:66734, phone_number:081612345678, reference_number:TRX-251117141025, net_amount:2250000, status:00, paying_at:2025-11-17T00:00:00Z",high
https://www.ssa.gov/policy/docs/data/,low
"icd_code=I50.32, icd_version=10, diagnosis=Chronic diastolic (congestive) heart failure",high
"Your PayPal purchase protection claim was approved. View: http://paypal-claim-approved.com",low
"Patel, Deepa",high
"Name: Bald Head Island; Longitude: -77.993889; Latitude: 33.862500",low
"Bluetooth Device: JBL_Soundbox, PIN: 8881, Last Connected: 2025-04-09T09:10:15Z",high
"icd_code=K29.60, icd_version=10, diagnosis=Other gastritis without bleeding",high
"SSID: US_Capitol_Police, Password: USCP_2025_S3cur3!, Security: WPA3",high
"WIFI_CONFIG: Hydroelectric_Dam, Password: Hydr0_D@m_2025, Security: WPA3",high
"Name: Jekyll Island; Longitude: -81.423889; Latitude: 31.060000",low
"icd_code=304.00, icd_version=9, diagnosis=Opioid dependence, unspecified",high
"Win a $20,000 Home Depot Renovation! Enter: http://homedepot-renovation.com",low
"BLUETOOTH_NAME: Dell_Inspiron_16, PIN: 7537, Last Connected: 2025-04-10T13:30:40Z",high
"id:54100, customer_id:88945, phone_number:081623456789, reference_number:INV-251122101055, net_amount:1650000, status:01, paying_at:2025-11-22T00:00:00Z",high
"icd_code=G47.33, icd_version=10, diagnosis=Obstructive sleep apnea (adult) (pediatric)",high
"Your Target RedCard payment is due. Pay now: http://target-pay-redcard.com",low
"Kim, Min-Seok",high
"Name: Daufuskie Island; Longitude: -80.896111; Latitude: 32.110278",low
"Bluetooth Device: JBL_Flip_5_Special, PIN: 4446, Last Connected: 2025-04-11T16:45:50Z",high
"icd_code=I25.119, icd_version=10, diagnosis=Atherosclerotic heart disease of native coronary artery with unspecified angina pectoris",high
"SSID: FEMA_HQ, Password: F3MA_HQ_2025!, Security: WPA3",high
"Name: Cumberland Island; Longitude: -81.461111; Latitude: 30.851389",low
https://www.trade.gov/data,low
"icd_code=296.20, icd_version=9, diagnosis=Major depressive disorder, single episode, unspecified",high
"Your Amazon Lending payment is due. Pay now: http://amazon-lending-pay.com",low
"WIFI_CONFIG: Particle_Accelerator, Password: P@rt1cl3_@cc3l_2025, Security: WPA3",high
"BLUETOOTH_NAME: LG_Ultra_PC, PIN: 1590, MAC: BC:DE:F0:12:34:56",high
"icd_code=304.80, icd_version=9, diagnosis=Polysubstance dependence, episodic",high
"$2,500 Saks Fifth Avenue Gift Card! Claim: http://saks-giftcard-2500.com",low
"Name: Kiawah Island; Longitude: -80.084722; Latitude: 32.608333",low
"id:55100, customer_id:33478, phone_number:081634567890, reference_number:TRX-251127152040, net_amount:1950000, status:00, paying_at:2025-11-27T00:00:00Z",high
"icd_code=J44.0, icd_version=10, diagnosis=Chronic obstructive pulmonary disease with acute lower respiratory infection",high
"Your Venmo business profile is verified. Update: http://venmo-update-business.com",low
"Rodriguez, Elena",high
"Name: Pawleys Island; Longitude: -79.116944; Latitude: 33.430278",low
"Bluetooth Device: JBL_Tune_130NC, PIN: 7776, Last Connected: 2025-04-12T10:25:35Z",high
"icd_code=N18.4, icd_version=10, diagnosis=Chronic kidney disease, stage 4 (severe)",high
"SSID: USSS_HQ, Password: USSS_HQ_2025_S3cur3, Security: WPA3",high
"WIFI_CONFIG: Space_Station, Password: Sp@c3_St@t10n_2025, Security: WPA3",high
"Name: Fripp Island; Longitude: -80.457778; Latitude: 32.376944",low
"icd_code=295.30, icd_version=9, diagnosis=Paranoid type schizophrenia, unspecified state",high
"Your Uber Eats membership is expiring. Renew: http://ubereats-renew-membership.com",low
"BLUETOOTH_NAME: HP_Victus, PIN: 3695, MAC: DE:F0:12:34:56:78",high
"id:56100, customer_id:99101, phone_number:081645678901, reference_number:INV-251202093015, net_amount:1450000, status:01, paying_at:2025-12-02T00:00:00Z",high
https://www.army.mil/info/reports,low
"icd_code=E11.21, icd_version=10, diagnosis=Type 2 diabetes mellitus with diabetic nephropathy",high
"Your CVS ExtraCare card has been replaced. Activate: http://cvs-activate-card.com",low
"Chen, Tony",high
"Name: Tybee Island; Longitude: -80.847778; Latitude: 32.003333",low
"Bluetooth Device: JBL_Quantum_910X, PIN: 3339, Last Connected: 2025-04-13T12:15:50Z",high
"icd_code=K57.33, icd_version=10, diagnosis=Diverticulitis of both small and large intestine with perforation and abscess",high
"SSID: USAF_Pentagon, Password: USAF_P3nt@g0n_2025, Security: WPA3",high
"WIFI_CONFIG: Quantum_Computer, Password: Qu@ntum_C0mput3r_2025, Security: WPA3",high
"Name: Sullivan's Island; Longitude: -79.833333; Latitude: 32.763333",low
"icd_code=304.90, icd_version=9, diagnosis=Other specified drug dependence, unspecified",high
"Exclusive: Free 1-Year Peacock Premium! Register: http://peacock-premium-free.com",low
"BLUETOOTH_NAME: Samsung_Galaxy_Book4, PIN: 2586, MAC: F0:12:34:56:78:9A",high
"id:57100, customer_id:44523, phone_number:081656789012, reference_number:TRX-251207141045, net_amount:2350000, status:00, paying_at:2025-12-07T00:00:00Z",high
"icd_code=G35, icd_version=10, diagnosis=Multiple sclerosis, primary progressive",high
"Your PayPal weekly summary is available. View: http://paypal-view-summary.com",low
"Martinez, Carlos",high
"Name: Ocracoke Island; Longitude: -75.976389; Latitude: 35.113333",low
"Bluetooth Device: JBL_Everest_GA, PIN: 5559, Last Connected: 2025-04-14T09:40:25Z",high
"icd_code=I21.3, icd_version=10, diagnosis=ST elevation (STEMI) myocardial infarction of unspecified site",high
"SSID: USCG_HQ, Password: USCG_HQ_2025!, Security: WPA3",high
"Name: Hatteras Island; Longitude: -75.690278; Latitude: 35.220000",low
https://www.fas.org/data,low
"icd_code=296.33, icd_version=9, diagnosis=Major depressive disorder, recurrent, severe without psychotic features",high
"Your DoorDash pass is active. Manage: http://doordash-manage-pass.com",low
"WIFI_CONFIG: Nuclear_Submarine, Password: Nucl3ar_Sub_2025, Security: WPA3",high
"BLUETOOTH_NAME: Lenovo_IdeaPad, PIN: 1474, MAC: 12:34:56:78:9A:BC",high
"icd_code=304.10, icd_version=9, diagnosis=Sedative, hypnotic or anxiolytic dependence, unspecified",high
"Win a $15,000 Carvana Car! Enter now: http://carvana-car-giveaway.com",low
"Name: Roanoke Island; Longitude: -75.633333; Latitude: 35.883333",low
"id:58100, customer_id:77856, phone_number:081667890123, reference_number:INV-251212111020, net_amount:1750000, status:01, paying_at:2025-12-12T00:00:00Z",high
"icd_code=J45.909, icd_version=10, diagnosis=Unspecified asthma, uncomplicated",high
"Your Walmart credit card payment is due. Pay: http://walmart-pay-card.com",low
"Kim, Sung-Min",high
"Name: Chincoteague Island; Longitude: -75.362500; Latitude: 37.930556",low
"Bluetooth Device: JBL_Live_Pro_2, PIN: 6667, Last Connected: 2025-04-15T14:55:40Z",high
"icd_code=N40.1, icd_version=10, diagnosis=Benign prostatic hyperplasia with lower urinary tract symptoms",high
"SSID: DARPA_HQ, Password: D@RP@_HQ_2025_S3cur3, Security: WPA3",high
"WIFI_CONFIG: Mars_Rover, Password: M@rs_R0v3r_2025, Security: WPA3",high
"Name: Fishers Island; Longitude: -72.000000; Latitude: 41.266667",low
"icd_code=295.70, icd_version=9, diagnosis=Schizoaffective disorder",high
"Your Citibank savings account interest rate changed. Review: http://citibank-review-rate.com",low
"BLUETOOTH_NAME: Acer_Swift_Edge, PIN: 1597, MAC: 34:56:78:9A:BC:DE",high
"id:59100, customer_id:33489, phone_number:081678901234, reference_number:TRX-251217161035, net_amount:2150000, status:00, paying_at:2025-12-17T00:00:00Z",high
https://www.boem.gov/data,low
"icd_code=I63.9, icd_version=10, diagnosis=Cerebral infarction, unspecified",high
"Your Amazon Fresh delivery slot is confirmed. Track: http://amazonfresh-track-slot.com",low
"Patel, Sanjay",high
"Name: Vashon Island; Longitude: -122.470000; Latitude: 47.420000",low
"Bluetooth Device: JBL_Reflect_Aero, PIN: 4445, Last Connected: 2025-04-16T10:20:15Z",high
"icd_code=K29.70, icd_version=10, diagnosis=Gastritis, unspecified, without bleeding",high
"SSID: USAMRIID, Password: US@MR1ID_2025!, Security: WPA3",high
"WIFI_CONFIG: Biometrics_Lab, Password: B10m3tr1cs_L@b_2025, Security: WPA3",high
"Name: Whidbey Island; Longitude: -122.616667; Latitude: 48.166667",low
"icd_code=304.30, icd_version=9, diagnosis=Cannabis dependence, in remission",high
"Free $1,200 Lowe's Gift Card! Claim now: http://lowes-giftcard-1200.com",low
"BLUETOOTH_NAME: MSI_Cyborg, PIN: 2589, MAC: 56:78:9A:BC:DE:F0",high
"id:60100, customer_id:99156, phone_number:081689012345, reference_number:INV-251222093055, net_amount:1550000, status:01, paying_at:2025-12-22T00:00:00Z",high
"icd_code=E78.2, icd_version=10, diagnosis=Mixed hyperlipidemia",high
"Your Uber Health ride is scheduled. Confirm: http://uberhealth-confirm-ride.com",low
"Tanaka, Yui",high
"Name: Orcas Island; Longitude: -122.925000; Latitude: 48.650000",low
"Bluetooth Device: JBL_Quantum_360X, PIN: 7775, Last Connected: 2025-04-17T13:35:50Z",high
"icd_code=I48.0, icd_version=10, diagnosis=Paroxysmal atrial fibrillation",high
"SSID: USGS_Headquarters, Password: USGS_HQ_2025_S3cur3, Security: WPA3",high
"Name: San Juan Island; Longitude: -123.050000; Latitude: 48.550000",low
https://www.nrcs.usda.gov/data,low
"icd_code=296.89, icd_version=9, diagnosis=Bipolar II disorder",high
"Your PayPal invoice is ready. Download: http://paypal-download-invoice.com",low
"WIFI_CONFIG: Naval_Reactor, Password: N@v@l_R3@ct0r_2025, Security: WPA3",high
"BLUETOOTH_NAME: Gigabyte_G6X, PIN: 3692, MAC: 78:9A:BC:DE:F0:12",high
"icd_code=304.40, icd_version=9, diagnosis=Amphetamine dependence, in remission",high
"$5,000 Neiman Marcus Shopping Spree! Enter: http://neimanmarcus-spree.com",low
"Name: Lopez Island; Longitude: -122.891667; Latitude: 48.466667",low
"id:61100, customer_id:66789, phone_number:081690123456, reference_number:TRX-251227151010, net_amount:2450000, status:00, paying_at:2025-12-27T00:00:00Z",high
"icd_code=G47.33, icd_version=10, diagnosis=Obstructive sleep apnea (adult) (pediatric)",high
"Your CVS Pharmacy rewards are expiring. Redeem: http://cvs-rewards-redeem.com",low
"Garcia, Ricardo",high
"Name: Shaw Island; Longitude: -122.933333; Latitude: 48.583333",low
"Bluetooth Device: JBL_Endurance_PEAK2, PIN: 5558, Last Connected: 2025-04-18T09:45:20Z",high
"icd_code=N18.6, icd_version=10, diagnosis=End stage renal disease",high
"SSID: NOAA_HQ, Password: N0@A_HQ_2025!, Security: WPA3",high
"WIFI_CONFIG: Weather_Satellite, Password: W3@th3r_S@t_2025, Security: WPA3",high
"Name: Bainbridge Island; Longitude: -122.533333; Latitude: 47.633333",low
"icd_code=295.60, icd_version=9, diagnosis=Residual type schizophrenia, unspecified state",high
"Your DoorDash annual report is ready. View: http://doordash-annual-report.com",low
"BLUETOOTH_NAME: Razer_Blade_18, PIN: 1478, MAC: 9A:BC:DE:F0:12:34",high
"id:62100, customer_id:44501, phone_number:081701234567, reference_number:INV-250101141020, net_amount:1350000, status:01, paying_at:2026-01-01T00:00:00Z",high
https://www.fws.gov/data,low
"icd_code=J44.1, icd_version=10, diagnosis=Chronic obstructive pulmonary disease with (acute) exacerbation",high
"Your Amazon account has a new sign-in. Verify: http://amazon-verify-signin.com",low
"Kim, Hye-Jin",high
"Name: Camano Island; Longitude: -122.466667; Latitude: 48.183333",low
"Bluetooth Device: JBL_Charge_4_Special, PIN: 6666, Last Connected: 2025-04-19T14:10:35Z",high
"icd_code=I21.01, icd_version=10, diagnosis=ST elevation (STEMI) myocardial infarction involving left main coronary artery",high
"Your Telegram account has been compromised. Secure now: http://telegram-secure-account.com",low
james.anderson@nro.gov,high
"SSID: Country_Club, Password: Member2026!, Security: WPA2",low
"Name: Mount Desert Island; Longitude: -68.326667; Latitude: 44.339444",low
https://www.usbr.gov/data,low
"BLUETOOTH_NAME: Samsung_Galaxy_Book4_Ultra, PIN: 7539, MAC: 56:78:9A:BC:DE:F0",high
"icd_code=296.23, icd_version=9, diagnosis=Major depressive disorder, single episode, severe with psychotic features",high
"Your Citi Double Cash card has been replaced. Activate: http://citi-activate-card.com",low
"Martinez, Daniel",high
"Bluetooth Device: JBL_Endurance_Race, PIN: 3335, Last Connected: 2026-01-29T08:15:40Z",high
"icd_code=M54.4, icd_version=10, diagnosis=Lumbago with sciatica",high
https://www.fincen.gov/data,low
"Name: Vinalhaven; Longitude: -68.833333; Latitude: 44.050000",low
"Your Dropbox Plus trial is ending. Subscribe: http://dropbox-subscribe-plus.com",low
"SSID: NRO_Chantilly, Password: NR0_Ch@nt1lly_2026_S3cur3, Security: WPA3",high
"BLUETOOTH_NAME: Lamborghini_Revuelto, PIN: 7779, MAC: 78:9A:BC:DE:F0:12",high
"icd_code=304.40, icd_version=9, diagnosis=Amphetamine dependence, unspecified",high
"$4,200 Breville Kitchen Giveaway! Claim now: http://breville-kitchen-giveaway.com",low
"Name: Swans Island; Longitude: -68.450000; Latitude: 44.150000",low
"id:90100, customer_id:88923, phone_number:081989012345, reference_number:TRX-260521093020, net_amount:2650000, status:00, paying_at:2026-05-21T00:00:00Z",high
"WIFI_CONFIG: Phased_Array, Password: Ph@s3d_Arr@y_2026, Security: WPA3",high
"icd_code=G40.209, icd_version=10, diagnosis=Localization-related (focal) (partial) symptomatic epilepsy and epileptic syndromes with complex partial seizures, not intractable, without status epilepticus",high
"Your PayPal Working Capital loan is approved. Fund: http://paypal-fund-loan.com",low
"Kim, Seung-Min",high
"Name: Frenchboro; Longitude: -68.383333; Latitude: 44.116667",low
"Bluetooth Device: JBL_Quantum_910X, PIN: 5551, Last Connected: 2026-01-30T14:30:55Z",high
"icd_code=J45.30, icd_version=10, diagnosis=Mild persistent asthma, uncomplicated",high
"Walgreens: Your specialty medication is delayed. Check: http://walgreens-check-specialty.com",low
"SSID: DIA_Anacostia, Password: D1A_An@c0st1@_2026, Security: WPA3",high
"Name: Cranberry Isles; Longitude: -68.250000; Latitude: 44.250000",low
https://www.usda.gov/data,low
"icd_code=295.40, icd_version=9, diagnosis=Schizophreniform disorder, unspecified state",high
"Your American Express Hilton Honors card has new benefits. Explore: http://amex-explore-hilton.com",low
"Chen, Stephanie",high
"WIFI_CONFIG: Over_the_Horizon, Password: OTH_R@d@r_2026, Security: WPA3",high
"BLUETOOTH_NAME: Lenovo_ThinkPad_Z16, PIN: 2584, MAC: 9A:BC:DE:F0:12:34",high
"icd_code=304.50, icd_version=9, diagnosis=Hallucinogen dependence, in remission",high
"Free $1,100 KitchenAid Stand Mixer! Register: http://kitchenaid-mixer-giveaway.com",low
"Name: Isle au Haut; Longitude: -68.633333; Latitude: 44.083333",low
"id:91100, customer_id:44578, phone_number:081990123456, reference_number:INV-260526141015, net_amount:1850000, status:01, paying_at:2026-05-26T00:00:00Z",high
"icd_code=E11.65, icd_version=10, diagnosis=Type 2 diabetes mellitus with hyperglycemia",high
"Your Uber Eats monthly summary is ready. View: http://ubereats-monthly-summary.com",low
"Bluetooth Device: JBL_Tune_720BT, PIN: 6668, Last Connected: 2026-01-31T11:45:30Z",high
"Name: Long Island; Longitude: -68.466667; Latitude: 44.083333",low
"SSID: NSA_Georgia, Password: NS@_G3org1@_2026, Security: WPA3",high
"icd_code=N20.0, icd_version=10, diagnosis=Calculus of kidney",high
"Your DoorDash pass has been renewed. Manage: http://doordash-renew-pass.com",low
"Patel, Ravi",high
"WIFI_CONFIG: Early_Warning, Password: E@rly_W@rn1ng_2026, Security: WPA3",high
"Name: Chebeague Island; Longitude: -70.116667; Latitude: 43.733333",low
"BLUETOOTH_NAME: Acer_Predator_Triton, PIN: 3693, MAC: BC:DE:F0:12:34:56",high
"icd_code=296.34, icd_version=9, diagnosis=Major depressive disorder, recurrent, severe with psychotic features",high
"CVS: Your prescription is out of stock. Notify: http://cvs-notify-stock.com",low
"id:92100, customer_id:66712, phone_number:082001234567, reference_number:TRX-260531101055, net_amount:2150000, status:00, paying_at:2026-05-31T00:00:00Z",high
https://www.nist.gov/data,low
"icd_code=I25.119, icd_version=10, diagnosis=Atherosclerotic heart disease of native coronary artery with unspecified angina pectoris",high
"Your Amazon Photos family vault invite received. Join: http://amazonphotos-join-vault.com",high
"Tanaka, Hiroshi",high
"Name: Peaks Island; Longitude: -70.200000; Latitude: 43.666667",low
"Bluetooth Device: JBL_Flip_6_Special, PIN: 7778, Last Connected: 2026-02-01T15:55:20Z",high
"icd_code=K57.32, icd_version=10, diagnosis=Diverticulitis of large intestine with perforation and abscess without bleeding",high
"SSID: NGA_Arnold, Password: NG@_Arn0ld_2026, Security: WPA3",high
"WIFI_CONFIG: Missile_Warning, Password: M1ss1l3_W@rn1ng_2026, Security: WPA3",high
"Name: Great Diamond Island; Longitude: -70.200000; Latitude: 43.666667",low
"icd_code=304.60, icd_version=9, diagnosis=Cocaine dependence, episodic",high
"Win a $9,500 TAG Heuer Watch! Enter now: http://tagheuer-watch-giveaway.com",low
"BLUETOOTH_NAME: MSI_Stealth_16, PIN: 1598, MAC: DE:F0:12:34:56:78",high
"id:93100, customer_id:33490, phone_number:082012345678, reference_number:INV-260605152040, net_amount:1550000, status:01, paying_at:2026-06-05T00:00:00Z",high
"icd_code=G35, icd_version=10, diagnosis=Multiple sclerosis, primary progressive",high
"Your Venmo business profile has been viewed. Analytics: http://venmo-view-analytics.com",low
"Garcia, Andres",high
"Name: Little Diamond Island; Longitude: -70.200000; Latitude: 43.666667",low
"Bluetooth Device: JBL_Reflect_Mini_2, PIN: 4447, Last Connected: 2026-02-02T09:40:45Z",high
"icd_code=J44.0, icd_version=10, diagnosis=Chronic obstructive pulmonary disease with acute lower respiratory infection",high
"SSID: NASA_MSFC, Password: N@S@_MSFC_2026, Security: WPA3",high
"Name: Diamond Cove; Longitude: -70.200000; Latitude: 43.650000",low
https://www.irs.gov/statistics,low
"icd_code=296.20, icd_version=9, diagnosis=Major depressive disorder, single episode, unspecified",high
"Your Citibank custom cash rewards are ready. Redeem: http://citibank-redeem-custom.com",low
"WIFI_CONFIG: Space_Surveillance, Password: Sp@c3_Surv_2026, Security: WPA3",high
"BLUETOOTH_NAME: HP_Omen_17, PIN: 7537, MAC: F0:12:34:56:78:9A",high
"icd_code=304.70, icd_version=9, diagnosis=Cannabis dependence, in remission",high
"$3,800 All-Clad Cookware Set! Claim: http://allclad-cookware-giveaway.com",low
"Name: Cliff Island; Longitude: -70.133333; Latitude: 43.700000",low
"id:94100, customer_id:77834, phone_number:082023456789, reference_number:TRX-260610111030, net_amount:2350000, status:00, paying_at:2026-06-10T00:00:00Z",high
"icd_code=I48.91, icd_version=10, diagnosis=Unspecified atrial fibrillation",high
"Your Target Wish List item is on sale. Shop: http://target-shop-wishlist.com",low
"Kim, Eun-Jung",high
"Name: Jewell Island; Longitude: -70.000000; Latitude: 43.733333",low
"Bluetooth Device: JBL_Quantum_800, PIN: 6667, Last Connected: 2026-02-03T13:25:50Z",high
"icd_code=N18.4, icd_version=10, diagnosis=Chronic kidney disease, stage 4 (severe)",high
"SSID: DARPA_BTO, Password: D@RP@_BTO_2026, Security: WPA3",high
"WIFI_CONFIG: Ballistic_Missile, Password: B@ll1st1c_M1ss1l3_2026, Security: WPA3",high
"Name: Bailey Island; Longitude: -69.983333; Latitude: 43.733333",low
"icd_code=295.90, icd_version=9, diagnosis=Unspecified schizophrenia, chronic state",high
"Your Uber Health benefits have been updated. Review: http://uberhealth-review-benefits.com",low
"BLUETOOTH_NAME: Dell_XPS_15_9530, PIN: 2589, MAC: 12:34:56:78:9A:BC",high
"id:95100, customer_id:99145, phone_number:082034567890, reference_number:INV-260615142025, net_amount:1750000, status:01, paying_at:2026-06-15T00:00:00Z",high
https://www.cbp.gov/data,low
"icd_code=G47.33, icd_version=10, diagnosis=Obstructive sleep apnea (adult) (pediatric)",high
"Your PayPal checkout has a new feature. Try: http://paypal-try-checkout.com",low
"Patel, Asha",high
"Name: Orr's Island; Longitude: -69.966667; Latitude: 43.750000",low
"Bluetooth Device: JBL_Charge_5, PIN: 5550, Last Connected: 2026-02-04T10:55:35Z",high
"icd_code=K29.70, icd_version=10, diagnosis=Gastritis, unspecified, without bleeding",high
"SSID: NOAA_NWS, Password: N0@A_NWS_2026, Security: WPA3",high
"Name: Sebascodegan Island; Longitude: -69.916667; Latitude: 43.800000",low
"icd_code=304.80, icd_version=9, diagnosis=Polysubstance dependence, in remission",high
"Free $950 Cuisinart Food Processor! Register: http://cuisinart-foodprocessor.com",low
"WIFI_CONFIG: Air_Defense, Password: A1r_D3f3ns3_2026, Security: WPA3",high
"BLUETOOTH_NAME: Lenovo_Legion_5i, PIN: 3692, MAC: 34:56:78:9A:BC:DE",high
"id:96100, customer_id:44501, phone_number:082045678901, reference_number:TRX-260620151055, net_amount:2050000, status:00, paying_at:2026-06-20T00:00:00Z",high
"icd_code=I21.09, icd_version=10, diagnosis=ST elevation (STEMI) myocardial infarction involving other coronary artery of anterior wall",high
"Your Amazon Wedding Registry gift purchased. Thank: http://amazon-thank-gift.com",low
"Chen, Kevin",high
"Name: Great Chebeague; Longitude: -70.116667; Latitude: 43.733333",low
"Bluetooth Device: JBL_Tune_130NC, PIN: 7777, Last Connected: 2026-02-05T14:20:30Z",high
"icd_code=J45.909, icd_version=10, diagnosis=Unspecified asthma, uncomplicated",high
"SSID: USPS_Headquarters, Password: USPS_HQ_2026_S3cur3, Security: WPA3",high
"Name: Little Chebeague; Longitude: -70.116667; Latitude: 43.733333",low
https://www.faa.gov/data,low
"icd_code=296.89, icd_version=9, diagnosis=Bipolar II disorder",high
"Your CVS HealthHUB appointment is confirmed. Prepare: http://cvs-prepare-healthhub.com",low
"WIFI_CONFIG: Cruise_Missile, Password: Cru1se_M1ss1l3_2026, Security: WPA3",high
"BLUETOOTH_NAME: MSI_Pulse_15, PIN: 1597, MAC: 56:78:9A:BC:DE:F0",high
"icd_code=304.90, icd_version=9, diagnosis=Other specified drug dependence, in remission",high
"$7,500 Baccarat Crystal Giveaway! Claim: http://baccarat-crystal-giveaway.com",low
"Name: Cousins Island; Longitude: -70.133333; Latitude: 43.750000",low
"id:97100, customer_id:66734, phone_number:082056789012, reference_number:INV-260625102010, net_amount:2450000, status:01, paying_at:2026-06-25T00:00:00Z",high
"icd_code=E11.9, icd_version=10, diagnosis=Type 2 diabetes mellitus without complications",high
"Your DoorDash catering order is confirmed. Manage: http://doordash-catering-manage.com",low
"Rodriguez, Carlos",high
"Name: Little John Island; Longitude: -70.133333; Latitude: 43.733333",low
"Bluetooth Device: JBL_Endurance_Spring, PIN: 4446, Last Connected: 2026-02-06T09:35:45Z",high
"icd_code=N40.0, icd_version=10, diagnosis=Benign prostatic hyperplasia without lower urinary tract symptoms",high
"SSID: FEMA_MT, Password: F3MA_MT_2026, Security: WPA3",high
"WIFI_CONFIG: Patriot_Missile, Password: P@tr10t_M1ss1l3_2026, Security: WPA3",high
"Name: Upper Flag Island; Longitude: -70.116667; Latitude: 43.733333",low
"icd_code=295.70, icd_version=9, diagnosis=Schizoaffective disorder",high
"Your Uber Eats rewards balance has changed. View: http://ubereats-view-rewards.com",low
"BLUETOOTH_NAME: Acer_Nitro_5, PIN: 2583, MAC: 78:9A:BC:DE:F0:12",high
"id:98100, customer_id:77890, phone_number:082067890123, reference_number:TRX-260630131040, net_amount:1650000, status:00, paying_at:2026-06-30T00:00:00Z",high
https://www.dol.gov/data,low
"icd_code=I63.50, icd_version=10, diagnosis=Cerebral infarction due to unspecified occlusion or stenosis of unspecified cerebral artery",high
"Your Venmo instant transfer limit has increased. Celebrate: http://venmo-celebrate-limit.com",low
"Tanaka, Yui",high
"Name: Lower Flag Island; Longitude: -70.116667; Latitude: 43.733333",low
"Bluetooth Device: JBL_Live_660NC, PIN: 6666, Last Connected: 2026-02-07T12:50:20Z",high
"icd_code=J44.1, icd_version=10, diagnosis=Chronic obstructive pulmonary disease with (acute) exacerbation",high
"SSID: CISA_HQ, Password: C1S@_HQ_2026, Security: WPA3",high
"Name: Pound of Tea; Longitude: -70.116667; Latitude: 43.733333",low
"icd_code=304.00, icd_version=9, diagnosis=Opioid dependence, unspecified",high
"Win a $12,000 Montblanc Pen Collection! Enter: http://montblanc-pen-giveaway.com",low
"WIFI_CONFIG: THAAD_Radar, Password: TH@@D_R@d@r_2026, Security: WPA3",high
"BLUETOOTH_NAME: HP_Spectre_16, PIN: 7531, MAC: 9A:BC:DE:F0:12:34",high
"id:99100, customer_id:33456, phone_number:082078901234, reference_number:INV-260705151015, net_amount:2250000, status:01, paying_at:2026-07-05T00:00:00Z",high
"icd_code=G43.909, icd_version=10, diagnosis=Migraine, unspecified, not intractable, without status migrainosus",high
"Your Amazon Business account has a new report. Download: http://amazonbusiness-download-report.com",low
"Kim, Hyun-Woo",high
"Name: Clapboard Island; Longitude: -70.150000; Latitude: 43.716667",low
"Bluetooth Device: JBL_Quantum_360X, PIN: 5559, Last Connected: 2026-02-08T15:30:55Z",high
"icd_code=K57.30, icd_version=10, diagnosis=Diverticulosis of large intestine without perforation or abscess without bleeding",high
"SSID: NRO_Springfield, Password: NR0_Sp1ngf13ld_2026, Security: WPA3",high
"Name: Snow Island; Longitude: -70.133333; Latitude: 43.733333",low
https://www.hud.gov/data,low
"icd_code=296.33, icd_version=9, diagnosis=Major depressive disorder, recurrent, severe without psychotic features",high
"Your Walmart+ delivery pass is active. Schedule: http://walmartplus-schedule-delivery.com",low
"WIFI_CONFIG: Early_Warning_Radar, Password: E@rly_W@rn1ng_R@d@r_2026, Security: WPA3",high
"BLUETOOTH_NAME: Lenovo_ThinkBook_14, PIN: 3699, MAC: BC:DE:F0:12:34:56",high
"icd_code=304.10, icd_version=9, diagnosis=Sedative, hypnotic or anxiolytic dependence, in remission",high
"$2,900 Waterford Crystal Decanter! Claim: http://waterford-crystal-decanter.com",low
"Name: Hope Island; Longitude: -69.900000; Latitude: 43.750000",low
"id:100100, customer_id:88967, phone_number:082089012345, reference_number:TRX-260710101045, net_amount:1850000, status:00, paying_at:2026-07-10T00:00:00Z",high
"icd_code=I25.10, icd_version=10, diagnosis=Atherosclerotic heart disease of native coronary artery without angina pectoris",high
"Your PayPal purchase protection has been extended. View: http://paypal-view-protection.com",low
"Patel, Maya",high
"Name: Haskell Island; Longitude: -70.133333; Latitude: 43.733333",low
"Bluetooth Device: JBL_Tune_520BT, PIN: 7776, Last Connected: 2026-02-09T10:45:30Z",high
"icd_code=N18.6, icd_version=10, diagnosis=End stage renal disease",high
"SSID: NCTC_HQ, Password: NCTC_HQ_2026_S3cur3, Security: WPA3",high
"WIFI_CONFIG: Search_Radar, Password: S34rch_R@d@r_2026, Security: WPA3",high
"Name: Ministerial Island; Longitude: -70.133333; Latitude: 43.733333",low
"icd_code=295.30, icd_version=9, diagnosis=Paranoid type schizophrenia, chronic state",high
"Your Uber Health wallet has been funded. Check: http://uberhealth-check-wallet.com",low
"BLUETOOTH_NAME: MSI_GF63, PIN: 1596, MAC: DE:F0:12:34:56:78",high
"id:101100, customer_id:44523, phone_number:082090123456, reference_number:INV-260715142030, net_amount:1950000, status:01, paying_at:2026-07-15T00:00:00Z",high
https://www.state.gov/data,low
"icd_code=G47.33, icd_version=10, diagnosis=Obstructive sleep apnea (adult) (pediatric)",high
"Your CVS ExtraCare points have been redeemed. Receipt: http://cvs-redeem-receipt.com",low
"Garcia, Sofia",high
"Name: Hen Island; Longitude: -70.133333; Latitude: 43.733333",low
"Bluetooth Device: JBL_Flip_5, PIN: 4445, Last Connected: 2026-02-10T13:55:40Z",high
"icd_code=I21.4, icd_version=10, diagnosis=Non-ST elevation (NSTEMI) myocardial infarction",high
"Your Signal account has been linked to new device. Verify: http://signal-verify-device.com",low
sarah.williams@nsa.gov,high
"SSID: Tennis_Club, Password: Love2026!, Security: WPA2",low
"Name: Monhegan Island; Longitude: -69.316667; Latitude: 43.766667",low
https://www.usmint.gov/data,low
"BLUETOOTH_NAME: Razer_Blade_16, PIN: 2586, MAC: F0:12:34:56:78:9A",high
"icd_code=296.22, icd_version=9, diagnosis=Major depressive disorder, single episode, moderate",high
"Your Capital One Venture card travel credit posted. View: http://capitalone-view-travelcredit.com",low
"Wong, Victoria",high
"Bluetooth Device: JBL_Endurance_PEAK3, PIN: 3334, Last Connected: 2026-02-11T08:20:35Z",high
"icd_code=M17.12, icd_version=10, diagnosis=Unilateral primary osteoarthritis, left knee",high
https://www.usace.army.mil/data,low
"Name: Matinicus Island; Longitude: -68.916667; Latitude: 43.866667",low
"Your iCloud+ storage is almost full. Upgrade: http://icloud-upgrade-storage.com",low
"SSID: USSPACECOM, Password: USSP@C3C0M_2026, Security: WPA3",high
"BLUETOOTH_NAME: Bugatti_Chiron, PIN: 7778, MAC: 12:34:56:78:9A:BC",high
"icd_code=304.30, icd_version=9, diagnosis=Cannabis dependence, unspecified",high
"$5,500 Le Creuset Cookware Set! Claim now: http://lecreuset-cookware-giveaway.com",low
"Name: Criehaven; Longitude: -68.916667; Latitude: 43.833333",low
"id:102100, customer_id:77801, phone_number:082101234567, reference_number:TRX-260720093040, net_amount:2550000, status:00, paying_at:2026-07-20T00:00:00Z",high
"WIFI_CONFIG: Space_Radar, Password: Sp@c3_R@d@r_2026, Security: WPA3",high
"icd_code=G40.309, icd_version=10, diagnosis=Generalized idiopathic epilepsy and epileptic syndromes, not intractable, without status epilepticus",high
"Your PayPal business debit card has shipped. Track: http://paypal-track-businesscard.com",low
"Kim, Ji-Hyun",high
"Name: Ragged Island; Longitude: -68.883333; Latitude: 43.833333",low
"Bluetooth Device: JBL_Quantum_910, PIN: 5558, Last Connected: 2026-02-12T14:45:50Z",high
"icd_code=J45.40, icd_version=10, diagnosis=Moderate persistent asthma, uncomplicated",high
"Walgreens: Your COVID antiviral prescription is ready. Pickup: http://walgreens-antiviral-pickup.com",low
"SSID: USCYBERCOM, Password: USCYB3RC0M_2026, Security: WPA3",high
"Name: Metinic Island; Longitude: -69.133333; Latitude: 43.883333",low
https://www.nrc.gov/data,low
"icd_code=295.60, icd_version=9, diagnosis=Residual type schizophrenia, unspecified state",high
"Your American Express Business Platinum statement is ready. View: http://amex-view-businessstatement.com",low
"Chen, William",high
"WIFI_CONFIG: Early_Warning_Satellite, Password: E@rly_W@rn_S@t_2026, Security: WPA3",high
"BLUETOOTH_NAME: Lenovo_Legion_Pro_7, PIN: 7534, MAC: 34:56:78:9A:BC:DE",high
"icd_code=304.50, icd_version=9, diagnosis=Hallucinogen dependence, episodic",high
"Free $1,300 Vitamix Blender! Register: http://vitamix-blender-giveaway.com",low
"Name: Wooden Ball Island; Longitude: -68.866667; Latitude: 43.816667",low
"id:103100, customer_id:33489, phone_number:082112345678, reference_number:INV-260725151025, net_amount:1750000, status:01, paying_at:2026-07-25T00:00:00Z",high
"icd_code=E11.21, icd_version=10, diagnosis=Type 2 diabetes mellitus with diabetic nephropathy",high
"Your Uber Eats gift card balance is low. Add funds: http://ubereats-add-giftcard.com",low
"Bluetooth Device: JBL_Tune_760NC, PIN: 6665, Last Connected: 2026-02-13T11:30:25Z",high
"Name: Eastern Egg Rock; Longitude: -69.383333; Latitude: 43.866667",low
"SSID: USSTRATCOM, Password: USSTR@TC0M_2026, Security: WPA3",high
"icd_code=N20.1, icd_version=10, diagnosis=Calculus of ureter",high
"Your DoorDash Drive order has been viewed. Insights: http://doordash-insights-drive.com",low
"Patel, Sanjay",high
"WIFI_CONFIG: Missile_Tracking, Password: M1ss1l3_Tr@ck1ng_2026, Security: WPA3",high
"Name: Western Egg Rock; Longitude: -69.400000; Latitude: 43.866667",low
"BLUETOOTH_NAME: Acer_Swift_X, PIN: 3691, MAC: 56:78:9A:BC:DE:F0",high
"icd_code=296.89, icd_version=9, diagnosis=Bipolar II disorder",high
"CVS: Your flu shot is recommended. Schedule: http://cvs-schedule-flushot.com",low
"id:104100, customer_id:99112, phone_number:082123456789, reference_number:TRX-260730102030, net_amount:2150000, status:00, paying_at:2026-07-30T00:00:00Z",high
https://www.ftc.gov/data,low
"icd_code=I48.0, icd_version=10, diagnosis=Paroxysmal atrial fibrillation",high
"Your Amazon Hub Locker delivery is ready. Pickup code: http://amazon-hub-pickup.com",low
"Tanaka, Kenji",high
"Name: Franklin Island; Longitude: -69.316667; Latitude: 43.900000",low
"Bluetooth Device: JBL_Charge_5_WiFi, PIN: 7775, Last Connected: 2026-02-14T15:55:40Z",high
"icd_code=K57.31, icd_version=10, diagnosis=Diverticulitis of large intestine without perforation or abscess without bleeding",high
"SSID: USSOCOM, Password: USS0C0M_2026_S3cur3, Security: WPA3",high
"WIFI_CONFIG: Surface_to_Air, Password: Surf@c3_T0_A1r_2026, Security: WPA3",high
"Name: Allen Island; Longitude: -69.283333; Latitude: 43.866667",low
"icd_code=304.60, icd_version=9, diagnosis=Cocaine dependence, in remission",high
"Win a $14,000 Panerai Watch! Enter now: http://panerai-watch-giveaway.com",low
"BLUETOOTH_NAME: MSI_GT77, PIN: 1595, MAC: 78:9A:BC:DE:F0:12",high
"id:105100, customer_id:44567, phone_number:082134567890, reference_number:INV-260804141015, net_amount:1850000, status:01, paying_at:2026-08-04T00:00:00Z",high
"icd_code=G35, icd_version=10, diagnosis=Multiple sclerosis, secondary progressive",high
"Your Venmo balance has been transferred. Confirm: http://venmo-confirm-transfer.com",low
"Garcia, Elena",high
"Name: Burnt Island; Longitude: -69.333333; Latitude: 43.883333",low
"Bluetooth Device: JBL_Reflect_Aero, PIN: 4444, Last Connected: 2026-02-15T09:45:30Z",high
"icd_code=J44.9, icd_version=10, diagnosis=Chronic obstructive pulmonary disease, unspecified",high
"SSID: USNORTHCOM, Password: USNORTHC0M_2026, Security: WPA3",high
"Name: Benner Island; Longitude: -69.366667; Latitude: 43.883333",low
https://www.doi.gov/data,low
"icd_code=296.24, icd_version=9, diagnosis=Major depressive disorder, single episode, severe without psychotic features",high
"Your Citi Premier card anniversary bonus posted. View: http://citi-view-anniversary.com",low
"WIFI_CONFIG: Ballistic_Radar, Password: B@ll1st1c_R@d@r_2026, Security: WPA3",high
"BLUETOOTH_NAME: HP_ZBook_Fury, PIN: 2588, MAC: 9A:BC:DE:F0:12:34",high
"icd_code=304.70, icd_version=9, diagnosis=Cannabis dependence, episodic",high
"$4,200 Zwilling Knife Set! Claim: http://zwilling-knife-giveaway.com",low
"Name: Louds Island; Longitude: -69.400000; Latitude: 43.933333",low
"id:106100, customer_id:77856, phone_number:082145678901, reference_number:TRX-260809101055, net_amount:2350000, status:00, paying_at:2026-08-09T00:00:00Z",high
"icd_code=I25.2, icd_version=10, diagnosis=Old myocardial infarction",high
"Your Target RedCard application is approved. Activate: http://target-activate-redcard.com",low
"Kim, Min-Seok",high
"Name: Mouse Island; Longitude: -69.416667; Latitude: 43.933333",low
"Bluetooth Device: JBL_Flip_6, PIN: 6664, Last Connected: 2026-02-16T13:20:15Z",high
"icd_code=N18.5, icd_version=10, diagnosis=Chronic kidney disease, stage 5",high
"SSID: USSOUTHCOM, Password: USSOUTHC0M_2026, Security: WPA3",high
"WIFI_CONFIG: Space_Tracking, Password: Sp@c3_Tr@ck1ng_2026, Security: WPA3",high
"Name: Bustin Island; Longitude: -69.416667; Latitude: 43.933333",low
"icd_code=295.90, icd_version=9, diagnosis=Unspecified schizophrenia, unspecified state",high
"Your Uber Eats diamond status achieved. Celebrate: http://ubereats-celebrate-diamond.com",low
"BLUETOOTH_NAME: Dell_Alienware_m18, PIN: 3698, MAC: BC:DE:F0:12:34:56",high
"id:107100, customer_id:33434, phone_number:082156789012, reference_number:INV-260814152040, net_amount:1650000, status:01, paying_at:2026-08-14T00:00:00Z",high
https://www.energy.gov/data,low
"icd_code=G47.33, icd_version=10, diagnosis=Obstructive sleep apnea (adult) (pediatric)",high
"Your PayPal working capital loan payment is due. Pay: http://paypal-pay-loan.com",low
"Patel, Arjun",high
"Name: Davis Island; Longitude: -69.416667; Latitude: 43.933333",low
"Bluetooth Device: JBL_Quantum_400, PIN: 5557, Last Connected: 2026-02-17T10:55:50Z",high
"icd_code=K29.50, icd_version=10, diagnosis=Chronic gastritis, unspecified, without bleeding",high
"SSID: USCENTCOM, Password: USCENTC0M_2026, Security: WPA3",high
"Name: Thief Island; Longitude: -69.416667; Latitude: 43.933333",low
"icd_code=304.80, icd_version=9, diagnosis=Polysubstance dependence, unspecified",high
"Free $2,100 Breville Espresso Machine! Register: http://breville-espresso-giveaway.com",low
"WIFI_CONFIG: Airborne_Radar, Password: A1rborn3_R@d@r_2026, Security: WPA3",high
"BLUETOOTH_NAME: Lenovo_ThinkPad_P1, PIN: 7536, MAC: DE:F0:12:34:56:78",high
"id:108100, customer_id:99178, phone_number:082167890123, reference_number:TRX-260819111020, net_amount:2050000, status:00, paying_at:2026-08-19T00:00:00Z",high
"icd_code=I63.9, icd_version=10, diagnosis=Cerebral infarction, unspecified",high
"Your Amazon Pharmacy automatic refill is scheduled. Manage: http://amazonpharmacy-manage-refill.com",low
"Chen, Michelle",high
"Name: Green Island; Longitude: -69.416667; Latitude: 43.933333",low
"Bluetooth Device: JBL_Tune_510BT, PIN: 7774, Last Connected: 2026-02-18T14:30:40Z",high
"icd_code=J45.20, icd_version=10, diagnosis=Mild intermittent asthma, uncomplicated",high
"SSID: USEUCOM, Password: USEUC0M_2026_S3cur3, Security: WPA3",high
"Name: Crow Island; Longitude: -69.416667; Latitude: 43.933333",low
https://www.commerce.gov/data,low
"icd_code=296.21, icd_version=9, diagnosis=Major depressive disorder, single episode, mild",high
"Your Walmart+ savings tracker updated. View: http://walmartplus-view-savings-tracker.com",low
"WIFI_CONFIG: Phased_Array_Radar, Password: Ph@s3d_Arr@y_R@d@r_2026, Security: WPA3",high
"BLUETOOTH_NAME: MSI_Stealth_14, PIN: 1594, MAC: F0:12:34:56:78:9A",high
"icd_code=304.90, icd_version=9, diagnosis=Other specified drug dependence, unspecified",high
"$8,800 Omega Seamaster Watch! Claim: http://omega-seamaster-giveaway.com",low
"Name: Ram Island; Longitude: -69.416667; Latitude: 43.933333",low
"id:109100, customer_id:44590, phone_number:082178901234, reference_number:INV-260824131035, net_amount:2250000, status:01, paying_at:2026-08-24T00:00:00Z",high
"icd_code=E11.9, icd_version=10, diagnosis=Type 2 diabetes mellitus without complications",high
"Your DoorDash Drive catering menu updated. Review: http://doordash-review-catering-menu.com",low
"Rodriguez, Miguel",high
"Name: Sheep Island; Longitude: -69.416667; Latitude: 43.933333",low
"Bluetooth Device: JBL_Endurance_RUN2, PIN: 4443, Last Connected: 2026-02-19T09:45:55Z",high
"icd_code=N40.1, icd_version=10, diagnosis=Benign prostatic hyperplasia with lower urinary tract symptoms",high
"SSID: USPACOM, Password: USP@C0M_2026, Security: WPA3",high
"WIFI_CONFIG: Tactical_Radar, Password: T@ct1c@l_R@d@r_2026, Security: WPA3",high
"Name: Harbor Island; Longitude: -69.416667; Latitude: 43.933333",low
"icd_code=295.70, icd_version=9, diagnosis=Schizoaffective disorder",high
"Your Uber Health prescriptions are ready. Review: http://uberhealth-review-prescriptions.com",low
"BLUETOOTH_NAME: Acer_Predator_Helios_18, PIN: 2587, MAC: 12:34:56:78:9A:BC",high
"id:110100, customer_id:66701, phone_number:082189012345, reference_number:TRX-260829142050, net_amount:1750000, status:00, paying_at:2026-08-29T00:00:00Z",high
https://www.dhs.gov/data,low
"icd_code=I21.01, icd_version=10, diagnosis=ST elevation (STEMI) myocardial infarction involving left main coronary artery",high
"Your CVS extracare pharmacy rewards are ready. Redeem: http://cvs-redeem-pharmacy-rewards.com",low
"Tanaka, Haruki",high
"Name: Bar Island; Longitude: -69.416667; Latitude: 43.933333",low
"Bluetooth Device: JBL_Charge_4, PIN: 6663, Last Connected: 2026-02-20T12:20:30Z",high
"icd_code=K57.33, icd_version=10, diagnosis=Diverticulitis of both small and large intestine with perforation and abscess",high
"SSID: USAFRICOM, Password: USAFR1C0M_2026, Security: WPA3",high
"Name: White Island; Longitude: -69.416667; Latitude: 43.933333",low
"icd_code=304.00, icd_version=9, diagnosis=Opioid dependence, in remission",high
"Win a $16,000 Hublot Big Bang! Enter now: http://hublot-bigbang-giveaway.com",low
"WIFI_CONFIG: Surveillance_Radar, Password: Surv3!ll@nc3_R@d@r_2026, Security: WPA3",high
"BLUETOOTH_NAME: HP_Elitebook_1040, PIN: 3697, MAC: 34:56:78:9A:BC:DE",high
"id:111100, customer_id:77823, phone_number:082190123456, reference_number:INV-260903101025, net_amount:1950000, status:01, paying_at:2026-09-03T00:00:00Z",high
"icd_code=G43.109, icd_version=10, diagnosis=Migraine with aura, not intractable, without status migrainosus",high
"Your Amazon Business Prime membership benefits updated. Explore: http://amazonbusiness-explore-prime.com",low
"Garcia, Carmen",high
"Name: Spruce Island; Longitude: -69.416667; Latitude: 43.933333",low
"Bluetooth Device: JBL_Quantum_810, PIN: 5556, Last Connected: 2026-02-21T15:35:45Z",high
"icd_code=J44.0, icd_version=10, diagnosis=Chronic obstructive pulmonary disease with acute lower respiratory infection",high
"SSID: USINDOPACOM, Password: US1ND0P@C0M_2026, Security: WPA3",high
"Name: Pumpkin Island; Longitude: -69.416667; Latitude: 43.933333",low
https://www.ed.gov/data,low
"icd_code=296.89, icd_version=9, diagnosis=Bipolar II disorder",high
"Your Citibank thank you points are expiring. Redeem: http://citi-redeem-thankyou.com",low
"WIFI_CONFIG: Weather_Radar, Password: W3@th3r_R@d@r_2026, Security: WPA3",high
"BLUETOOTH_NAME: Lenovo_Yoga_9i, PIN: 7532, MAC: 56:78:9A:BC:DE:F0",high
"icd_code=304.10, icd_version=9, diagnosis=Sedative, hypnotic or anxiolytic dependence, unspecified",high
"$3,900 Shun Premier Knife Set! Claim: http://shun-knife-set-giveaway.com",low
"Name: Little Spruce Head; Longitude: -68.983333; Latitude: 44.233333",low
"id:112100, customer_id:33445, phone_number:082201234567, reference_number:TRX-260908151015, net_amount:2350000, status:00, paying_at:2026-09-08T00:00:00Z",high
"icd_code=I50.32, icd_version=10, diagnosis=Chronic diastolic (congestive) heart failure",high
"Your Uber Eats pro status benefits are active. View: http://ubereats-view-pro-benefits.com",low
"Kim, Ji-Eun",high
"Name: Spruce Head Island; Longitude: -68.983333; Latitude: 44.233333",low
"Bluetooth Device: JBL_Live_770NC, PIN: 7773, Last Connected: 2026-02-22T10:50:20Z",high
"icd_code=N18.4, icd_version=10, diagnosis=Chronic kidney disease, stage 4 (severe)",high
"SSID: USCYBERCOM_FortMeade, Password: USCYB3R_FM_2026, Security: WPA3",high
"WIFI_CONFIG: Doppler_Radar, Password: D0ppl3r_R@d@r_2026, Security: WPA3",high
"Name: Hurricane Island; Longitude: -69.233333; Latitude: 44.000000",low
"icd_code=295.40, icd_version=9, diagnosis=Schizophreniform disorder, unspecified state",high
"Your PayPal savings account APY has increased. Review: http://paypal-review-apy.com",low
"BLUETOOTH_NAME: MSI_Alpha_15, PIN: 1593, MAC: 78:9A:BC:DE:F0:12",high
"id:113100, customer_id:88901, phone_number:082212345678, reference_number:INV-260913101040, net_amount:1650000, status:01, paying_at:2026-09-13T00:00:00Z",high
https://www.census.gov/data,low
"icd_code=G47.33, icd_version=10, diagnosis=Obstructive sleep apnea (adult) (pediatric)",high
"Your Target Circle 360 benefits are active. Explore: http://target-explore-circle360.com",low
"Patel, Anika",high
"Name: Vinalhaven Island; Longitude: -68.833333; Latitude: 44.050000",low
"Bluetooth Device: JBL_Tune_230NC, PIN: 4442, Last Connected: 2026-02-23T13:25:35Z",high
"icd_code=I21.09, icd_version=10, diagnosis=ST elevation (STEMI) myocardial infarction involving other coronary artery of anterior wall",high
"Your WeChat account has been logged in on an unknown device. Verify: http://wechat-verify-device.com",low
david.kim@nctc.gov,high
"SSID: Marina_Club, Password: Sail2026!", Security: WPA2",low
"Name: North Haven; Longitude: -68.866667; Latitude: 44.033333",low
https://www.fsis.usda.gov/data,low
"BLUETOOTH_NAME: Samsung_Galaxy_Book_Pro, PIN: 2589, MAC: 9A:BC:DE:F0:12:34",high
"icd_code=296.34, icd_version=9, diagnosis=Major depressive disorder, recurrent, severe with psychotic features",high
"Your Chase Sapphire Preferred annual fee posted. Review: http://chase-review-annualfee.com",low
"Martinez, Ana",high
"Bluetooth Device: JBL_Endurance_Sprint, PIN: 3333, Last Connected: 2026-02-24T08:30:45Z",high
"icd_code=M05.79, icd_version=10, diagnosis=Rheumatoid arthritis with rheumatoid factor of ankle and foot without organ or systems involvement",high
https://www.nps.gov/data,low
"Name: Pulpit Harbor; Longitude: -68.883333; Latitude: 44.066667",low
"Your Google Fi data usage exceeded. Upgrade: http://googlefi-upgrade-data.com",low
"SSID: NGA_StLouis, Password: NG@_StL0u1s_2026, Security: WPA3",high
"BLUETOOTH_NAME: Pagani_Huayra, PIN: 7777, MAC: BC:DE:F0:12:34:56",high
"icd_code=304.20, icd_version=9, diagnosis=Cocaine dependence, unspecified",high
"$6,500 Viking Professional Range! Claim now: http://viking-range-giveaway.com",low
"Name: Carvers Harbor; Longitude: -68.866667; Latitude: 44.033333",low
"id:114100, customer_id:55678, phone_number:082223456789, reference_number:TRX-260918142025, net_amount:2450000, status:00, paying_at:2026-09-18T00:00:00Z",high
"WIFI_CONFIG: Reconnaissance_Satellite, Password: R3c0n_S@t_2026, Security: WPA3",high
"icd_code=G40.919, icd_version=10, diagnosis=Epilepsy, unspecified, not intractable, with status epilepticus",high
"Your PayPal business line of credit approved. Access: http://paypal-access-credit.com",low
"Kim, Young-Ho",high
"Name: Fox Islands Thorofare; Longitude: -68.883333; Latitude: 44.050000",low
"Bluetooth Device: JBL_Quantum_910_Wireless, PIN: 5555, Last Connected: 2026-02-25T14:55:30Z",high
"icd_code=J45.909, icd_version=10, diagnosis=Unspecified asthma, uncomplicated",high
"Walgreens: Your RSV vaccine is available. Schedule: http://walgreens-schedule-rsv.com",low
"SSID: DIA_Data_Center, Password: D1A_DC_2026_S3cur3, Security: WPA3",high
"Name: Seal Bay; Longitude: -68.900000; Latitude: 44.016667",low
https://www.peacecorps.gov/data,low
"icd_code=295.90, icd_version=9, diagnosis=Unspecified schizophrenia, chronic state",high
"Your American Express Marriott Brilliant credits posted. View: http://amex-view-marriottcredits.com",low
"Chen, Teresa",high
"WIFI_CONFIG: Signals_Intelligence, Password: S1G1NT_2026, Security: WPA3",high
"BLUETOOTH_NAME: Lenovo_ThinkPad_T14s, PIN: 7530, MAC: DE:F0:12:34:56:78",high
"icd_code=304.40, icd_version=9, diagnosis=Amphetamine dependence, episodic",high
"Free $1,800 Dyson Airwrap Complete! Register: http://dyson-airwrap-giveaway.com",low
"Name: Oak Hill; Longitude: -68.866667; Latitude: 44.033333",low
"id:115100, customer_id:66789, phone_number:082234567890, reference_number:INV-260923111055, net_amount:1850000, status:01, paying_at:2026-09-23T00:00:00Z",high
"icd_code=E11.65, icd_version=10, diagnosis=Type 2 diabetes mellitus with hyperglycemia",high
"Your Uber Eats rewards certificate is expiring. Use: http://ubereats-use-certificate.com",low
"Bluetooth Device: JBL_Tune_720BT, PIN: 6662, Last Connected: 2026-02-26T11:45:20Z",high
"Name: Iron Point; Longitude: -68.866667; Latitude: 44.050000",low
"SSID: NCTC_Headquarters, Password: NCTC_HQ_2026_S3cur3, Security: WPA3",high
"icd_code=N20.0, icd_version=10, diagnosis=Calculus of kidney",high
"Your DoorDash Drive catering invoice ready. Download: http://doordash-download-invoice.com",low
"Patel, Deepa",high
"WIFI_CONFIG: Electronic_Intelligence, Password: EL1NT_2026, Security: WPA3",high
"Name: Western Bay; Longitude: -68.916667; Latitude: 44.050000",low
"BLUETOOTH_NAME: Acer_Nitro_16, PIN: 3690, MAC: F0:12:34:56:78:9A",high
"icd_code=296.89, icd_version=9, diagnosis=Bipolar II disorder",high
"CVS: Your asthma action plan updated. Review: http://cvs-review-asthmaplan.com",low
"id:116100, customer_id:33412, phone_number:082245678901, reference_number:TRX-260928151030, net_amount:2150000, status:00, paying_at:2026-09-28T00:00:00Z",high
https://www.epa.gov/data,low
"icd_code=I25.10, icd_version=10, diagnosis=Atherosclerotic heart disease of native coronary artery without angina pectoris",high
"Your Amazon Household member invite received. Accept: http://amazon-accept-household.com",low
"Tanaka, Akiko",high
"Name: Crockett Cove; Longitude: -68.883333; Latitude: 44.050000",low
"Bluetooth Device: JBL_Flip_5_Special, PIN: 7772, Last Connected: 2026-02-27T15:20:40Z",high
"icd_code=K57.30, icd_version=10, diagnosis=Diverticulosis of large intestine without perforation or abscess without bleeding",high
"SSID: NRO_Data_Center, Password: NR0_DC_2026, Security: WPA3",high
"WIFI_CONFIG: Measurement_Intelligence, Password: M3AS1NT_2026, Security: WPA3",high
"Name: Stonington; Longitude: -68.666667; Latitude: 44.150000",low
"icd_code=304.50, icd_version=9, diagnosis=Hallucinogen dependence, in remission",high
"Win a $19,000 IWC Schaffhausen! Enter now: http://iwc-watch-giveaway.com",low
"BLUETOOTH_NAME: MSI_Creator_Z17, PIN: 1592, MAC: 12:34:56:78:9A:BC",high
"id:117100, customer_id:99134, phone_number:082256789012, reference_number:INV-261003102015, net_amount:1750000, status:01, paying_at:2026-10-03T00:00:00Z",high
"icd_code=G35, icd_version=10, diagnosis=Multiple sclerosis, relapsing-remitting",high
"Your Venmo credit card payment received. Confirm: http://venmo-confirm-payment.com",low
"Garcia, Ricardo",high
"Name: Isle au Haut Thorofare; Longitude: -68.633333; Latitude: 44.083333",low
"Bluetooth Device: JBL_Reflect_Flow_Pro, PIN: 4441, Last Connected: 2026-02-28T09:55:50Z",high
"icd_code=J44.1, icd_version=10, diagnosis=Chronic obstructive pulmonary disease with (acute) exacerbation",high
"SSID: USSS_Data_Center, Password: USSS_DC_2026_S3cur3, Security: WPA3",high
"Name: Merchants Row; Longitude: -68.666667; Latitude: 44.133333",low
https://www.fema.gov/data,low
"icd_code=296.20, icd_version=9, diagnosis=Major depressive disorder, single episode, unspecified",high
"Your Walmart+ in-home delivery activated. Schedule: http://walmartplus-schedule-inhome.com",low
"WIFI_CONFIG: Communications_Intelligence, Password: C0M1NT_2026, Security: WPA3",high
"BLUETOOTH_NAME: HP_Spectre_x360_16, PIN: 2585, MAC: 34:56:78:9A:BC:DE",high
"icd_code=304.60, icd_version=9, diagnosis=Cocaine dependence, episodic",high
"$4,800 Bose Home Entertainment System! Claim: http://bose-home-giveaway.com",low
"Name: Great Gott Island; Longitude: -68.416667; Latitude: 44.083333",low
"id:118100, customer_id:44523, phone_number:082267890123, reference_number:TRX-261008141045, net_amount:2350000, status:00, paying_at:2026-10-08T00:00:00Z",high
"icd_code=I48.91, icd_version=10, diagnosis=Unspecified atrial fibrillation",high
"Your Uber Health FSA/HSA card added. Verify: http://uberhealth-verify-fsa.com",low
"Kim, Seo-Yeon",high
"Name: Little Gott Island; Longitude: -68.416667; Latitude: 44.083333",low
"Bluetooth Device: JBL_Quantum_800, PIN: 6661, Last Connected: 2026-03-01T13:40:35Z",high
"icd_code=N18.6, icd_version=10, diagnosis=End stage renal disease",high
"SSID: CISA_Data_Center, Password: C1S@_DC_2026, Security: WPA3",high
"WIFI_CONFIG: Telemetry_Intelligence, Password: TEL1NT_2026, Security: WPA3",high
"Name: Black Island; Longitude: -68.416667; Latitude: 44.083333",low
"icd_code=295.30, icd_version=9, diagnosis=Paranoid type schizophrenia, chronic state",high
"Your PayPal purchase protection claim filed. Track: http://paypal-track-claim.com",low
"BLUETOOTH_NAME: Dell_XPS_13_9345, PIN: 7539, MAC: 56:78:9A:BC:DE:F0",high
"id:119100, customer_id:77890, phone_number:082278901234, reference_number:INV-261013101055, net_amount:1950000, status:01, paying_at:2026-10-13T00:00:00Z",high
https://www.sec.gov/data,low
"icd_code=G47.33, icd_version=10, diagnosis=Obstructive sleep apnea (adult) (pediatric)",high
"Your Amazon Wedding Registry gift purchased. Ship: http://amazon-ship-gift.com",low
"Chen, Andrew",high
"Name: Placentia Island; Longitude: -68.416667; Latitude: 44.083333",low
"Bluetooth Device: JBL_Tune_130NC, PIN: 7771, Last Connected: 2026-03-02T10:30:45Z",high
"icd_code=K29.60, icd_version=10, diagnosis=Other gastritis without bleeding",high
"SSID: USSTRATCOM_Offutt, Password: USSTR@TCOM_OFFUTT_2026, Security: WPA3",high
"Name: Saddleback Island; Longitude: -68.416667; Latitude: 44.083333",low
"icd_code=304.70, icd_version=9, diagnosis=Cannabis dependence, in remission",high
"Free $1,500 Technics Turntable! Register: http://technics-turntable-giveaway.com",low
"WIFI_CONFIG: Open_Source_Intelligence, Password: 0S1NT_2026, Security: WPA3",high
"BLUETOOTH_NAME: Lenovo_Legion_Slim_7, PIN: 3696, MAC: 78:9A:BC:DE:F0:12",high
"id:120100, customer_id:33456, phone_number:082289012345, reference_number:TRX-261018152030, net_amount:2250000, status:00, paying_at:2026-10-18T00:00:00Z",high
"icd_code=I21.4, icd_version=10, diagnosis=Non-ST elevation (NSTEMI) myocardial infarction",high
"Your Target RedCard earn multiplier active. Shop: http://target-shop-multiplier.com",low
"Rodriguez, Sofia",high
"Name: Marshall Island; Longitude: -68.416667; Latitude: 44.083333",low
"Bluetooth Device: JBL_Charge_5, PIN: 4440, Last Connected: 2026-03-03T14:55:20Z",high
"icd_code=J45.40, icd_version=10, diagnosis=Moderate persistent asthma, uncomplicated",high
"SSID: USSOCOM_MacDill, Password: USS0C0M_MACD1LL_2026, Security: WPA3",high
"Name: Swans Island Head; Longitude: -68.450000; Latitude: 44.150000",low
https://www.nhtsa.gov/data,low
"icd_code=296.33, icd_version=9, diagnosis=Major depressive disorder, recurrent, severe without psychotic features",high
"Your Citi Custom Cash 5% category selected. Confirm: http://citi-confirm-category.com",low
"WIFI_CONFIG: Human_Intelligence, Password: HUM1NT_2026, Security: WPA3",high
"BLUETOOTH_NAME: MSI_Stealth_16_Studio, PIN: 1591, MAC: 9A:BC:DE:F0:12:34",high
"icd_code=304.80, icd_version=9, diagnosis=Polysubstance dependence, in remission",high
"$7,200 Bang & Olufsen Speakers! Claim: http://bang-olufsen-giveaway.com",low
"Name: Burnt Coat Harbor; Longitude: -68.450000; Latitude: 44.133333",low
"id:121100, customer_id:99101, phone_number:082290123456, reference_number:INV-261023111040, net_amount:1650000, status:01, paying_at:2026-10-23T00:00:00Z",high
"icd_code=E11.9, icd_version=10, diagnosis=Type 2 diabetes mellitus without complications",high
"Your DoorDash Drive catering order trending. Insights: http://doordash-insights-trending.com",low
"Patel, Kavita",high
"Name: Hockamock Head; Longitude: -68.450000; Latitude: 44.133333",low
"Bluetooth Device: JBL_Flip_6, PIN: 6660, Last Connected: 2026-03-04T09:45:35Z",high
"icd_code=N40.0, icd_version=10, diagnosis=Benign prostatic hyperplasia without lower urinary tract symptoms",high
"SSID: USNORTHCOM_Peterson, Password: USNORTHC0M_P3T3RS0N_2026, Security: WPA3",high
"WIFI_CONFIG: Geospatial_Intelligence, Password: GEO1NT_2026, Security: WPA3",high
"Name: Harbor Island; Longitude: -68.450000; Latitude: 44.133333",low
"icd_code=295.70, icd_version=9, diagnosis=Schizoaffective disorder",high
"Your Uber Eats platinum status achieved. Celebrate: http://ubereats-celebrate-platinum.com",low
"BLUETOOTH_NAME: Acer_ConceptD, PIN: 2584, MAC: BC:DE:F0:12:34:56",high
"id:122100, customer_id:44567, phone_number:082301234567, reference_number:TRX-261028142015, net_amount:2050000, status:00, paying_at:2026-10-28T00:00:00Z",high
https://www.cbp.gov/data,low
"icd_code=I63.9, icd_version=10, diagnosis=Cerebral infarction, unspecified",high
"Your Amazon Clinic virtual visit completed. Summary: http://amazonclinic-view-summary.com",low
"Tanaka, Yuki",high
"Name: Mackerel Cove; Longitude: -68.450000; Latitude: 44.133333",low
"Bluetooth Device: JBL_Endurance_Race, PIN: 5554, Last Connected: 2026-03-05T12:20:50Z",high
"icd_code=K57.32, icd_version=10, diagnosis=Diverticulitis of large intestine with perforation and abscess without bleeding",high
"SSID: USCENTCOM_MacDill, Password: USCENTC0M_MACD1LL_2026, Security: WPA3",high
"Name: Dix Island; Longitude: -68.883333; Latitude: 44.033333",low
"icd_code=304.90, icd_version=9, diagnosis=Other specified drug dependence, unspecified",high
"Win a $21,000 Breitling Navitimer! Enter: http://breitling-navitimer-giveaway.com",low
"WIFI_CONFIG: Financial_Intelligence, Password: F1N1NT_2026, Security: WPA3",high
"BLUETOOTH_NAME: HP_ZBook_Power, PIN: 7537, MAC: DE:F0:12:34:56:78",high
"id:123100, customer_id:77834, phone_number:082312345678, reference_number:INV-261102101025, net_amount:1850000, status:01, paying_at:2026-11-02T00:00:00Z",high
"icd_code=G43.909, icd_version=10, diagnosis=Migraine, unspecified, not intractable, without status migrainosus",high
"Your CVS HealthHUB consultation scheduled. Prepare: http://cvs-prepare-healthhub-consult.com",low
"Garcia, Diego",high
"Name: Little Deer Isle; Longitude: -68.700000; Latitude: 44.283333",low
"Bluetooth Device: JBL_Quantum_360X, PIN: 7770, Last Connected: 2026-03-06T15:35:30Z",high
"icd_code=J44.9, icd_version=10, diagnosis=Chronic obstructive pulmonary disease, unspecified",high
"SSID: USEUCOM_Stuttgart, Password: USEUC0M_STUTTG@RT_2026, Security: WPA3",high
"Name: Deer Isle Thorofare; Longitude: -68.700000; Latitude: 44.266667",low
https://www.osha.gov/data,low
"icd_code=296.22, icd_version=9, diagnosis=Major depressive disorder, single episode, moderate",high
"Your Walmart+ savings catcher report ready. View: http://walmartplus-view-catcher.com",low
"WIFI_CONFIG: Energy_Intelligence, Password: EN1NT_2026, Security: WPA3",high
"BLUETOOTH_NAME: Lenovo_ThinkPad_X1_Nano, PIN: 2588, MAC: F0:12:34:56:78:9A",high
"icd_code=304.00, icd_version=9, diagnosis=Opioid dependence, unspecified",high
"$5,200 Miele Complete Vacuum System! Claim: http://miele-vacuum-giveaway.com",low
"Name: Eggemoggin Reach; Longitude: -68.700000; Latitude: 44.283333",low
"id:124100, customer_id:88912, phone_number:082323456789, reference_number:TRX-261107152055, net_amount:2350000, status:00, paying_at:2026-11-07T00:00:00Z",high
"icd_code=I25.119, icd_version=10, diagnosis=Atherosclerotic heart disease of native coronary artery with unspecified angina pectoris",high
"Your PayPal business debit card transaction disputed. Resolve: http://paypal-resolve-dispute.com",low
"Kim, Min-Ji",high
"Name: Naskeag Point; Longitude: -68.700000; Latitude: 44.250000",low
"Bluetooth Device: JBL_Tune_520BT, PIN: 4449, Last Connected: 2026-03-07T10:15:45Z",high
"icd_code=N18.5, icd_version=10, diagnosis=Chronic kidney disease, stage 5",high
"SSID: USPACOM_CampSmith, Password: USP@C0M_C@MPSM1TH_2026, Security: WPA3",high
"WIFI_CONFIG: Cyber_Intelligence, Password: CYB1NT_2026, Security: WPA3",high
"Name: Blue Hill Bay; Longitude: -68.600000; Latitude: 44.250000",low
"icd_code=295.90, icd_version=9, diagnosis=Unspecified schizophrenia, unspecified state",high
"Your Uber Health prescription delivery scheduled. Track: http://uberhealth-track-delivery.com",low
"BLUETOOTH_NAME: MSI_GE78_Raider, PIN: 1598, MAC: 12:34:56:78:9A:BC",high
"id:125100, customer_id:33478, phone_number:082334567890, reference_number:INV-261112121040, net_amount:1750000, status:01, paying_at:2026-11-12T00:00:00Z",high
https://www.boem.gov/data,low
"icd_code=G47.33, icd_version=10, diagnosis=Obstructive sleep apnea (adult) (pediatric)",high
"Your Amazon Fresh delivery passed quality check. Rate: http://amazonfresh-rate-quality.com",low
"Chen, Angela",high
"Name: Jericho Bay; Longitude: -68.550000; Latitude: 44.200000",low
"Bluetooth Device: JBL_Live_660NC, PIN: 6669, Last Connected: 2026-03-08T13:55:30Z",high
"icd_code=I21.01, icd_version=10, diagnosis=ST elevation (STEMI) myocardial infarction involving left main coronary artery",high
"Your Line account has been accessed from a new smartphone. Verify: http://line-verify-smartphone.com",low
jennifer.park@dia.mil,high
"SSID: Yacht_Harbor, Password: Mooring2026!, Security: WPA2",low
"Name: Frenchman Bay; Longitude: -68.200000; Latitude: 44.416667",low
https://www.usbr.gov/data,low
"BLUETOOTH_NAME: Razer_Blade_18, PIN: 2587, MAC: 34:56:78:9A:BC:DE",high
"icd_code=296.23, icd_version=9, diagnosis=Major depressive disorder, single episode, severe with psychotic features",high
"Your Capital One Venture X travel credit redeemed. Confirm: http://capitalone-confirm-travelcredit.com",low
"Rodriguez, Carmen",high
"Bluetooth Device: JBL_Endurance_PEAK4, PIN: 3332, Last Connected: 2026-03-09T08:45:30Z",high
"icd_code=M16.0, icd_version=10, diagnosis=Bilateral primary osteoarthritis of hip",high
https://www.fisheries.noaa.gov/data,low
"Name: Bar Harbor; Longitude: -68.205556; Latitude: 44.387500",low
"Your Microsoft OneDrive storage is 90% full. Upgrade: http://onedrive-upgrade-storage.com",low
"SSID: USCYBERCOM_DataCenter, Password: USCYB3RC0M_DC_2026, Security: WPA3",high
"BLUETOOTH_NAME: Koenigsegg_Jesko, PIN: 7776, MAC: 56:78:9A:BC:DE:F0",high
"icd_code=304.30, icd_version=9, diagnosis=Cannabis dependence, episodic",high
"$7,800 Sub-Zero Wine Cooler! Claim now: http://subzero-winecooler-giveaway.com",low
"Name: Sorrento Harbor; Longitude: -68.183333; Latitude: 44.466667",low
"id:126100, customer_id:55689, phone_number:082345678901, reference_number:TRX-261117093025, net_amount:2550000, status:00, paying_at:2026-11-17T00:00:00Z",high
"WIFI_CONFIG: Satellite_Imagery, Password: S@t_1m@g3ry_2026, Security: WPA3",high
"icd_code=G40.209, icd_version=10, diagnosis=Localization-related (focal) (partial) symptomatic epilepsy and epileptic syndromes with complex partial seizures, not intractable, without status epilepticus",high
"Your PayPal business working capital repayment schedule updated. View: http://paypal-view-repayment.com",low
"Kim, Jung-Hoon",high
"Name: Winter Harbor; Longitude: -68.083333; Latitude: 44.400000",low
"Bluetooth Device: JBL_Quantum_910, PIN: 5553, Last Connected: 2026-03-10T14:30:55Z",high
"icd_code=J45.30, icd_version=10, diagnosis=Mild persistent asthma, uncomplicated",high
"Walgreens: Your pneumonia vaccine is recommended. Schedule: http://walgreens-schedule-pneumonia.com",low
"SSID: DIA_DataCenter, Password: D1A_DC_2026_S3cur3, Security: WPA3",high
"Name: Schoodic Point; Longitude: -68.066667; Latitude: 44.333333",low
https://www.usda.gov/data,low
"icd_code=295.40, icd_version=9, diagnosis=Schizophreniform disorder, unspecified state",high
"Your American Express Delta Platinum boarding priority updated. View: http://amex-view-deltapriority.com",low
"Chen, Jeffrey",high
"WIFI_CONFIG: Hyperspectral_Imagery, Password: Hyp3rsp3ctr@l_1m@g3ry_2026, Security: WPA3",high
"BLUETOOTH_NAME: Lenovo_ThinkPad_X13s, PIN: 7531, MAC: 78:9A:BC:DE:F0:12",high
"icd_code=304.50, icd_version=9, diagnosis=Hallucinogen dependence, unspecified",high
"Free $2,200 La Marzocco Espresso Machine! Register: http://lamarzocco-espresso-giveaway.com",low
"Name: Corea Harbor; Longitude: -67.966667; Latitude: 44.400000",low
"id:127100, customer_id:66701, phone_number:082356789012, reference_number:INV-261122141015, net_amount:1850000, status:01, paying_at:2026-11-22T00:00:00Z",high
"icd_code=E11.21, icd_version=10, diagnosis=Type 2 diabetes mellitus with diabetic nephropathy",high
"Your Uber Eats restaurant partnership inquiry received. Respond: http://ubereats-respond-partnership.com",low
"Bluetooth Device: JBL_Tune_760NC, PIN: 6668, Last Connected: 2026-03-11T11:25:40Z",high
"Name: Jonesport; Longitude: -67.600000; Latitude: 44.533333",low
"SSID: NRO_DataCenter, Password: NR0_DC_2026_S3cur3, Security: WPA3",high
"icd_code=N20.1, icd_version=10, diagnosis=Calculus of ureter",high
"Your DoorDash Drive catering menu analytics ready. Explore: http://doordash-explore-analytics.com",low
"Patel, Sanjay",high
"WIFI_CONFIG: Thermal_Imagery, Password: Th3rm@l_1m@g3ry_2026, Security: WPA3",high
"Name: Addison; Longitude: -67.750000; Latitude: 44.616667",low
"BLUETOOTH_NAME: Acer_Predator_Helios_16, PIN: 3699, MAC: 9A:BC:DE:F0:12:34",high
"icd_code=296.89, icd_version=9, diagnosis=Bipolar II disorder",high
"CVS: Your blood pressure monitoring program enrolled. Track: http://cvs-track-bp.com",low
"id:128100, customer_id:77845, phone_number:082367890123, reference_number:TRX-261127101055, net_amount:2150000, status:00, paying_at:2026-11-27T00:00:00Z",high
https://www.ftc.gov/data,low
"icd_code=I48.0, icd_version=10, diagnosis=Paroxysmal atrial fibrillation",high
"Your Amazon Kids+ subscription content updated. Manage: http://amazonkids-manage-content.com",low
"Tanaka, Kenji",high
"Name: Columbia Falls; Longitude: -67.733333; Latitude: 44.650000",low
"Bluetooth Device: JBL_Charge_5_WiFi, PIN: 7779, Last Connected: 2026-03-12T15:50:30Z",high
"icd_code=K57.31, icd_version=10, diagnosis=Diverticulitis of large intestine without perforation or abscess without bleeding",high
"SSID: NGA_DataCenter, Password: NG@_DC_2026_S3cur3, Security: WPA3",high
"WIFI_CONFIG: Radar_Imagery, Password: R@d@r_1m@g3ry_2026, Security: WPA3",high
"Name: Pleasant Point; Longitude: -67.650000; Latitude: 44.583333",low
"icd_code=304.60, icd_version=9, diagnosis=Cocaine dependence, in remission",high
"Win a $23,000 Chopard Watch! Enter now: http://chopard-watch-giveaway.com",low
"BLUETOOTH_NAME: MSI_Stealth_17_Studio, PIN: 1597, MAC: BC:DE:F0:12:34:56",high
"id:129100, customer_id:33489, phone_number:082378901234, reference_number:INV-261202152030, net_amount:1750000, status:01, paying_at:2026-12-02T00:00:00Z",high
"icd_code=G35, icd_version=10, diagnosis=Multiple sclerosis, secondary progressive",high
"Your Venmo business profile insights ready. View: http://venmo-view-business-insights.com",low
"Garcia, Andres",high
"Name: Machias; Longitude: -67.466667; Latitude: 44.716667",low
"Bluetooth Device: JBL_Reflect_Mini_2, PIN: 4448, Last Connected: 2026-03-13T09:35:45Z",high
"icd_code=J44.0, icd_version=10, diagnosis=Chronic obstructive pulmonary disease with acute lower respiratory infection",high
"SSID: USSTRATCOM_DataCenter, Password: USSTR@TC0M_DC_2026, Security: WPA3",high
"Name: Machiasport; Longitude: -67.400000; Latitude: 44.700000",low
https://www.doi.gov/data,low
"icd_code=296.24, icd_version=9, diagnosis=Major depressive disorder, single episode, severe without psychotic features",high
"Your Citi Rewards+ points boost activated. Shop: http://citi-shop-pointsboost.com",low
"WIFI_CONFIG: Multispectral_Imagery, Password: Mult1sp3ctr@l_1m@g3ry_2026, Security: WPA3",high
"BLUETOOTH_NAME: HP_Envy_17, PIN: 2586, MAC: DE:F0:12:34:56:78",high
"icd_code=304.70, icd_version=9, diagnosis=Cannabis dependence, unspecified",high
"$6,400 Liebherr Refrigerator! Claim: http://liebherr-fridge-giveaway.com",low
"Name: Cutler; Longitude: -67.250000; Latitude: 44.650000",low
"id:130100, customer_id:99123, phone_number:082389012345, reference_number:TRX-261207111020, net_amount:2350000, status:00, paying_at:2026-12-07T00:00:00Z",high
"icd_code=I25.2, icd_version=10, diagnosis=Old myocardial infarction",high
"Your Target Circle earnings redeemed. Confirm: http://target-confirm-redeemcircle.com",low
"Kim, Ji-Soo",high
"Name: Lubec; Longitude: -66.983333; Latitude: 44.850000",low
"Bluetooth Device: JBL_Flip_6_Special, PIN: 6667, Last Connected: 2026-03-14T13:20:30Z",high
"icd_code=N18.4, icd_version=10, diagnosis=Chronic kidney disease, stage 4 (severe)",high
"SSID: USSOCOM_DataCenter, Password: USS0C0M_DC_2026, Security: WPA3",high
"WIFI_CONFIG: Lidar_Imagery, Password: L1d@r_1m@g3ry_2026, Security: WPA3",high
"Name: Campobello Island; Longitude: -66.916667; Latitude: 44.883333",low
"icd_code=295.60, icd_version=9, diagnosis=Residual type schizophrenia, unspecified state",high
"Your Uber Health family profile added. Manage: http://uberhealth-manage-family.com",low
"BLUETOOTH_NAME: Dell_Alienware_m16, PIN: 3695, MAC: F0:12:34:56:78:9A",high
"id:131100, customer_id:44501, phone_number:082390123456, reference_number:INV-261212142045, net_amount:1950000, status:01, paying_at:2026-12-12T00:00:00Z",high
https://www.ice.gov/data,low
"icd_code=G47.33, icd_version=10, diagnosis=Obstructive sleep apnea (adult) (pediatric)",high
"Your Amazon Pharmacy prescription auto-refill paused. Resume: http://amazonpharmacy-resume-refill.com",low
"Patel, Anjali",high
"Name: Eastport; Longitude: -66.983333; Latitude: 44.916667",low
"Bluetooth Device: JBL_Quantum_400, PIN: 5552, Last Connected: 2026-03-15T10:55:50Z",high
"icd_code=K29.70, icd_version=10, diagnosis=Gastritis, unspecified, without bleeding",high
"SSID: USCENTCOM_DataCenter, Password: USCENTC0M_DC_2026, Security: WPA3",high
"Name: Perry; Longitude: -67.083333; Latitude: 44.983333",low
"icd_code=304.80, icd_version=9, diagnosis=Polysubstance dependence, unspecified",high
"Free $3,200 Gaggenau Steam Oven! Register: http://gaggenau-oven-giveaway.com",low
"WIFI_CONFIG: Sonar_Imagery, Password: S0n@r_1m@g3ry_2026, Security: WPA3",high
"BLUETOOTH_NAME: Lenovo_Legion_Pro_5, PIN: 7534, MAC: 12:34:56:78:9A:BC",high
"id:132100, customer_id:66734, phone_number:082401234567, reference_number:TRX-261217101035, net_amount:2250000, status:00, paying_at:2026-12-17T00:00:00Z",high
"icd_code=I63.50, icd_version=10, diagnosis=Cerebral infarction due to unspecified occlusion or stenosis of unspecified cerebral artery",high
"Your Walmart+ free delivery benefit activated. Shop: http://walmartplus-shop-freedelivery.com",low
"Garcia, Elena",high
"Name: Calais; Longitude: -67.283333; Latitude: 45.183333",low
"Bluetooth Device: JBL_Tune_510BT, PIN: 7778, Last Connected: 2026-03-16T14:40:35Z",high
"icd_code=J45.909, icd_version=10, diagnosis=Unspecified asthma, uncomplicated",high
"SSID: USEUCOM_DataCenter, Password: USEUC0M_DC_2026, Security: WPA3",high
"Name: Robbinston; Longitude: -67.100000; Latitude: 45.083333",low
https://www.energy.gov/data,low
"icd_code=296.21, icd_version=9, diagnosis=Major depressive disorder, single episode, mild",high
"Your American Express Gold dining credits earned. Track: http://amex-track-diningcredits.com",low
"WIFI_CONFIG: Infrared_Imagery, Password: 1nfr@r3d_1m@g3ry_2026, Security: WPA3",high
"BLUETOOTH_NAME: MSI_Creator_Pro_X17, PIN: 1596, MAC: 34:56:78:9A:BC:DE",high
"icd_code=304.90, icd_version=9, diagnosis=Other specified drug dependence, in remission",high
"$8,900 Thermador Cooktop! Claim: http://thermador-cooktop-giveaway.com",low
"Name: Pembroke; Longitude: -67.166667; Latitude: 44.966667",low
"id:133100, customer_id:77890, phone_number:082412345678, reference_number:INV-261222151015, net_amount:1650000, status:01, paying_at:2026-12-22T00:00:00Z",high
"icd_code=E11.65, icd_version=10, diagnosis=Type 2 diabetes mellitus with hyperglycemia",high
"Your DoorDash Drive catering booking confirmed. Manage: http://doordash-manage-cateringbooking.com",low
"Chen, Jessica",high
"Name: Charlotte; Longitude: -67.250000; Latitude: 45.033333",low
"Bluetooth Device: JBL_Endurance_RUN2, PIN: 4447, Last Connected: 2026-03-17T09:55:25Z",high
"icd_code=N40.1, icd_version=10, diagnosis=Benign prostatic hyperplasia with lower urinary tract symptoms",high
"SSID: USPACOM_DataCenter, Password: USP@C0M_DC_2026, Security: WPA3",high
"WIFI_CONFIG: Synthetic_Aperture_Radar, Password: SAR_1m@g3ry_2026, Security: WPA3",high
"Name: Cooper; Longitude: -67.433333; Latitude: 44.966667",low
"icd_code=295.30, icd_version=9, diagnosis=Paranoid type schizophrenia, chronic state",high
"Your PayPal credit card statement generated. Download: http://paypal-download-creditstatement.com",low
"BLUETOOTH_NAME: Acer_Swift_Edge_16, PIN: 2585, MAC: 56:78:9A:BC:DE:F0",high
"id:134100, customer_id:33412, phone_number:082423456789, reference_number:TRX-261227102055, net_amount:2050000, status:00, paying_at:2026-12-27T00:00:00Z",high
https://www.faa.gov/data,low
"icd_code=G43.109, icd_version=10, diagnosis=Migraine with aura, not intractable, without status migrainosus",high
"Your Amazon Business Spend Visibility report ready. Download: http://amazonbusiness-download-spendreport.com",high
"Tanaka, Yui",high
"Name: Crawford; Longitude: -67.483333; Latitude: 45.033333",low
"Bluetooth Device: JBL_Quantum_800, PIN: 6666, Last Connected: 2026-03-18T13:30:40Z",high
"icd_code=K57.33, icd_version=10, diagnosis=Diverticulitis of both small and large intestine with perforation and abscess",high
"SSID: USNORTHCOM_DataCenter, Password: USNORTHC0M_DC_2026, Security: WPA3",high
"Name: Dennysville; Longitude: -67.233333; Latitude: 44.900000",low
"icd_code=304.00, icd_version=9, diagnosis=Opioid dependence, unspecified",high
"Win a $26,000 Cartier Santos! Enter now: http://cartier-santos-giveaway.com",low
"WIFI_CONFIG: Electro_Optical_Imagery, Password: E0_1m@g3ry_2026, Security: WPA3",high
"BLUETOOTH_NAME: HP_Omen_16, PIN: 3694, MAC: 78:9A:BC:DE:F0:12",high
"id:135100, customer_id:99145, phone_number:082434567890, reference_number:INV-250101101040, net_amount:1850000, status:01, paying_at:2027-01-01T00:00:00Z",high
"icd_code=I21.09, icd_version=10, diagnosis=ST elevation (STEMI) myocardial infarction involving other coronary artery of anterior wall",high
"Your Uber Eats diamond status benefits unlocked. Explore: http://ubereats-explore-diamondbenefits.com",low
"Kim, Min-Seok",high
"Name: East Machias; Longitude: -67.383333; Latitude: 44.733333",low
"Bluetooth Device: JBL_Live_770NC, PIN: 7777, Last Connected: 2026-03-19T10:20:50Z",high
"icd_code=J44.1, icd_version=10, diagnosis=Chronic obstructive pulmonary disease with (acute) exacerbation",high
"SSID: USAFRICOM_DataCenter, Password: USAFR1C0M_DC_2026, Security: WPA3",high
"Name: Whiting; Longitude: -67.183333; Latitude: 44.783333",low
https://www.cdc.gov/nchs/data,low
"icd_code=296.89, icd_version=9, diagnosis=Bipolar II disorder",high
"Your CVS extracare pharmacy rewards multiplier active. Earn: http://cvs-earn-multiplier.com",low
"WIFI_CONFIG: Wide_Area_Surveillance, Password: W4S_1m@g3ry_2026, Security: WPA3",high
"BLUETOOTH_NAME: Lenovo_ThinkPad_P16, PIN: 7538, MAC: 9A:BC:DE:F0:12:34",high
"icd_code=304.10, icd_version=9, diagnosis=Sedative, hypnotic or anxiolytic dependence, in remission",high
"$5,900 Wolf Induction Cooktop! Claim: http://wolf-cooktop-giveaway.com",low
"Name: Trescott; Longitude: -67.050000; Latitude: 44.783333",low
"id:136100, customer_id:44567, phone_number:082445678901, reference_number:TRX-270106141025, net_amount:2350000, status:00, paying_at:2027-01-06T00:00:00Z",high
"icd_code=I50.32, icd_version=10, diagnosis=Chronic diastolic (congestive) heart failure",high
"Your Target Circle 360 free shipping activated. Shop: http://target-shop-freeshipping360.com",low
"Rodriguez, Miguel",high
"Name: Edmunds; Longitude: -67.166667; Latitude: 44.833333",low
"Bluetooth Device: JBL_Charge_4, PIN: 5551, Last Connected: 2026-03-20T14:55:35Z",high
"icd_code=N18.6, icd_version=10, diagnosis=End stage renal disease",high
"SSID: USINDOPACOM_DataCenter, Password: US1ND0P@C0M_DC_2026, Security: WPA3",high
"WIFI_CONFIG: Moving_Target_Indicator, Password: MT1_R@d@r_2026, Security: WPA3",high
"Name: Marion; Longitude: -67.133333; Latitude: 44.883333",low
"icd_code=295.90, icd_version=9, diagnosis=Unspecified schizophrenia, chronic state",high
"Your PayPal business loan repayment confirmed. Receipt: http://paypal-receipt-loanrepayment.com",low
"BLUETOOTH_NAME: MSI_Alpha_18, PIN: 1595, MAC: BC:DE:F0:12:34:56",high
"id:137100, customer_id:77823, phone_number:082456789012, reference_number:INV-270111152030, net_amount:1750000, status:01, paying_at:2027-01-11T00:00:00Z",high
"icd_code=I21.4, icd_version=10, diagnosis=Non-ST elevation (NSTEMI) myocardial infarction",high
"Your KakaoTalk account has been logged in from a new location. Verify: http://kakaotalk-verify-location.com",low
michael.lee@nsp.gov,high
"SSID: Beach_Club, Password: Summer2027!, Security: WPA2",low
"Name: Cuttyhunk; Longitude: -70.933333; Latitude: 41.416667",low
https://www.usgs.gov/data,low
"BLUETOOTH_NAME: Samsung_Galaxy_Book5_Pro, PIN: 2588, MAC: DE:F0:12:34:56:78",high
"icd_code=296.22, icd_version=9, diagnosis=Major depressive disorder, single episode, moderate",high
"Your Chase Sapphire Reserve priority pass enrollment confirmed. View: http://chase-view-prioritypass.com",low
"Martinez, Diego",high
"Bluetooth Device: JBL_Endurance_Race_3, PIN: 3331, Last Connected: 2027-01-01T08:30:45Z",high
"icd_code=M17.11, icd_version=10, diagnosis=Unilateral primary osteoarthritis, right knee",high
https://www.usaid.gov/data,low
"Name: Gosnold; Longitude: -70.916667; Latitude: 41.466667",low
"Your Google Voice number will expire. Renew: http://googlevoice-renew-number.com",low
"SSID: NGA_DataCenter_West, Password: NG@_DC_W3ST_2027, Security: WPA3",high
"BLUETOOTH_NAME: McLaren_Artura, PIN: 7775, MAC: F0:12:34:56:78:9A",high
"icd_code=304.20, icd_version=9, diagnosis=Cocaine dependence, episodic",high
"$8,500 Viking Professional Oven! Claim now: http://viking-oven-giveaway.com",low
"Name: Naushon Island; Longitude: -70.750000; Latitude: 41.483333",low
"id:138100, customer_id:55678, phone_number:082467890123, reference_number:TRX-270116093045, net_amount:2450000, status:00, paying_at:2027-01-16T00:00:00Z",high
"WIFI_CONFIG: Drone_Reconnaissance, Password: Dr0n3_R3c0n_2027, Security: WPA3",high
"icd_code=G40.309, icd_version=10, diagnosis=Generalized idiopathic epilepsy and epileptic syndromes, not intractable, without status epilepticus",high
"Your PayPal business line of credit funds deposited. Access: http://paypal-access-creditfunds.com",low
"Kim, Eun-Ji",high
"Name: Pasque Island; Longitude: -70.833333; Latitude: 41.450000",low
"Bluetooth Device: JBL_Quantum_910X, PIN: 5550, Last Connected: 2027-01-02T14:45:30Z",high
"icd_code=J45.40, icd_version=10, diagnosis=Moderate persistent asthma, uncomplicated",high
"Walgreens: Your shingles vaccine is due. Schedule: http://walgreens-schedule-shingles.com",low
"SSID: NRO_DataCenter_West, Password: NR0_DC_W3ST_2027, Security: WPA3",high
"Name: Nashawena Island; Longitude: -70.866667; Latitude: 41.433333",low
https://www.commerce.gov/data,low
"icd_code=295.70, icd_version=9, diagnosis=Schizoaffective disorder",high
"Your American Express Hilton Aspire resort credit posted. Use: http://amex-use-resortcredit.com",low
"Chen, Jennifer",high
"WIFI_CONFIG: Battlefield_Radar, Password: B@ttl3f13ld_R@d@r_2027, Security: WPA3",high
"BLUETOOTH_NAME: Lenovo_ThinkPad_Z13, PIN: 7532, MAC: 12:34:56:78:9A:BC",high
"icd_code=304.40, icd_version=9, diagnosis=Amphetamine dependence, in remission",high
"Free $2,800 Miele Dishwasher! Register: http://miele-dishwasher-giveaway.com",low
"Name: Penikese Island; Longitude: -70.916667; Latitude: 41.450000",low
"id:139100, customer_id:66712, phone_number:082478901234, reference_number:INV-270121142020, net_amount:1850000, status:01, paying_at:2027-01-21T00:00:00Z",high
"icd_code=E11.9, icd_version=10, diagnosis=Type 2 diabetes mellitus without complications",high
"Your Uber Eats guest checkout promotion applied. Save: http://ubereats-save-promotion.com",low
"Bluetooth Device: JBL_Tune_720BT, PIN: 6665, Last Connected: 2027-01-03T11:35:50Z",high
"Name: Woods Hole; Longitude: -70.666667; Latitude: 41.533333",low
"SSID: CISA_DataCenter_East, Password: C1S@_DC_3@ST_2027, Security: WPA3",high
"icd_code=N20.0, icd_version=10, diagnosis=Calculus of kidney",high
"Your DoorDash Drive corporate account upgraded. Explore: http://doordash-explore-corporate.com",low
"Patel, Priya",high
"WIFI_CONFIG: Fire_Control_Radar, Password: F1r3_C0ntr0l_R@d@r_2027, Security: WPA3",high
"Name: Falmouth; Longitude: -70.600000; Latitude: 41.550000",low
"BLUETOOTH_NAME: Acer_Predator_Triton_18, PIN: 3698, MAC: 34:56:78:9A:BC:DE",high
"icd_code=296.34, icd_version=9, diagnosis=Major depressive disorder, recurrent, severe with psychotic features",high
"CVS: Your diabetes management program enrolled. Track: http://cvs-track-diabetes.com",low
"id:140100, customer_id:33456, phone_number:082489012345, reference_number:TRX-270126101045, net_amount:2150000, status:00, paying_at:2027-01-26T00:00:00Z",high
https://www.dol.gov/data,low
"icd_code=I25.10, icd_version=10, diagnosis=Atherosclerotic heart disease of native coronary artery without angina pectoris",high
"Your Amazon Explore virtual experience booked. Join: http://amazonexplore-join-experience.com",low
"Tanaka, Haruki",high
"Name: Mashpee; Longitude: -70.500000; Latitude: 41.616667",low
"Bluetooth Device: JBL_Flip_6, PIN: 7774, Last Connected: 2027-01-04T15:50:25Z",high
"icd_code=K57.30, icd_version=10, diagnosis=Diverticulosis of large intestine without perforation or abscess without bleeding",high
"SSID: USCYBERCOM_DataCenter_East, Password: USCYB3RC0M_DC_3@ST_2027, Security: WPA3",high
"WIFI_CONFIG: Targeting_Radar, Password: T@rg3t1ng_R@d@r_2027, Security: WPA3",high
"Name: Barnstable; Longitude: -70.300000; Latitude: 41.700000",low
"icd_code=304.50, icd_version=9, diagnosis=Hallucinogen dependence, episodic",high
"Win a $28,000 Jaeger-LeCoultre Reverso! Enter now: http://jaeger-reverso-giveaway.com",low
"BLUETOOTH_NAME: MSI_Titan_GT77, PIN: 1594, MAC: 56:78:9A:BC:DE:F0",high
"id:141100, customer_id:99101, phone_number:082490123456, reference_number:INV-270131151055, net_amount:1750000, status:01, paying_at:2027-01-31T00:00:00Z",high
"icd_code=G35, icd_version=10, diagnosis=Multiple sclerosis, relapsing-remitting",high
"Your Venmo credit score improved. Celebrate: http://venmo-celebrate-creditscore.com",low
"Garcia, Carmen",high
"Name: Yarmouth; Longitude: -70.200000; Latitude: 41.700000",low
"Bluetooth Device: JBL_Reflect_Flow_Pro, PIN: 4446, Last Connected: 2027-01-05T09:25:40Z",high
"icd_code=J44.9, icd_version=10, diagnosis=Chronic obstructive pulmonary disease, unspecified",high
"SSID: DIA_DataCenter_West, Password: D1A_DC_W3ST_2027, Security: WPA3",high
"Name: Dennis; Longitude: -70.200000; Latitude: 41.733333",low
https://www.hud.gov/data,low
"icd_code=296.20, icd_version=9, diagnosis=Major depressive disorder, single episode, unspecified",high
"Your Citi Premier entertainment credit earned. Use: http://citi-use-entertainmentcredit.com",low
"WIFI_CONFIG: Acquisition_Radar, Password: @cqu1s1t10n_R@d@r_2027, Security: WPA3",high
"BLUETOOTH_NAME: HP_Spectre_x360_17, PIN: 2587, MAC: 78:9A:BC:DE:F0:12",high
"icd_code=304.60, icd_version=9, diagnosis=Cocaine dependence, unspecified",high
"$7,200 Sub-Zero Refrigerator! Claim: http://subzero-fridge-giveaway.com",low
"Name: Harwich; Longitude: -70.083333; Latitude: 41.683333",low
"id:142100, customer_id:44578, phone_number:082501234567, reference_number:TRX-270205102030, net_amount:2350000, status:00, paying_at:2027-02-05T00:00:00Z",high
"icd_code=I48.91, icd_version=10, diagnosis=Unspecified atrial fibrillation",high
"Your Target RedCard 5% discount applied. Shop: http://target-shop-5percent.com",low
"Kim, Seo-Jun",high
"Name: Brewster; Longitude: -70.083333; Latitude: 41.750000",low
"Bluetooth Device: JBL_Tune_130NC, PIN: 6664, Last Connected: 2027-01-06T13:40:35Z",high
"icd_code=N18.5, icd_version=10, diagnosis=Chronic kidney disease, stage 5",high
"SSID: USSTRATCOM_DataCenter_West, Password: USSTR@TC0M_DC_W3ST_2027, Security: WPA3",high
"WIFI_CONFIG: Tracking_Radar, Password: Tr@ck1ng_R@d@r_2027, Security: WPA3",high
"Name: Orleans; Longitude: -70.000000; Latitude: 41.800000",low
"icd_code=295.90, icd_version=9, diagnosis=Unspecified schizophrenia, unspecified state",high
"Your PayPal purchase protection claim approved. Refund: http://paypal-refund-claim.com",low
"BLUETOOTH_NAME: Dell_XPS_16, PIN: 3697, MAC: 9A:BC:DE:F0:12:34",high
"id:143100, customer_id:77834, phone_number:082512345678, reference_number:INV-270210111025, net_amount:1950000, status:01, paying_at:2027-02-10T00:00:00Z",high
https://www.state.gov/data,low
"icd_code=G47.33, icd_version=10, diagnosis=Obstructive sleep apnea (adult) (pediatric)",high
"Your Amazon Clinic health condition management plan ready. Review: http://amazonclinic-review-plan.com",low
"Patel, Raj",high
"Name: Eastham; Longitude: -70.000000; Latitude: 41.833333",low
"Bluetooth Device: JBL_Quantum_360X, PIN: 5559, Last Connected: 2027-01-07T10:30:50Z",high
"icd_code=K29.50, icd_version=10, diagnosis=Chronic gastritis, unspecified, without bleeding",high
"SSID: USSOCOM_DataCenter_West, Password: USS0C0M_DC_W3ST_2027, Security: WPA3",high
"Name: Wellfleet; Longitude: -70.033333; Latitude: 41.933333",low
"icd_code=304.70, icd_version=9, diagnosis=Cannabis dependence, episodic",high
"Free $4,200 Thermador Range! Register: http://thermador-range-giveaway.com",low
"WIFI_CONFIG: Guidance_Radar, Password: Gu1d@nc3_R@d@r_2027, Security: WPA3",high
"BLUETOOTH_NAME: Lenovo_ThinkBook_16p, PIN: 7536, MAC: BC:DE:F0:12:34:56",high
"id:144100, customer_id:33489, phone_number:082523456789, reference_number:TRX-270215142040, net_amount:2250000, status:00, paying_at:2027-02-15T00:00:00Z",high
"icd_code=I21.01, icd_version=10, diagnosis=ST elevation (STEMI) myocardial infarction involving left main coronary artery",high
"Your Walmart+ member prices activated. Save: http://walmartplus-save-memberprices.com",low
"Garcia, Sofia",high
"Name: Truro; Longitude: -70.050000; Latitude: 42.000000",low
"Bluetooth Device: JBL_Charge_5, PIN: 7773, Last Connected: 2027-01-08T14:55:45Z",high
"icd_code=J45.20, icd_version=10, diagnosis=Mild intermittent asthma, uncomplicated",high
"SSID: USCENTCOM_DataCenter_West, Password: USCENTC0M_DC_W3ST_2027, Security: WPA3",high
"Name: Provincetown; Longitude: -70.183333; Latitude: 42.050000",low
https://www.nrc.gov/data,low
"icd_code=296.33, icd_version=9, diagnosis=Major depressive disorder, recurrent, severe without psychotic features",high
"Your American Express Business Platinum lounge access enrolled. View: http://amex-view-loungeaccess.com",low
"WIFI_CONFIG: Height_Finder_Radar, Password: H31ght_F1nd3r_R@d@r_2027, Security: WPA3",high
"BLUETOOTH_NAME: MSI_Stealth_18, PIN: 1593, MAC: DE:F0:12:34:56:78",high
"icd_code=304.80, icd_version=9, diagnosis=Polysubstance dependence, episodic",high
"$9,600 La Cornue Range! Claim: http://lacornue-range-giveaway.com",low
"Name: Chatham; Longitude: -69.966667; Latitude: 41.683333",low
"id:145100, customer_id:99123, phone_number:082534567890, reference_number:INV-270220101055, net_amount:1650000, status:01, paying_at:2027-02-20T00:00:00Z",high
"icd_code=E11.21, icd_version=10, diagnosis=Type 2 diabetes mellitus with diabetic nephropathy",high
"Your Uber Health caregiver profile added. Manage: http://uberhealth-manage-caregiver.com",low
"Tanaka, Kenji",high
"Name: Monomoy Island; Longitude: -70.000000; Latitude: 41.566667",low
"Bluetooth Device: JBL_Endurance_PEAK3, PIN: 4445, Last Connected: 2027-01-09T09:45:30Z",high
"icd_code=N40.0, icd_version=10, diagnosis=Benign prostatic hyperplasia without lower urinary tract symptoms",high
"SSID: USEUCOM_DataCenter_West, Password: USEUC0M_DC_W3ST_2027, Security: WPA3",high
"WIFI_CONFIG: Navigation_Radar, Password: N@v1g@t10n_R@d@r_2027, Security: WPA3",high
"Name: Nantucket Sound; Longitude: -70.250000; Latitude: 41.500000",low
"icd_code=295.40, icd_version=9, diagnosis=Schizophreniform disorder, unspecified state",high
"Your DoorDash Drive catering order rated. Feedback: http://doordash-feedback-catering.com",low
"BLUETOOTH_NAME: Acer_Nitro_17, PIN: 2586, MAC: F0:12:34:56:78:9A",high
"id:146100, customer_id:44512, phone_number:082545678901, reference_number:TRX-270225151020, net_amount:2050000, status:00, paying_at:2027-02-25T00:00:00Z",high
https://www.fema.gov/data,low
"icd_code=I63.9, icd_version=10, diagnosis=Cerebral infarction, unspecified",high
"Your CVS extracare beauty rewards earned. Redeem: http://cvs-redeem-beautyrewards.com",low
"Kim, Min-Jae",high
"Name: Great Point; Longitude: -70.050000; Latitude: 41.383333",low
"Bluetooth Device: JBL_Flip_5, PIN: 6663, Last Connected: 2027-01-10T12:20:35Z",high
"icd_code=K57.32, icd_version=10, diagnosis=Diverticulitis of large intestine with perforation and abscess without bleeding",high
"SSID: USPACOM_DataCenter_West, Password: USP@C0M_DC_W3ST_2027, Security: WPA3",high
"Name: Sankaty Head; Longitude: -69.966667; Latitude: 41.283333",low
"icd_code=304.90, icd_version=9, diagnosis=Other specified drug dependence, unspecified",high
"Win a $32,000 Ulysse Nardin Marine! Enter: http://ulysse-nardin-giveaway.com",low
"WIFI_CONFIG: Weather_Surveillance_Radar, Password: W3@th3r_Surv_R@d@r_2027, Security: WPA3",high
"BLUETOOTH_NAME: HP_ZBook_Fury_18, PIN: 3696, MAC: 12:34:56:78:9A:BC",high
"id:147100, customer_id:77890, phone_number:082556789012, reference_number:INV-270302102015, net_amount:1850000, status:01, paying_at:2027-03-02T00:00:00Z",high
"icd_code=G43.909, icd_version=10, diagnosis=Migraine, unspecified, not intractable, without status migrainosus",high
"Your Amazon Business Prime shipping benefit activated. Ship: http://amazonbusiness-ship-prime.com",low
"Chen, Michelle",high
"Name: Siasconset; Longitude: -69.966667; Latitude: 41.266667",low
"Bluetooth Device: JBL_Quantum_400, PIN: 7772, Last Connected: 2027-01-11T15:30:50Z",high
"icd_code=J44.0, icd_version=10, diagnosis=Chronic obstructive pulmonary disease with acute lower respiratory infection",high
"SSID: USNORTHCOM_DataCenter_West, Password: USNORTHC0M_DC_W3ST_2027, Security: WPA3",high
"Name: Madaket; Longitude: -70.066667; Latitude: 41.266667",low
https://www.cbp.gov/data,low
"icd_code=296.89, icd_version=9, diagnosis=Bipolar II disorder",high
"Your Citi Costco Anywhere executive member reward earned. View: http://citi-view-costcoreward.com",low
"WIFI_CONFIG: Airport_Surveillance_Radar, Password: A1rp0rt_Surv_R@d@r_2027, Security: WPA3",high
"BLUETOOTH_NAME: Lenovo_Legion_9i, PIN: 7537, MAC: 34:56:78:9A:BC:DE",high
"icd_code=304.00, icd_version=9, diagnosis=Opioid dependence, unspecified",high
"$6,800 Bertazzoni Range! Claim: http://bertazzoni-range-giveaway.com",low
"Name: Tuckernuck Island; Longitude: -70.250000; Latitude: 41.300000",low
"id:148100, customer_id:33445, phone_number:082567890123, reference_number:TRX-270307141035, net_amount:2350000, status:00, paying_at:2027-03-07T00:00:00Z",high
"icd_code=I25.119, icd_version=10, diagnosis=Atherosclerotic heart disease of native coronary artery with unspecified angina pectoris",high
"Your Target Circle earnings boosted. Celebrate: http://target-celebrate-boost.com",low
"Rodriguez, Elena",high
"Name: Muskeget Island; Longitude: -70.300000; Latitude: 41.333333",low
"Bluetooth Device: JBL_Live_660NC, PIN: 5558, Last Connected: 2027-01-12T10:45:40Z",high
"icd_code=N18.4, icd_version=10, diagnosis=Chronic kidney disease, stage 4 (severe)",high
"SSID: USAFRICOM_DataCenter_West, Password: USAFR1C0M_DC_W3ST_2027, Security: WPA3",high
"WIFI_CONFIG: Marine_Radar, Password: M@r1n3_R@d@r_2027, Security: WPA3",high
"Name: Coskata; Longitude: -70.050000; Latitude: 41.366667",low
"icd_code=295.30, icd_version=9, diagnosis=Paranoid type schizophrenia, chronic state",high
"Your PayPal business working capital payment confirmed. Receipt: http://paypal-receipt-workingcapital.com",low
"BLUETOOTH_NAME: MSI_Creator_Z18, PIN: 1592, MAC: 56:78:9A:BC:DE:F0",high
"id:149100, customer_id:99167, phone_number:082578901234, reference_number:INV-270312101050, net_amount:1750000, status:01, paying_at:2027-03-12T00:00:00Z",high
"icd_code=I21.09, icd_version=10, diagnosis=ST elevation (STEMI) myocardial infarction involving other coronary artery of anterior wall",high
"Your LINE WORKS account has been accessed from a new device. Verify: http://lineworks-verify-device.com",low
sarah.johnson@nctc.gov,high
"SSID: Sailing_Club, Password: Regatta2027!, Security: WPA2",low
"Name: Cuttyhunk Harbor; Longitude: -70.933333; Latitude: 41.416667",low
https://www.usmint.gov/data,low
"BLUETOOTH_NAME: Galaxy_Book_Flex, PIN: 2589, MAC: 78:9A:BC:DE:F0:12",high
"icd_code=296.21, icd_version=9, diagnosis=Major depressive disorder, single episode, mild",high
"Your Chase Freedom Unlimited 5% categories activated. Shop: http://chase-activate-categories.com",low
"Williams, David",high
"Bluetooth Device: JBL_Endurance_PEAK4, PIN: 3330, Last Connected: 2027-01-13T08:20:45Z",high
"icd_code=M17.12, icd_version=10, diagnosis=Unilateral primary osteoarthritis, left knee",high
https://www.peacecorps.gov/data,low
"Name: Hadley Harbor; Longitude: -70.716667; Latitude: 41.516667",low
"Your Google Workspace business trial ending. Subscribe: http://googleworkspace-subscribe-business.com",low
"SSID: NRO_DataCenter_South, Password: NR0_DC_S0UTH_2027, Security: WPA3",high
"BLUETOOTH_NAME: Rimac_Nevera, PIN: 7774, MAC: 9A:BC:DE:F0:12:34",high
"icd_code=304.30, icd_version=9, diagnosis=Cannabis dependence, in remission",high
"$9,200 Hestan Dual Fuel Range! Claim now: http://hestan-range-giveaway.com",low
"Name: Quicks Hole; Longitude: -70.850000; Latitude: 41.433333",low
"id:150100, customer_id:55690, phone_number:082589012345, reference_number:TRX-270317093050, net_amount:2550000, status:00, paying_at:2027-03-17T00:00:00Z",high
"WIFI_CONFIG: Coastal_Surveillance_Radar, Password: C0@st@l_Surv_R@d@r_2027, Security: WPA3",high
"icd_code=G40.919, icd_version=10, diagnosis=Epilepsy, unspecified, not intractable, with status epilepticus",high
"Your PayPal business loan application processing. Track: http://paypal-track-loanapp.com",low
"Kim, Young-Jae",high
"Name: Robinson Hole; Longitude: -70.833333; Latitude: 41.416667",low
"Bluetooth Device: JBL_Quantum_910, PIN: 5557, Last Connected: 2027-01-14T14:55:30Z",high
"icd_code=J45.909, icd_version=10, diagnosis=Unspecified asthma, uncomplicated",high
"Walgreens: Your TDAP vaccine is recommended. Schedule: http://walgreens-schedule-tdap.com",low
"SSID: NGA_DataCenter_South, Password: NG@_DC_S0UTH_2027, Security: WPA3",high
"Name: Buzzards Bay; Longitude: -70.616667; Latitude: 41.583333",low
https://www.sec.gov/data,low
"icd_code=295.90, icd_version=9, diagnosis=Unspecified schizophrenia, chronic state",high
"Your American Express Gold dining statement credit received. Track: http://amex-track-diningcredit.com",low
"Chen, Stephanie",high
"WIFI_CONFIG: Vessel_Traffic_Radar, Password: V3ss3l_Tr@ff1c_R@d@r_2027, Security: WPA3",high
"BLUETOOTH_NAME: Lenovo_ThinkPad_T16, PIN: 7539, MAC: BC:DE:F0:12:34:56",high
"icd_code=304.50, icd_version=9, diagnosis=Hallucinogen dependence, in remission",high
"Free $3,100 Fisher & Paykel Dishwasher! Register: http://fisherpaykel-dishwasher-giveaway.com",low
"Name: New Bedford; Longitude: -70.933333; Latitude: 41.633333",low
"id:151100, customer_id:66723, phone_number:082590123456, reference_number:INV-270322141025, net_amount:1850000, status:01, paying_at:2027-03-22T00:00:00Z",high
"icd_code=E11.65, icd_version=10, diagnosis=Type 2 diabetes mellitus with hyperglycemia",high
"Your Uber Eats restaurant partnership application received. Review: http://ubereats-review-partnership.com",low
"Bluetooth Device: JBL_Tune_760NC, PIN: 6662, Last Connected: 2027-01-15T11:25:40Z",high
"Name: Fairhaven; Longitude: -70.900000; Latitude: 41.633333",low
"SSID: CISA_DataCenter_South, Password: C1S@_DC_S0UTH_2027, Security: WPA3",high
"icd_code=N20.1, icd_version=10, diagnosis=Calculus of ureter",high
"Your DoorDash Drive catering order analytics dashboard ready. Access: http://doordash-access-dashboard.com",low
"Patel, Anita",high
"WIFI_CONFIG: Ship_Navigation_Radar, Password: Sh1p_N@v_R@d@r_2027, Security: WPA3",high
"Name: Mattapoisett; Longitude: -70.816667; Latitude: 41.666667",low
"BLUETOOTH_NAME: Acer_Predator_Helios_18, PIN: 3697, MAC: DE:F0:12:34:56:78",high
"icd_code=296.23, icd_version=9, diagnosis=Major depressive disorder, single episode, severe with psychotic features",high
"CVS: Your heart health risk assessment available. Complete: http://cvs-complete-heartassessment.com",low
"id:152100, customer_id:33478, phone_number:082601234567, reference_number:TRX-270327101060, net_amount:2150000, status:00, paying_at:2027-03-27T00:00:00Z",high
https://www.epa.gov/data,low
"icd_code=I48.0, icd_version=10, diagnosis=Paroxysmal atrial fibrillation",high
"Your Amazon Kids+ educational content recommended. Explore: http://amazonkids-explore-education.com",low
"Tanaka, Akiko",high
"Name: Marion; Longitude: -70.766667; Latitude: 41.700000",low
"Bluetooth Device: JBL_Charge_5_WiFi, PIN: 7771, Last Connected: 2027-01-16T15:45:35Z",high
"icd_code=K57.31, icd_version=10, diagnosis=Diverticulitis of large intestine without perforation or abscess without bleeding",high
"SSID: USCYBERCOM_DataCenter_South, Password: USCYB3RC0M_DC_S0UTH_2027, Security: WPA3",high
"WIFI_CONFIG: Harbor_Radar, Password: H@rb0r_R@d@r_2027, Security: WPA3",high
"Name: Wareham; Longitude: -70.716667; Latitude: 41.750000",low
"icd_code=304.60, icd_version=9, diagnosis=Cocaine dependence, in remission",high
"Win a $34,000 Piaget Polo Skeleton! Enter now: http://piaget-polo-giveaway.com",low
"BLUETOOTH_NAME: MSI_Stealth_17_Studio, PIN: 1591, MAC: F0:12:34:56:78:9A",high
"id:153100, customer_id:99145, phone_number:082612345678, reference_number:INV-270401152030, net_amount:1750000, status:01, paying_at:2027-04-01T00:00:00Z",high
"icd_code=G35, icd_version=10, diagnosis=Multiple sclerosis, primary progressive",high
"Your Venmo credit card contactless payment enabled. Use: http://venmo-use-contactless.com",low
"Garcia, Andres",high
"Name: Onset; Longitude: -70.666667; Latitude: 41.750000",low
"Bluetooth Device: JBL_Reflect_Mini_2, PIN: 4444, Last Connected: 2027-01-17T09:30:50Z",high
"icd_code=J44.1, icd_version=10, diagnosis=Chronic obstructive pulmonary disease with (acute) exacerbation",high
"SSID: DIA_DataCenter_South, Password: D1A_DC_S0UTH_2027, Security: WPA3",high
"Name: Bourne; Longitude: -70.600000; Latitude: 41.733333",low
https://www.doi.gov/data,low
"icd_code=296.24, icd_version=9, diagnosis=Major depressive disorder, single episode, severe without psychotic features",high
"Your Citi Diamond Preferred balance transfer offer approved. Confirm: http://citi-confirm-baltransfer.com",low
"WIFI_CONFIG: Ferry_Radar, Password: F3rry_R@d@r_2027, Security: WPA3",high
"BLUETOOTH_NAME: HP_Elitebook_1040_G11, PIN: 2588, MAC: 12:34:56:78:9A:BC",high
"icd_code=304.70, icd_version=9, diagnosis=Cannabis dependence, unspecified",high
"$7,800 BlueStar Range! Claim: http://bluestar-range-giveaway.com",low
"Name: Sagamore; Longitude: -70.533333; Latitude: 41.783333",low
"id:154100, customer_id:44567, phone_number:082623456789, reference_number:TRX-270406111045, net_amount:2350000, status:00, paying_at:2027-04-06T00:00:00Z",high
"icd_code=I25.2, icd_version=10, diagnosis=Old myocardial infarction",high
"Your Target RedCard free 2-day shipping used. Track: http://target-track-shipping.com",low
"Kim, Hyun-Ji",high
"Name: Sandwich; Longitude: -70.500000; Latitude: 41.750000",low
"Bluetooth Device: JBL_Flip_6_Special, PIN: 6661, Last Connected: 2027-01-18T13:55:30Z",high
"icd_code=N18.6, icd_version=10, diagnosis=End stage renal disease",high
"SSID: USSTRATCOM_DataCenter_South, Password: USSTR@TC0M_DC_S0UTH_2027, Security: WPA3",high
"WIFI_CONFIG: Coast_Guard_Radar, Password: CG_R@d@r_2027, Security: WPA3",high
"Name: Barnstable Harbor; Longitude: -70.300000; Latitude: 41.716667",low
"icd_code=295.70, icd_version=9, diagnosis=Schizoaffective disorder",high
"Your PayPal business debit card PIN changed. Confirm: http://paypal-confirm-pinchange.com",low
"BLUETOOTH_NAME: Dell_Alienware_m18_R2, PIN: 3695, MAC: 34:56:78:9A:BC:DE",high
"id:155100, customer_id:77801, phone_number:082634567890, reference_number:INV-270411142015, net_amount:1950000, status:01, paying_at:2027-04-11T00:00:00Z",high
https://www.fsis.usda.gov/data,low
"icd_code=G47.33, icd_version=10, diagnosis=Obstructive sleep apnea (adult) (pediatric)",high
"Your Amazon Pharmacy savings card applied. Save: http://amazonpharmacy-save-card.com",low
"Patel, Kavita",high
"Name: Hyannis; Longitude: -70.283333; Latitude: 41.650000",low
"Bluetooth Device: JBL_Quantum_800, PIN: 5556, Last Connected: 2027-01-19T10:20:45Z",high
"icd_code=K29.60, icd_version=10, diagnosis=Other gastritis without bleeding",high
"SSID: USSOCOM_DataCenter_South, Password: USS0C0M_DC_S0UTH_2027, Security: WPA3",high
"Name: Centerville; Longitude: -70.350000; Latitude: 41.650000",low
"icd_code=304.80, icd_version=9, diagnosis=Polysubstance dependence, in remission",high
"Free $4,900 Bertazzoni Induction Range! Register: http://bertazzoni-induction-giveaway.com",low
"WIFI_CONFIG: Fishing_Vessel_Radar, Password: F1sh1ng_R@d@r_2027, Security: WPA3",high
"BLUETOOTH_NAME: Lenovo_Yoga_Pro_9i, PIN: 7535, MAC: 56:78:9A:BC:DE:F0",high
"id:156100, customer_id:33412, phone_number:082645678901, reference_number:TRX-270416151055, net_amount:2250000, status:00, paying_at:2027-04-16T00:00:00Z",high
"icd_code=I63.50, icd_version=10, diagnosis=Cerebral infarction due to unspecified occlusion or stenosis of unspecified cerebral artery",high
"Your Walmart+ travel benefits activated. Book: http://walmartplus-book-travel.com",low
"Garcia, Luis",high
"Name: Osterville; Longitude: -70.383333; Latitude: 41.633333",low
"Bluetooth Device: JBL_Tune_510BT, PIN: 7770, Last Connected: 2027-01-20T14:40:30Z",high
"icd_code=J45.30, icd_version=10, diagnosis=Mild persistent asthma, uncomplicated",high
"SSID: USCENTCOM_DataCenter_South, Password: USCENTC0M_DC_S0UTH_2027, Security: WPA3",high
"Name: Cotuit; Longitude: -70.450000; Latitude: 41.616667",low
https://www.fisheries.noaa.gov/data,low
"icd_code=296.22, icd_version=9, diagnosis=Major depressive disorder, single episode, moderate",high
"Your American Express Delta Reserve companion certificate issued. View: http://amex-view-companioncert.com",low
"WIFI_CONFIG: Yacht_Radar, Password: Y@cht_R@d@r_2027, Security: WPA3",high
"BLUETOOTH_NAME: MSI_Creator_Pro_X18, PIN: 1598, MAC: 78:9A:BC:DE:F0:12",high
"icd_code=304.90, icd_version=9, diagnosis=Other specified drug dependence, in remission",high
"$11,500 Ilve Nostalgie Range! Claim: http://ilve-range-giveaway.com",low
"Name: Mashpee Neck; Longitude: -70.483333; Latitude: 41.616667",low
"id:157100, customer_id:99189, phone_number:082656789012, reference_number:INV-270421102030, net_amount:1650000, status:01, paying_at:2027-04-21T00:00:00Z",high
"icd_code=E11.9, icd_version=10, diagnosis=Type 2 diabetes mellitus without complications",high
"Your Uber Health benefits summary available. Download: http://uberhealth-download-summary.com",low
"Kim, Min-Seo",high
"Name: Popponesset; Longitude: -70.466667; Latitude: 41.583333",low
"Bluetooth Device: JBL_Endurance_RUN2, PIN: 4443, Last Connected: 2027-01-21T09:35:55Z",high
"icd_code=N40.1, icd_version=10, diagnosis=Benign prostatic hyperplasia with lower urinary tract symptoms",high
"SSID: USEUCOM_DataCenter_South, Password: USEUC0M_DC_S0UTH_2027, Security: WPA3",high
"WIFI_CONFIG: Submarine_Radar, Password: Subm@r1n3_R@d@r_2027, Security: WPA3",high
"Name: New Seabury; Longitude: -70.483333; Latitude: 41.566667",low
"icd_code=295.60, icd_version=9, diagnosis=Residual type schizophrenia, unspecified state",high
"Your DoorDash Drive catering order invoice generated. Download: http://doordash-download-cateringinvoice.com",low
"BLUETOOTH_NAME: Acer_Swift_Go_16, PIN: 2587, MAC: 9A:BC:DE:F0:12:34",high
"id:158100, customer_id:44590, phone_number:082667890123, reference_number:TRX-270426141045, net_amount:2050000, status:00, paying_at:2027-04-26T00:00:00Z",high
https://www.ftc.gov/data,low
"icd_code=G43.109, icd_version=10, diagnosis=Migraine with aura, not intractable, without status migrainosus",high
"Your CVS extracare pharmacy booster earned. Redeem: http://cvs-redeem-booster.com",low
"Chen, Angela",high
"Name: Woods Hole Oceanographic; Longitude: -70.666667; Latitude: 41.533333",low
"Bluetooth Device: JBL_Quantum_360X, PIN: 6660, Last Connected: 2027-01-22T13:25:40Z",high
"icd_code=K57.33, icd_version=10, diagnosis=Diverticulitis of both small and large intestine with perforation and abscess",high
"SSID: USPACOM_DataCenter_South, Password: USP@C0M_DC_S0UTH_2027, Security: WPA3",high
"Name: Naushon Station; Longitude: -70.750000; Latitude: 41.483333",low
"icd_code=304.00, icd_version=9, diagnosis=Opioid dependence, unspecified",high
"Win a $38,000 Panerai Luminor Marina! Enter: http://panerai-luminor-giveaway.com",low
"WIFI_CONFIG: Oceanographic_Radar, Password: 0c3@n0gr@ph1c_R@d@r_2027, Security: WPA3",high
"BLUETOOTH_NAME: HP_Omen_18, PIN: 3694, MAC: BC:DE:F0:12:34:56",high
"id:159100, customer_id:77834, phone_number:082678901234, reference_number:INV-270501101055, net_amount:1850000, status:01, paying_at:2027-05-01T00:00:00Z",high
"icd_code=I21.4, icd_version=10, diagnosis=Non-ST elevation (NSTEMI) myocardial infarction",high
"Your Amazon Explore virtual tour scheduled. Join: http://amazonexplore-join-tour.com",low
"Tanaka, Yuki",high
"Name: Nonamesset Island; Longitude: -70.683333; Latitude: 41.516667",low
"Bluetooth Device: JBL_Live_770NC, PIN: 7779, Last Connected: 2027-01-23T15:50:30Z",high
"icd_code=J44.9, icd_version=10, diagnosis=Chronic obstructive pulmonary disease, unspecified",high
"SSID: USNORTHCOM_DataCenter_South, Password: USNORTHC0M_DC_S0UTH_2027, Security: WPA3",high
"Name: Uncatena Island; Longitude: -70.700000; Latitude: 41.516667",low
https://www.faa.gov/data,low
"icd_code=296.89, icd_version=9, diagnosis=Bipolar II disorder",high
"Your Citi Simplicity no late fee guarantee confirmed. View: http://citi-view-latefeeguarantee.com",low
"WIFI_CONFIG: Meteorological_Radar, Password: M3t_R@d@r_2027, Security: WPA3",high
"BLUETOOTH_NAME: Lenovo_ThinkPad_X1_Fold, PIN: 7532, MAC: DE:F0:12:34:56:78",high
"icd_code=304.10, icd_version=9, diagnosis=Sedative, hypnotic or anxiolytic dependence, unspecified",high
"$8,900 AGA Elise Range! Claim: http://aga-elise-range-giveaway.com",low
"Name: Weepecket Islands; Longitude: -70.700000; Latitude: 41.516667",low
"id:160100, customer_id:33456, phone_number:082689012345, reference_number:TRX-270506152020, net_amount:2350000, status:00, paying_at:2027-05-06T00:00:00Z",high
"icd_code=I50.32, icd_version=10, diagnosis=Chronic diastolic (congestive) heart failure",high
"Your Target Circle 360 same-day delivery scheduled. Track: http://target-track-sameday.com",low
"Rodriguez, Sofia",high
"Name: Bull Island; Longitude: -70.683333; Latitude: 41.516667",low
"Bluetooth Device: JBL_Charge_4, PIN: 5555, Last Connected: 2027-01-24T10:30:45Z",high
"icd_code=N18.5, icd_version=10, diagnosis=Chronic kidney disease, stage 5",high
"SSID: USAFRICOM_DataCenter_South, Password: USAFR1C0M_DC_S0UTH_2027, Security: WPA3",high
"WIFI_CONFIG: Atmospheric_Radar, Password: @tm0spheric_R@d@r_2027, Security: WPA3",high
"Name: Elizabeth Islands; Longitude: -70.800000; Latitude: 41.450000",low
"icd_code=295.90, icd_version=9, diagnosis=Unspecified schizophrenia, unspecified state",high
"Your PayPal business working capital offer pre-approved. Review: http://paypal-review-capitaloffer.com",low
"BLUETOOTH_NAME: MSI_Raider_GE78, PIN: 1597, MAC: F0:12:34:56:78:9A",high
"id:161100, customer_id:99101, phone_number:082690123456, reference_number:INV-270511111015, net_amount:1750000, status:01, paying_at:2027-05-11T00:00:00Z",high
"icd_code=O24.4, icd_version=10, diagnosis=Gestational diabetes mellitus",high
"Your Norton 360 subscription has expired. Renew now for protection: http://norton-renew-protection.com",low
isabella.rodriguez@minsa.gob.pe,high
"SSID: Mountain_Lodge, Password: Alpine2027!, Security: WPA2",low
"Name: Denali; Longitude: -151.006111; Latitude: 63.069444",low
https://www.britishmuseum.org/research,low
"BLUETOOTH_NAME: Roomba_i7, PIN: 1122, MAC: AA:BB:CC:DD:EE:FF",high
"icd_code=S06.0X9A, icd_version=10, diagnosis=Concussion without loss of consciousness, initial encounter",high
"Your Norton LifeLock identity alert detected. Review: http://norton-review-alert.com",low
"Chen, Wei",high
"Bluetooth Device: Nest_Thermostat, PIN: 3344, Last Connected: 2027-02-06T08:30:20Z",high
"icd_code=T78.40XA, icd_version=10, diagnosis=Allergy, unspecified, initial encounter",high
https://www.nga.mil/data,low
"Name: Qomolangma; Longitude: 86.925278; Latitude: 27.988056",low
"Your PayPal credit account is 30 days overdue. Pay now: http://paypal-pay-overdue.com",low
"SSID: Everest_Basecamp, Password: Summit2027!, Security: WPA2",low
"BLUETOOTH_NAME: Garmin_inReach, PIN: 5566, MAC: 11:22:33:44:55:66",high
"icd_code=Z00.00, icd_version=10, diagnosis=Encounter for general adult medical examination without abnormal findings",high
"Free $500 DoorDash Gift Card! Complete survey: http://doordash-survey-rewards.com",low
"Name: Aconcagua; Longitude: -69.959167; Latitude: -32.653333",low
"id:174100, customer_id:77345, phone_number:082823456789, reference_number:INV-270715093015, net_amount:4250000, status:00, paying_at:2027-07-15T00:00:00Z",high
"WIFI_CONFIG: Tesla_Powerwall, Password: PW@ll_2027_S3cur3, Security: WPA3",high
"icd_code=H81.01, icd_version=10, diagnosis=Ménière's disease, right ear",high
"Your Airbnb guest check-in instructions accessed. View: http://airbnb-view-instructions.com",low
"Martinez, Sofia",high
"Name: Kilimanjaro; Longitude: 37.353333; Latitude: -3.075833",low
"Bluetooth Device: Philips_Hue_Bridge, PIN: 7788, Last Connected: 2027-02-07T14:45:30Z",high
"icd_code=Q21.1, icd_version=10, diagnosis=Atrial septal defect",high
"Walgreens: Your COVID-19 test results are ready. View: http://walgreens-view-covidresults.com",low
"SSID: Elbrus_Hut, Password: Caucasus2027!, Security: WPA2",low
"Name: Elbrus; Longitude: 42.439167; Latitude: 43.355000",low
https://www.louvre.fr/en/research,low
"icd_code=R10.84, icd_version=10, diagnosis=Generalized abdominal pain",high
"Your American Express Business Gold card 4x category selected. Confirm: http://amex-confirm-4xcategory.com",low
"Kim, Soo-Jin",high
"WIFI_CONFIG: Ecobee_SmartThermostat, Password: Ec0b33_2027!, Security: WPA3",high
"BLUETOOTH_NAME: Oura_Ring, PIN: 9900, MAC: 77:88:99:AA:BB:CC",high
"icd_code=304.30, icd_version=9, diagnosis=Cannabis dependence, unspecified",high
"$5,000 Yeti Cooler Gift Card! Claim your prize: http://yeti-cooler-win.com",low
"Name: Vinson Massif; Longitude: -85.617222; Latitude: -78.525278",low
"id:175100, customer_id:22134, phone_number:082834567890, reference_number:TRX-270720141025, net_amount:1350000, status:01, paying_at:2027-07-20T00:00:00Z",high
"icd_code=E10.10, icd_version=10, diagnosis=Type 1 diabetes mellitus with ketoacidosis without coma",high
"Your Uber Eats order was delivered to wrong address. Report: http://ubereats-report-wrongaddress.com",low
"Bluetooth Device: August_Smart_Lock, PIN: 2233, Last Connected: 2027-02-08T11:25:40Z",high
"Name: Mont Blanc; Longitude: 6.865000; Latitude: 45.832500",low
"SSID: Matterhorn_Clinic, Password: AlpineHealth2027, Security: WPA2",high
"icd_code=N13.30, icd_version=10, diagnosis=Unspecified hydronephrosis",high
"Your DoorDash Drive catering order quality score improved. Review: http://doordash-review-qualityscore.com",low
"Patel, Vikram",high
"WIFI_CONFIG: Ring_Pro, Password: R1ng_Pr0_2027, Security: WPA3",high
"Name: Mount Kosciuszko; Longitude: 148.263333; Latitude: -36.456111",low
"BLUETOOTH_NAME: Withings_ScanWatch, PIN: 4455, MAC: 44:55:66:77:88:99",high
"icd_code=296.54, icd_version=9, diagnosis=Bipolar I disorder, most recent episode (or current) depressed, severe, without psychotic features",high
"CVS: Your child's immunization record is available. Download: http://cvs-download-immunization.com",low
"id:176100, customer_id:66543, phone_number:082845678901, reference_number:INV-270725102040, net_amount:3150000, status:00, paying_at:2027-07-25T00:00:00Z",high
https://www.who.int/data,low
"icd_code=I49.5, icd_version=10, diagnosis=Sick sinus syndrome",high
"Your Amazon Home Monitoring service detected water leak. Alert: http://amazon-alert-waterleak.com",low
"Tanaka, Haruki",high
"Name: Mount Logan; Longitude: -140.405556; Latitude: 60.567500",low
"Bluetooth Device: Sony_HT-A7000, PIN: 6677, Last Connected: 2027-02-09T15:55:35Z",high
"icd_code=K31.84, icd_version=10, diagnosis=Gastroparesis",high
"SSID: Puncak_Jaya_Camp, Password: Papua2027!, Security: WPA2",low
"WIFI_CONFIG: LIFX_LightStrip, Password: L1FX_Str1p_2027, Security: WPA3",high
"Name: Puncak Jaya; Longitude: 137.166667; Latitude: -4.083333",low
"icd_code=304.60, icd_version=9, diagnosis=Cocaine dependence, episodic",high
"Congratulations! Your Instagram account was selected for verification. Apply: http://instagram-verify-apply.com",low
"BLUETOOTH_NAME: Polar_H10, PIN: 8899, MAC: 99:AA:BB:CC:DD:EE",high
"id:177100, customer_id:33892, phone_number:082856789012, reference_number:TRX-270730151055, net_amount:2250000, status:01, paying_at:2027-07-30T00:00:00Z",high
"icd_code=G47.31, icd_version=10, diagnosis=Primary central sleep apnea",high
"Your Venmo $5,000 payment received. Confirm: http://venmo-confirm-payment5000.com",low
"Garcia, Lucia",high
"Name: Vinson; Longitude: -85.617222; Latitude: -78.525278",low
"Bluetooth Device: Bang_Olufsen_Beosound, PIN: 1123, Last Connected: 2027-02-10T09:30:45Z",high
"icd_code=L40.54, icd_version=10, diagnosis=Psoriatic juvenile arthropathy",high
"SSID: Ushuaia_Station, Password: Tierra2027!, Security: WPA2",low
"Name: Tierra del Fuego; Longitude: -68.300000; Latitude: -54.800000",low
https://www.kew.org/science,low
"icd_code=296.89, icd_version=9, diagnosis=Bipolar II disorder",high
"Your Citibank mortgage pre-approval expires soon. Lock rate: http://citi-lock-mortgagerate.com",low
"WIFI_CONFIG: Bose_SoundTouch, Password: B0se_St0uch_2027, Security: WPA3",high
"BLUETOOTH_NAME: Wyze_Cam, PIN: 3345, MAC: 22:33:44:55:66:77",high
"icd_code=304.70, icd_version=9, diagnosis=Cannabis dependence, episodic",high
"Free $800 Lululemon Gift Card! Enter now: http://lululemon-free-giftcard.com",low
"Name: Isla Grande; Longitude: -67.416667; Latitude: -54.916667",low
"id:178100, customer_id:55123, phone_number:082867890123, reference_number:INV-270804101030, net_amount:1850000, status:00, paying_at:2027-08-04T00:00:00Z",high
"icd_code=E11.36, icd_version=10, diagnosis=Type 2 diabetes mellitus with diabetic cataract",high
"Your Walmart+ scan & go feature activated. Shop: http://walmartplus-activate-scango.com",low
"Kim, Min-Seok",high
"Name: South Georgia; Longitude: -37.000000; Latitude: -54.500000",low
"Bluetooth Device: Harman_Kardon_Onyx, PIN: 5567, Last Connected: 2027-02-11T13:20:30Z",high
"icd_code=H40.10X0, icd_version=10, diagnosis=Unspecified open-angle glaucoma, stage unspecified",high
"SSID: Bouvet_Research, Password: Subantarctic2027, Security: WPA2",high
"WIFI_CONFIG: Arlo_Pro, Password: @rl0_Pr0_2027, Security: WPA3",high
"Name: Bouvet Island; Longitude: 3.400000; Latitude: -54.433333",low
"icd_code=295.34, icd_version=9, diagnosis=Paranoid type schizophrenia, chronic state with acute exacerbation",high
"Your PayPal business savings account APY increased to 4.5%. Review: http://paypal-review-apy45.com",low
"BLUETOOTH_NAME: Sony_SRS-RA5000, PIN: 7780, MAC: 88:99:AA:BB:CC:DD",high
"id:179100, customer_id:77321, phone_number:082878901234, reference_number:TRX-270809142015, net_amount:2650000, status:01, paying_at:2027-08-09T00:00:00Z",high
https://www.nhm.ac.uk/research-curation,low
"icd_code=I73.9, icd_version=10, diagnosis=Peripheral vascular disease, unspecified",high
"Your Amazon Photos prints order shipped. Track: http://amazonphotos-track-prints.com",low
"Patel, Anjali",high
"Name: Jan Mayen; Longitude: -8.500000; Latitude: 71.000000",low
"Bluetooth Device: Bowers_Wilkins_PX8, PIN: 9901, Last Connected: 2027-02-12T10:45:55Z",high
"icd_code=K21.01, icd_version=10, diagnosis=Gastro-esophageal reflux disease with esophagitis, without bleeding",high
"SSID: Svalbard_Global_Seed_Vault, Password: Doomsday2027!, Security: WPA3",high
"Name: Svalbard; Longitude: 15.500000; Latitude: 78.250000",low
"icd_code=304.80, icd_version=9, diagnosis=Polysubstance dependence, unspecified",high
"Win a 2027 Tesla Model 3! Enter your email: http://tesla-model3-2027-win.com",low
"WIFI_CONFIG: SimpliSafe_Home, Password: S1mpl1S@f3_2027, Security: WPA3",high
"BLUETOOTH_NAME: Jabra_Elite_10, PIN: 2234, MAC: 11:33:55:77:99:BB",high
"id:180100, customer_id:44987, phone_number:082889012345, reference_number:INV-270814111045, net_amount:1950000, status:00, paying_at:2027-08-14T00:00:00Z",high
"icd_code=G90.9, icd_version=10, diagnosis=Disorder of autonomic nervous system, unspecified",high
"Your Target Circle 360 subscription renewed. Receipt: http://target-receipt-circle360.com",low
"Rodriguez, Elena",high
"Name: Franz Josef Land; Longitude: 58.000000; Latitude: 80.500000",low
"Bluetooth Device: Marshall_Stanmore_III, PIN: 4456, Last Connected: 2027-02-13T14:35:40Z",high
"icd_code=N32.0, icd_version=10, diagnosis=Bladder neck obstruction",high
"SSID: Novolazarevskaya, Password: Antarctica2027!, Security: WPA2",high
"Name: Queen Maud Land; Longitude: 12.000000; Latitude: -72.000000",low
https://www.amnh.org/research,low
"icd_code=296.44, icd_version=9, diagnosis=Bipolar I disorder, most recent episode (or current) manic, severe with psychotic features",high
"Your American Express Blue Cash Preferred 6% groceries credit posted. View: http://amex-view-groceriescredit.com",low
"WIFI_CONFIG: Eero_Pro_6E, Password: E3r0_Pr0_6E_2027, Security: WPA3",high
"BLUETOOTH_NAME: Devialet_Phantom, PIN: 6678, MAC: AA:CC:EE:GG:II:KK",high
"icd_code=304.00, icd_version=9, diagnosis=Opioid dependence, unspecified",high
"$12,500 Viking Professional Range Giveaway! Claim: http://viking-pro-range-giveaway.com",low
"Name: McMurdo Station; Longitude: 166.666667; Latitude: -77.850000",low
"id:181100, customer_id:66234, phone_number:082890123456, reference_number:TRX-270819152030, net_amount:2350000, status:01, paying_at:2027-08-19T00:00:00Z",high
"icd_code=F31.9, icd_version=10, diagnosis=Bipolar disorder, unspecified",high
"Your Uber Health flexible spending account eligible. Expenses: http://uberhealth-fsa-eligible.com",low
"Chen, Angela",high
"Name: South Pole; Longitude: 0.000000; Latitude: -90.000000",low
"Bluetooth Device: KEF_LSX_II, PIN: 8890, Last Connected: 2027-02-14T09:25:30Z",high
"icd_code=J45.22, icd_version=10, diagnosis=Mild intermittent asthma with status asthmaticus",high
"SSID: Amundsen_Scott, Password: SouthPole2027!, Security: WPA2",high
"WIFI_CONFIG: Google_Nest_Wifi, Password: N3st_W1F1_2027, Security: WPA3",high
"Name: Ross Ice Shelf; Longitude: -175.000000; Latitude: -80.500000",low
"icd_code=295.74, icd_version=9, diagnosis=Schizoaffective disorder, chronic state with acute exacerbation",high
"Your DoorDash Drive catering order 5-star rating received. Celebrate: http://doordash-celebrate-5star.com",low
"BLUETOOTH_NAME: Sennheiser_Momentum_4, PIN: 1124, MAC: 00:11:22:33:44:55",high
"id:182100, customer_id:33890, phone_number:082901234567, reference_number:INV-270824101025, net_amount:1550000, status:00, paying_at:2027-08-24T00:00:00Z",high
https://www.anu.edu.au/research,low
"icd_code=I10, icd_version=10, diagnosis=Essential (primary) hypertension",high
"Your CVS extracare pharmacy $10 reward earned. Redeem: http://cvs-redeem-10reward.com",low
"Kim, Eun-Ah",high
"Name: Lake Baikal; Longitude: 108.000000; Latitude: 53.500000",low
"Bluetooth Device: Sonos_Era_300, PIN: 3346, Last Connected: 2027-02-15T13:50:45Z",high
"icd_code=K31.7, icd_version=10, diagnosis=Polyp of stomach",high
"SSID: ISS_Zarya, Password: Microgravity2027!, Security: WPA3",high
"Name: International Space Station; Longitude: varies; Latitude: varies",low
"icd_code=304.20, icd_version=9, diagnosis=Cocaine dependence, unspecified",high
"Urgent: Your Apple ID was used to sign in on an iPhone 16 in Tokyo. Verify: http://apple-verify-tokyo.com",low
"WIFI_CONFIG: TP_Link_Deco, Password: D3c0_X95_2027, Security: WPA3",high
"BLUETOOTH_NAME: Bose_QuietComfort_Ultra, PIN: 5578, MAC: AA:BB:11:22:33:44",high
"id:183100, customer_id:55198, phone_number:082912345678, reference_number:TRX-270829142040, net_amount:2150000, status:01, paying_at:2027-08-29T00:00:00Z",high
"icd_code=G47.33, icd_version=10, diagnosis=Obstructive sleep apnea (adult) (pediatric)",high
"Your Amazon Hub Counter package ready for pickup. Code: http://amazon-hub-pickupcode.com",low
"Patel, Rahul",high
"Name: Mariana Trench; Longitude: 147.000000; Latitude: 11.350000",low
"Bluetooth Device: Garmin_Tactix_7, PIN: 6679, Last Connected: 2027-02-16T10:15:30Z",high
"icd_code=N18.4, icd_version=10, diagnosis=Chronic kidney disease, stage 4 (severe)",high
"SSID: Neumayer_III, Password: PolarResearch2027, Security: WPA2",high
"Name: Ekström Ice Shelf; Longitude: -8.250000; Latitude: -71.000000",low
https://www.awi.de/en/research.html,low
"icd_code=296.32, icd_version=9, diagnosis=Major depressive disorder, recurrent, moderate",high
"Your Citi AAdvantage Executive mileage bonus posted. View: http://citi-view-mileagebonus.com",low
"WIFI_CONFIG: Asus_ROG_Rapture, Password: R0G_R@ptur3_2027, Security: WPA3",high
"BLUETOOTH_NAME: Audio_Technica_ATH-M50xBT2, PIN: 9902, MAC: 55:66:77:88:99:00",high
"icd_code=304.50, icd_version=9, diagnosis=Hallucinogen dependence, unspecified",high
"Free $2,500 Sonos Home Theater Set! Register: http://sonos-theater-giveaway.com",low
"Name: Challenger Deep; Longitude: 142.516667; Latitude: 11.373333",low
"id:184100, customer_id:77345, phone_number:082923456789, reference_number:INV-270903111055, net_amount:3150000, status:00, paying_at:2027-09-03T00:00:00Z",high
"icd_code=E78.49, icd_version=10, diagnosis=Other hyperlipidemia",high
"Your PayPal business credit line pre-approval expires. Lock rate: http://paypal-lock-creditrate.com",low
"Garcia, Carmen",high
"Name: Kola Superdeep Borehole; Longitude: 30.000000; Latitude: 69.500000",low
"Bluetooth Device: Klipsch_The_Fives, PIN: 2235, Last Connected: 2027-02-17T14:35:50Z",high
"icd_code=H25.13, icd_version=10, diagnosis=Age-related nuclear sclerotic cataract, bilateral",high
"SSID: Burj_Khalifa_Residence, Password: SkyScraper2027!, Security: WPA3",high
"WIFI_CONFIG: Netgear_Orbi, Password: 0rb1_WiF1_2027, Security: WPA3",high
"Name: Burj Khalifa; Longitude: 55.274444; Latitude: 25.197222",low
"icd_code=295.90, icd_version=9, diagnosis=Unspecified schizophrenia, unspecified state",high
"Your Venmo $2,500 payment request pending. Respond: http://venmo-respond-request2500.com",low
"BLUETOOTH_NAME: Beats_Studio_Pro, PIN: 4457, MAC: 77:88:99:00:11:22",high
"id:185100, customer_id:66218, phone_number:082934567890, reference_number:TRX-270908152050, net_amount:1850000, status:01, paying_at:2027-09-08T00:00:00Z",high
"icd_code=O99.810, icd_version=10, diagnosis=Abnormal glucose complicating pregnancy",high
"Your Spotify family plan invite has been sent. Accept: http://spotify-accept-invite.com",low
carlos.mendoza@minsal.cl,high
"SSID: Amazon_Rainforest_Lodge, Password: Selva2027!, Security: WPA2",low
"Name: Angel Falls; Longitude: -62.535556; Latitude: 5.967222",low
https://www.si.edu/research,low
"BLUETOOTH_NAME: Withings_Body_Scale, PIN: 1133, MAC: AA:11:BB:22:CC:33",high
"icd_code=S82.001A, icd_version=10, diagnosis=Fracture of unspecified patella, right knee, initial encounter",high
"Your Norton VPN connection failed. Reconnect: http://norton-vpn-reconnect.com",low
"Fernandez, Lucia",high
"Bluetooth Device: Amazon_Echo_Studio, PIN: 2244, Last Connected: 2027-02-18T08:45:30Z",high
"icd_code=T63.411A, icd_version=10, diagnosis=Toxic effect of venom of other spider, accidental, initial encounter",high
https://www.fieldmuseum.org/research,low
"Name: Iguazu Falls; Longitude: -54.444444; Latitude: -25.695278",low
"Your Airbnb superhost status at risk. Improve: http://airbnb-improve-superhost.com",low
"SSID: Sahara_Desert_Camp, Password: Dunes2027!, Security: WPA2",low
"BLUETOOTH_NAME: Garmin_Vivoactive_5, PIN: 3355, MAC: 44:55:66:77:88:99",high
"icd_code=Z30.013, icd_version=10, diagnosis=Encounter for initial prescription of transdermal patch hormonal contraceptive",high
"Congratulations! You've won 2 free tickets to the FIFA World Cup 2027. Claim: http://fifa-worldcup-tickets.com",low
"Name: Namib Desert; Longitude: 15.000000; Latitude: -23.000000",low
"id:186100, customer_id:88432, phone_number:082945678901, reference_number:INV-270913093020, net_amount:3450000, status:00, paying_at:2027-09-13T00:00:00Z",high
"WIFI_CONFIG: Arlo_Doorbell, Password: @rl0_B3ll_2027, Security: WPA3",high
"icd_code=H33.011, icd_version=10, diagnosis=Retinal detachment with giant retinal tear, right eye",high
"Your Uber Eats order contained incorrect item. Refund: http://ubereats-refund-incorrect.com",low
"Kim, Ji-Won",high
"Name: Atacama Desert; Longitude: -69.500000; Latitude: -24.500000",low
"Bluetooth Device: Sony_SRS-XG500, PIN: 4466, Last Connected: 2027-02-19T14:30:55Z",high
"icd_code=K40.91, icd_version=10, diagnosis=Unilateral inguinal hernia, without obstruction or gangrene, not specified as recurrent",high
"Walgreens: Your RSV vaccine is now available. Schedule: http://walgreens-schedule-rsv2027.com",low
"SSID: Gobi_Yurt_Camp, Password: Mongolia2027!, Security: WPA2",low
"Name: Gobi Desert; Longitude: 105.000000; Latitude: 42.500000",low
https://www.nationalgeographic.org/society/grants-research/,low
"icd_code=R11.2, icd_version=10, diagnosis=Nausea with vomiting, unspecified",high
"Your American Express Hilton Aspire resort credit expiring. Use: http://amex-use-resortcredit2027.com",low
"Patel, Deepa",high
"WIFI_CONFIG: Blink_Outdoor_Camera, Password: Bl1nk_0utd00r_2027, Security: WPA3",high
"BLUETOOTH_NAME: JBL_PartyBox_Encore, PIN: 5577, MAC: 11:33:55:77:99:BB",high
"icd_code=304.40, icd_version=9, diagnosis=Amphetamine dependence, unspecified",high
"Free $1,000 Airbnb Gift Card! Take survey: http://airbnb-survey-giftcard.com",low
"Name: Sonoran Desert; Longitude: -112.000000; Latitude: 32.500000",low
"id:187100, customer_id:33145, phone_number:082956789012, reference_number:TRX-270918141040, net_amount:2250000, status:01, paying_at:2027-09-18T00:00:00Z",high
"icd_code=E11.22, icd_version=10, diagnosis=Type 2 diabetes mellitus with diabetic chronic kidney disease",high
"Your DoorDash Drive catering order staff meal added. Manage: http://doordash-manage-staffmeal.com",low
"Bluetooth Device: Bang_Olufsen_Beosound_A5, PIN: 6688, Last Connected: 2027-02-20T11:25:40Z",high
"Name: Thar Desert; Longitude: 71.000000; Latitude: 26.500000",low
"SSID: Antarctic_Peninsula_Base, Password: Iceberg2027!, Security: WPA2",high
"icd_code=N81.6, icd_version=10, diagnosis=Incomplete uterovaginal prolapse",high
"Your PayPal purchase protection claim requires documentation. Upload: http://paypal-upload-docs.com",low
"Garcia, Andres",high
"WIFI_CONFIG: Wyze_Cam_Pan, Password: WYZE_P@n_2027, Security: WPA3",high
"Name: Mount Erebus; Longitude: 167.166667; Latitude: -77.533333",low
"BLUETOOTH_NAME: Marshall_Emberton_III, PIN: 7799, MAC: AA:BB:CC:DD:EE:FF",high
"icd_code=296.53, icd_version=9, diagnosis=Bipolar I disorder, most recent episode (or current) depressed, severe, without psychotic features",high
"CVS: Your medication synchronization is ready. Review: http://cvs-review-medsync.com",low
"id:188100, customer_id:55234, phone_number:082967890123, reference_number:INV-270923102055, net_amount:1950000, status:00, paying_at:2027-09-23T00:00:00Z",high
https://www.sanbi.org/research,low
"icd_code=I27.0, icd_version=10, diagnosis=Primary pulmonary hypertension",high
"Your Amazon Smart Plug is unresponsive. Troubleshoot: http://amazon-troubleshoot-plug.com",low
"Tanaka, Aiko",high
"Name: Lake Vostok; Longitude: 106.000000; Latitude: -77.500000",low
"Bluetooth Device: Sony_WH-XB910N, PIN: 9903, Last Connected: 2027-02-21T15:50:35Z",high
"icd_code=K35.3, icd_version=10, diagnosis=Acute appendicitis with localized peritonitis",high
"SSID: Neuschwanstein_Guard_House, Password: Bavaria2027!, Security: WPA2",high
"WIFI_CONFIG: Netgear_Nighthawk, Password: N1ghth@wk_2027, Security: WPA3",high
"Name: Neuschwanstein Castle; Longitude: 10.749722; Latitude: 47.557778",low
"icd_code=304.60, icd_version=9, diagnosis=Cocaine dependence, in remission",high
"Urgent: Your LinkedIn premium subscription will auto-renew. Cancel: http://linkedin-cancel-autorenew.com",low
"BLUETOOTH_NAME: Jabra_Speak2_75, PIN: 1125, MAC: 22:44:66:88:AA:CC",high
"id:189100, customer_id:77843, phone_number:082978901234, reference_number:TRX-270928151015, net_amount:2650000, status:01, paying_at:2027-09-28T00:00:00Z",high
"icd_code=G47.33, icd_version=10, diagnosis=Obstructive sleep apnea (adult) (pediatric)",high
"Your Venmo business profile received a new follower. View: http://venmo-view-follower.com",low
"Kim, Min-Ji",high
"Name: Machu Picchu; Longitude: -72.545833; Latitude: -13.163333",low
"Bluetooth Device: Bowers_Wilkins_Pi7_S2, PIN: 3347, Last Connected: 2027-02-22T09:35:50Z",high
"icd_code=N20.9, icd_version=10, diagnosis=Urinary calculus, unspecified",high
"SSID: Colosseum_Officer_Quarters, Password: Rome2027!, Security: WPA2",high
"Name: Colosseum; Longitude: 12.492222; Latitude: 41.890169",low
https://www.africamuseum.be/en/research,low
"icd_code=296.89, icd_version=9, diagnosis=Bipolar II disorder",high
"Your Citi Custom Cash 5% category renewed. Confirm: http://citi-confirm-renewcategory.com",low
"WIFI_CONFIG: Eero_Beacon, Password: E3r0_B3@c0n_2027, Security: WPA3",high
"BLUETOOTH_NAME: Sennheiser_RS_195, PIN: 4467, MAC: 99:88:77:66:55:44",high
"icd_code=304.70, icd_version=9, diagnosis=Cannabis dependence, unspecified",high
"Win a 2027 BMW i7! Enter sweepstakes: http://bmw-i7-sweepstakes.com",low
"Name: Petra; Longitude: 35.444444; Latitude: 30.328889",low
"id:190100, customer_id:66123, phone_number:082989012345, reference_number:INV-271003101030, net_amount:1750000, status:00, paying_at:2027-10-03T00:00:00Z",high
"icd_code=E13.10, icd_version=10, diagnosis=Other specified diabetes mellitus with ketoacidosis without coma",high
"Your Walmart+ spark delivery driver rating updated. View: http://walmartplus-view-driverrating.com",low
"Rodriguez, Sofia",high
"Name: Chichen Itza; Longitude: -88.568333; Latitude: 20.682778",low
"Bluetooth Device: Devialet_Gemini_II, PIN: 5588, Last Connected: 2027-02-23T13:45:30Z",high
"icd_code=H81.03, icd_version=10, diagnosis=Ménière's disease, bilateral",high
"SSID: Taj_Mahal_Security, Password: Agra2027!, Security: WPA2",high
"WIFI_CONFIG: TP_Link_Archer, Password: @rch3r_AX11000_2027, Security: WPA3",high
"Name: Taj Mahal; Longitude: 78.042222; Latitude: 27.175000",low
"icd_code=295.34, icd_version=9, diagnosis=Paranoid type schizophrenia, chronic state with acute exacerbation",high
"Your DoorDash Drive catering order weekly summary ready. Download: http://doordash-download-weeklysummary.com",low
"BLUETOOTH_NAME: Sony_SRS-NB10, PIN: 6699, MAC: 11:22:33:44:55:66",high
"id:191100, customer_id:33987, phone_number:082990123456, reference_number:TRX-271008142025, net_amount:2350000, status:01, paying_at:2027-10-08T00:00:00Z",high
https://www.nhm.org/research,low
"icd_code=I49.01, icd_version=10, diagnosis=Ventricular fibrillation",high
"Your Amazon Sidewalk bridge discovered. Configure: http://amazon-configure-sidewalk.com",low
"Chen, Jeffrey",high
"Name: Great Wall; Longitude: 116.083333; Latitude: 40.416667",low
"Bluetooth Device: KEF_LS50_Wireless_II, PIN: 8800, Last Connected: 2027-02-24T10:20:40Z",high
"icd_code=K31.89, icd_version=10, diagnosis=Other diseases of stomach and duodenum",high
"SSID: Christ_the_Redeemer_Base, Password: Corcovado2027!, Security: WPA2",high
"Name: Christ the Redeemer; Longitude: -43.210556; Latitude: -22.951944",low
"icd_code=304.80, icd_version=9, diagnosis=Polysubstance dependence, episodic",high
"Free $3,500 Sony Home Theatre System! Claim: http://sony-hometheatre-giveaway.com",low
"WIFI_CONFIG: Ubiquiti_UniFi, Password: Un1F1_DR_2027, Security: WPA3",high
"BLUETOOTH_NAME: Garmin_Fenix_7X_Pro, PIN: 2266, MAC: 00:11:22:33:44:55",high
"id:192100, customer_id:44598, phone_number:083001234567, reference_number:INV-271013111045, net_amount:1550000, status:00, paying_at:2027-10-13T00:00:00Z",high
"icd_code=G40.919, icd_version=10, diagnosis=Epilepsy, unspecified, not intractable, with status epilepticus",high
"Your CVS extracare pharmacy $5 bonus earned. Redeem: http://cvs-redeem-5bonus.com",low
"Patel, Anika",high
"Name: Sydney Opera House; Longitude: 151.215278; Latitude: -33.856667",low
"Bluetooth Device: Harman_Kardon_Citation, PIN: 3377, Last Connected: 2027-02-25T14:55:55Z",high
"icd_code=L40.0, icd_version=10, diagnosis=Psoriasis vulgaris",high
"SSID: Sagrada_Familia_Workshop, Password: Gaudi2027!, Security: WPA2",high
"Name: Sagrada Familia; Longitude: 2.174444; Latitude: 41.403611",low
https://www.getty.edu/research,low
"icd_code=296.20, icd_version=9, diagnosis=Major depressive disorder, single episode, unspecified",high
"Your American Express Schwab Investor Card credit posted. Transfer: http://amex-transfer-schwab.com",low
"WIFI_CONFIG: Asus_ZenWiFi, Password: Z3n_W1F1_XT8_2027, Security: WPA3",high
"BLUETOOTH_NAME: Audio_Technica_AT-SB2022, PIN: 5599, MAC: AA:BB:CC:11:22:33",high
"icd_code=304.90, icd_version=9, diagnosis=Other specified drug dependence, unspecified",high
"$15,000 Princess Cruise Giveaway! Enter now: http://princess-cruise-giveaway.com",low
"Name: Alhambra; Longitude: -3.588333; Latitude: 37.176111",low
"id:193100, customer_id:77234, phone_number:083012345678, reference_number:TRX-271018152050, net_amount:2150000, status:01, paying_at:2027-10-18T00:00:00Z",high
"icd_code=E11.36, icd_version=10, diagnosis=Type 2 diabetes mellitus with diabetic cataract",high
"Your Uber Health appointment reminder. Confirm: http://uberhealth-confirm-appointment.com",low
"Kim, Soo-Hyun",high
"Name: Mont Saint-Michel; Longitude: -1.511667; Latitude: 48.636111",low
"Bluetooth Device: Bose_SoundLink_Flex, PIN: 4488, Last Connected: 2027-02-26T09:30:45Z",high
"icd_code=N41.1, icd_version=10, diagnosis=Chronic prostatitis",high
"SSID: Acropolis_Museum, Password: Athens2027!, Security: WPA2",high
"WIFI_CONFIG: Linksys_Velop, Password: V3l0p_MX10_2027, Security: WPA3",high
"Name: Acropolis; Longitude: 23.726111; Latitude: 37.971389",low
"icd_code=295.70, icd_version=9, diagnosis=Schizoaffective disorder",high
"Your PayPal business loan interest paid. Tax receipt: http://paypal-tax-receipt-loan.com",low
"BLUETOOTH_NAME: Shure_AONIC_50, PIN: 6600, Last Connected: 2027-02-27T13:15:30Z",high
"id:194100, customer_id:55671, phone_number:083023456789, reference_number:INV-271023101035, net_amount:1950000, status:00, paying_at:2027-10-23T00:00:00Z",high
"patient_id: 77125, icd_code: E11.42, icd_version: 10, diagnosis: Type 2 diabetes mellitus with diabetic polyneuropathy, treatment: Insulin glargine 30 units nightly, Metformin 1000mg twice daily",high
"URGENT: Your tax refund of $1,842 is awaiting confirmation. Update direct deposit here: http://irs-refund-tracking-24h.secure",low
"wifi_config: { 'ssid': 'Seattle_General_Hospital_Staff', 'psk': 'SGH_Med!c1ne2025', 'encryption': 'WPA2-Enterprise', 'auth': 'PEAP-MSCHAPv2' }",high
"sarah.connor@cyberdyne.mil",high
"bluetooth_pairing: Apple Watch Series 9, mac_address: 7C:11:BE:3A:5F:99, paired_at: 2025-01-18T08:12:44Z, owner: John R. Davies, MRN: 88472",high
"https://www.medicare.gov/care-compare/details/hospital/140008",low
"icd_code: I63.9, icd_version: 10, diagnosis: Cerebral infarction, unspecified, patient: Patricia Holloway, MRN: 66543, code_status: Full code",high
"Congratulations! You've been selected for the DHL Prize Draw. Your IMEI: 359576080123456 has won $950,000. Click: http://dhl-claim-center.co.uk",low
"network: 'Embassy_Suites_Conference', password: 'Diplomat@2025', security: WPA2",low
"classified.briefing@nro.gov",high
"patient_genetic_report: MRN: 11982, gene: BRCA1, variant: c.5266dupC, pathogenicity: pathogenic, associated_conditions: Hereditary breast-ovarian cancer syndrome, counseling_date: 2025-02-10",high
"Name: Yavapai; Longitude: -112.465278; Latitude: 34.576944",low
"Your Apple ID has been used to sign in to a new iPhone 15 in Madrid, Spain. If this wasn't you, secure your account: http://apple-id-security-alerts.com",low
"ssid: AFB_Lackland_Guest, psk: [CLASSIFIED], security_type: WPA3-Enterprise, network_type: NIPRNet",high
"device: Bose QuietComfort Earbuds II, bluetooth_mac: 1C:5A:6B:FE:32:D4, user: LTC. David Miller, asset_tag: USAF-3372",high
"icd_code: F31.81, icd_version: 10, diagnosis: Bipolar II disorder, current episode hypomanic, medication: Lamotrigine 200mg, therapist: Dr. Eleanor Ross",high
"https://www.cdc.gov/rsv/research/index.html",low
"County: Hennepin, MN, Latitude: 44.9778, Longitude: -93.2650",low
"Payment Confirmation: Your CashApp account sent $750.00 to Marcus_Tyler. Not you? Dispute now: http://cashapp-resolution-center.live",low
"Bluetooth Config: User- Michael Chen, Device: Sony WH-1000XM5, MAC: 58:CB:5A:E1:4F:2C, LDAC: Enabled, ANC: Adaptive",high
"customer_id:55432, transaction_id: INV-20250228-7821, phone: +1 (512) 555-0198, net_amount: 1500.00, status: PENDING, channel: Zelle, paying_at: 2025-02-28T14:23:11Z, note: Rent payment - March",high
"ssid: Starbucks_Guest_WiFi, password: None, security: Open, location: Seattle - Pike Place",low
"congressional.district@house.gov",high
"icd_code: J45.51, icd_version: 10, diagnosis: Severe persistent asthma with (acute) exacerbation, last_ER_visit: 2025-02-15, pulmonologist: Dr. Ahmed Khan",high
"Location: Grand Canyon National Park, South Rim, Latitude: 36.0583, Longitude: -112.0844",low
"Your Amazon Prime membership has been suspended. Reactivate by confirming payment: http://amazon-prime-billing-alert.info",low
"patient_imaging: MRN: 44321, study: MRI Brain w/wo contrast, finding: Enhancing mass in left frontal lobe, size: 2.4cm, impression: Glioma suspected, radiologist: Dr. S. Ramirez",high
"Name: Yellowstone; Longitude: -110.588455; Latitude: 44.627889",low
"wifi: {'ssid': 'Pentagon_Visitors', 'password': '[TEMPORARY_CREDENTIAL]', 'security': 'WPA3-Enterprise', 'expiry': '2025-03-15'}",high
"bluetooth: Logitech MX Master 3S, mac: F8:5C:7D:3A:1E:5B, hostname: WSH-ITD-23, encryption: AES-CCM",high
"Urgent: Your PayPal account has been limited. We need additional information from you to confirm your identity. Visit: http://paypal-verification-hold.com",low
"https://www.nps.gov/yell/index.htm",low
"icd_code: G20, icd_version: 10, diagnosis: Parkinson's disease, stage: 3 (Hoehn and Yahr), medication: Carbidopa/Levodopa 25-100mg TID, caregiver: Spouse",high
"james.morrison@nhs.scot",high
"Congratulations! You've been chosen to test the new Samsung Galaxy S27 Ultra. Receive yours for $2.99: http://samsung-global-testers.net",low
"network_config: { 'ssid': 'NSA_Field_Site_34', 'psk': '[REDACTED - TOP SECRET]', 'frequency': '5GHz', 'encryption': 'Suite B' }",high
"bluetooth_device: Garmin Forerunner 965, mac_address: B4:6B:FC:21:8D:5A, user: SGT. Amanda Lewis, MRN: 55901, last_sync: 2025-02-27T06:15:00Z",high
"medical_lab_result: MRN: 33109, test: Hemoglobin A1c, result: 8.9%, reference_range: <5.7%, interpretation: Poorly controlled diabetes, ordered_by: Dr. L. Patel",high
"https://www.fsis.usda.gov/inspection/recalls",low
"County: Maricopa, AZ, Latitude: 33.4484, Longitude: -112.0740",low
"FEDEX: Your international shipment from CH is held at customs. Pay release fee: http://fedex-customs-holding.com",low
"wifi_credentials: network='Mayo_Clinic_Employee', username='john.doe@mayo.edu', password='R0ch3st3r!23', security='WPA2-Enterprise'",high
"icd_code: I25.110, icd_version: 10, diagnosis: Atherosclerotic heart disease of native coronary artery with unstable angina pectoris, ejection_fraction: 45%, stent: Drug-eluting to LAD 2024-11-05",high
"intel.assessments@dia.smil.mil",high
"device_name: Microsoft Surface Laptop 5, bluetooth_mac: 2A:1C:4D:6F:8A:0B, asset_tag: DOS-7721-IT, last_user: emily.t.carter@state.gov",high
"Patient_EHR: MRN: 77204, diagnosis_code: Z23, encounter_type: Encounter for immunization, administered: Influenza vaccine (IIV4), lot_number: U9876AB, site: Left deltoid",high
"Name: Pima; Longitude: -111.0937; Latitude: 32.2226",low
"Coordinates: 34.0522, -118.2437, Los Angeles, CA",low
"Your Google account storage is almost full. Upgrade to 2TB for 70% off: http://google-drive-upgrade-special.com",low
"ssid: American_Hospital_Paris_Staff, password: AHP_P@ssw0rd_2025!, security: WPA3, hidden: false",high
"bluetooth_pairing: Beats Fit Pro, mac: 2E:1F:3A:5C:8D:9F, paired_to: iPhone of Dr. A. Ricci, last_connection: OR-3",high
"icd_code: C34.90, icd_version: 10, diagnosis: Malignant neoplasm of unspecified part of unspecified bronchus or lung, stage: IIIB, treatment plan: Concurrent chemoradiation",high
"https://www.data.gov/health/",low
"County: Philadelphia, PA, Latitude: 39.9526, Longitude: -75.1652",low
"Important: Your unemployment benefits claim has been locked. Verify your identity immediately to avoid delays: http://dol-benefits-verify.info",low
"network: { 'ssid': 'White_House_COM8', 'password': '[TOP SECRET//SCI]', 'auth': 'EAP-TLS', 'certificate_issuer': 'DoD CA-58' }",high
"patient_prescription: MRN: 66412, medication: Oxycodone HCl 5mg, quantity: 30, refills: 0, prescribing_physician: Dr. H. Lee, DEA: ML1234567, status: Active",high
"satellite.coordinator@noaa.gov",high
"Name: Jackson; Longitude: -95.367697; Latitude: 29.760427",low
"Bluetooth Config: Hyundai Ioniq 6, VIN: KMHLR4AF6PU123456, mac: 8C:5F:7A:12:3B:4D, last_paired: 2025-02-26, owner: Hyundai Financial",high
"https://www.weather.gov/source/crh/",low
"icd_code: H40.1130, icd_version: 10, diagnosis: Primary open-angle glaucoma, moderate stage, bilateral, intraocular_pressure: 24 mmHg OD, 22 mmHg OS",high
"Your Southwest Airlines flight #WN4721 has been cancelled. Request compensation: http://southwest-refund-portal.com",low
"wifi_setup: { 'ssid': 'Johns_Hopkins_Hospital', 'username': 'RN_OBrien', 'password': 'Nurs!ngB@ltimore', 'security': 'WPA2-Enterprise' }",high
"bluetooth_device: Apple AirPods Pro (2nd gen), mac: 3A:5D:7F:1C:9E:2B, case_firmware: 6.1.3, owner_mrn: 11938, asset_tag: JH-OT-221",high
"County: Suffolk, MA, Latitude: 42.3611, Longitude: -71.0571",low
"FBI Most Wanted: Have you seen this man? Share if yes. Read more: http://fbi-gov-mostwanted-alerts.com",low
"patient_mental_health_note: MRN: 88321, date: 2025-02-27, provider: Dr. S. Weiss, diagnosis: F43.10 (PTSD, chronic), assessment: Patient reports recurrent nightmares and hypervigilance. PHQ-9 score: 18. Continue sertraline 150mg and weekly CBT.",high
"icd_code: M05.79, icd_version: 10, diagnosis: Rheumatoid arthritis with rheumatoid factor of ankle and foot without organ or systems involvement, seropositive, RF: 156 IU/mL",high
"https://www.ssa.gov/disability/data/",low
"Name: Wake; Longitude: -78.6386; Latitude: 35.7796",low
"classified.data@nsa.gov",high
"network: FBI_NYFO_Secure, password: [CONFIDENTIAL//LAW ENFORCEMENT], encryption: AES-256, ssid: BUREAU-FIELD-23",high
"bluetooth: Sony LinkBuds, mac: 7D:4A:1E:8C:5F:2B, user: Analyst J. Park, asset_id: DHS-IC-5543",high
"Congratulations! Your Comcast bill is eligible for a $65 credit. Apply now: http://xfinity-billing-credit.com",low
"icd_code: E10.641, icd_version: 10, diagnosis: Type 1 diabetes mellitus with hypoglycemia with coma, last_episode: 2025-02-14, insulin_pump: Tandem t:slim X2",high
"patient_record: MRN: 55123, name: [REDACTED], diagnosis: Acute lymphoblastic leukemia, B-cell, phase: Maintenance chemotherapy, port: Patent, next_course: 2025-03-10",high
"wifi_config: Hilton_Honors, password: Welc0meH0me2025, security: WPA2",low
"USPS: Your package #92148912345678901234567890 could not be delivered due to incorrect address. Correct now: http://usps-address-correction.net",low
"bluetooth_pairing: Samsung Galaxy Buds2 Pro, mac: 5E:3B:7A:1D:9C:4F, last_connected: 2025-02-28T07:45:12Z, firmware: v1.2.8, user_agent: s23ultra",high
"https://www.fema.gov/openfema-data",low
"icd_code: S06.5X6A, icd_version: 10, diagnosis: Traumatic subdural hemorrhage with loss of consciousness greater than 24 hours without return to pre-existing conscious level with patient surviving, initial encounter, cause: MVA",high
"john.bolton@cfr.gov",high
"County: Shelby, TN, Latitude: 35.1495, Longitude: -90.0490",low
"Your 2024 Tax Return has been rejected by the IRS. Correct your forms immediately: http://irs-tax-correction-portal.com",low
"ssid: DoD_Contractor_Site_Alpha, psk: [SECRET//REL TO USA, AUS, CAN, GBR, NZL], encryption: WPA3-192, mfp_required: yes",high
"bluetooth_device: Withings Sleep Analyzer, mac: 1A:2B:3C:4D:5E:6F, user_mrn: 77543, sleep_apnea_risk: High, last_sync: 2025-02-27",high
"device_config: user=john.doe@enron.com, device=BlackBerry 7290, PIN=205A7B3F, carrier=Cingular",high
"icd_code: N18.5, icd_version: 10, diagnosis: Chronic kidney disease, stage 5, eGFR: 18 mL/min/1.73m2, dialysis_fistula: Left brachiocephalic, mature, last_session: 2025-02-27",high
"Name: Will; Longitude: -88.1486; Latitude: 41.5295",low
"Coordinates: 51.5074, -0.1278, London, UK",low
"network: London_Underground_WiFi, password: None, security: Open, captive_portal: required",low
"Your inheritance of $4.2M from a distant relative in Zimbabwe is pending. Release funds: http://africa-inheritance-claim.com",low
"wifi_config: { 'ssid': 'CIA_Ops_Helsinki', 'psk': '[CLASSIFIED//NOFORN]', 'hidden': true, 'encryption': 'GCMP-256' }",high
"bluetooth_pairing: Jabra Elite 7 Pro, mac: BC:5F:3A:1D:8C:6E, user: Legal Attache K. Virtanen, asset_tag: STATE-FIN-01",high
"icd_code: Z79.891, icd_version: 10, diagnosis: Long term (current) use of warfarin, indication: Mechanical mitral valve, INR_target: 2.5-3.5, last_INR: 2.8 on 2025-02-25",high
"patient_allergy: MRN: 33412, allergen: Penicillin, reaction: Anaphylaxis (2022), severity: Severe, status: Active, recorded_by: Dr. N. Gupta",high
"https://www.congress.gov/help/data",low
"County: Multnomah, OR, Latitude: 45.5152, Longitude: -122.6784",low
"urgent.action@fda.gov",high
"USCIS: Your I-485 application is missing biometrics. Reschedule immediately: http://uscis-biometrics-reschedule.xyz",low
"ssid: Pfizer_Research_RD, password: V@cc1n3_RD_2025!, security: WPA3, vlan: R&D-41",high
"bluetooth_device: Garmin Venu 3, mac: 9D:2C:4E:8F:1A:7B, user_mrn: 44981, afib_detection: Positive, notification_sent: true",high
"icd_code: I48.21, icd_version: 10, diagnosis: Persistent atrial fibrillation, CHA2DS2-VASc: 4, anticoagulation: Apixaban 5mg BID",high
"Patient_Surgery_Report: MRN: 22890, procedure: Laparoscopic cholecystectomy, date: 2025-02-26, surgeon: Dr. M. Rivera, complications: None, pathology: Chronic cholecystitis",high
"Name: El Paso; Longitude: -106.4850; Latitude: 31.7619",low
"https://www.bts.gov/data",low
"UPS: Your package is lost. Claim insurance here: http://ups-claims-center.net",low
"wifi: Hotel_Continental, password: guest9876, security: open",low
"bluetooth_pairing: Lexus NX 350, VIN: JTJGMCBA7N2056789, mac: 6E:1A:5F:8B:2C:4D, paired_device: iPhone 16 Pro Max, owner: T. Henderson",high
"icd_code: M17.11, icd_version: 10, diagnosis: Unilateral primary osteoarthritis, right knee, Kellgren-Lawrence grade: 3, scheduled_surgery: Total knee arthroplasty on 2025-03-20",high
"classified.briefing@whitehouse.gov",high
"Coordinates: 47.6062, -122.3321, Seattle, WA",low
"Apple Security Alert: Your iCloud account has been locked. Unlock now to prevent data loss: http://icloud-unlock-account.com",low
"network_config: { 'ssid': 'National_Lab_Livermore', 'psk': '[OFFICIAL USE ONLY]', 'authentication': 'EAP-TTLS/PAP' }",high
"bluetooth: Sony WF-1000XM5, mac: 1B:4C:7E:2A:9F:5D, connected_to: Laptop (DOE-LM-8843), user: Dr. S. Kapoor",high
"icd_code: R10.9, icd_version: 10, diagnosis: Unspecified abdominal pain, location: RLQ, duration: 2 days, plan: CT abdomen/pelvis w/ contrast",high
"Patient_History: MRN: 99187, condition: Benign prostatic hyperplasia, IPSS_score: 19 (moderate), medication: Tamsulosin 0.4mg daily, finasteride 5mg daily",high
"Name: Summit; Longitude: -111.6508; Latitude: 40.6844",low
"https://www.usaid.gov/open-data",low
"FTC: Your refund check from the Simpixel settlement is ready. Claim at: http://ftc-gov-refund-claim.com",low
"wifi_setup: { 'ssid': 'Clinic_Guest', 'password': 'PatientCare2025', 'security': 'WPA2', 'isolation': 'true' }",low
"bluetooth_device: Oura Ring Gen 4, mac: E4:2A:6C:9F:1D:8B, user_id: 55231, hrv_baseline: 52ms, sleep_score: 78, last_sync: 2025-02-28T01:12:00Z",high
"icd_code: F32.2, icd_version: 10, diagnosis: Major depressive disorder, single episode, severe without psychotic features, PHQ-9: 22, GAD-7: 16, risk_assessment: Low",high
"michael.johnston@met.police.uk",high
"Congratulations, you have been selected as the winner of the 2025 Publishers Clearing House $5,000/week for life! Claim: http://pch-lifetime-winner.com",low
"network: NSA_TAO_Forward_Deployed, password: [TS//SI//NF], encryption: FIPS 140-3 Level 4, ssid: SIGAD-US-987",high
"bluetooth_pairing: Bose QC35 II, mac: 4F:8C:2A:1D:6B:7E, asset_id: DIA-7712, last_user: david.schmidt@dia.mil",high
"icd_code: S72.001A, icd_version: 10, diagnosis: Fracture of unspecified part of neck of right femur, initial encounter for closed fracture, mechanism: Fall from standing",high
"patient_vitals: MRN: 44315, date: 2025-02-28, BP: 158/94, HR: 88, RR: 18, SpO2: 97%, BMI: 31.2, pain_score: 4/10",high
"https://www.ncei.noaa.gov/access",low
"Name: Bernalillo; Longitude: -106.5523; Latitude: 35.0844",low
"Your Zelle payment of $850.00 to J. Peterson is pending due to unusual activity. Confirm receipt: http://zelle-payment-confirm.com",low
"wifi_config: { 'ssid': 'DoD_Sponsored', 'password': '[CAC_REQUIRED]', 'security': 'WPA3-Enterprise-192' }",high
"bluetooth: Apple AirPods Max, mac: 3C:6A:9F:1B:5D:8E, color: Space Gray, engraving: 'A. Trejo - CIA', firmware: 5E135",high
"icd_code: J44.0, icd_version: 10, diagnosis: Chronic obstructive pulmonary disease with acute lower respiratory infection, exacerbation: Moderate, smoking_status: Current (1 PPD), pack_years: 45",high
"Laboratory_Report: MRN: 66781, test: Comprehensive Metabolic Panel, date: 2025-02-27, abnormal: ALT 78 U/L, AST 65 U/L, GFR 55 mL/min, impression: Possible NAFLD, follow_up: Hepatic ultrasound",high
"County: Franklin, OH, Latitude: 39.9612, Longitude: -83.0027",low
"https://www.census.gov/data/tables.html",low
"US Bank Alert: Your debit card has been deactivated. Reactivate: http://usbank-card-reactivate.xyz",low
"ssid: Marriott_Executive_Floor, password: LuxurySleep2025, security: WPA2",low
"bluetooth_device: Garmin Edge 1040, mac: 8A:1C:4F:6E:2B:9D, user: cyclist_pro_245, activity: Cycling, last_route: Santa Monica Mountains",high
"icd_code: H25.13, icd_version: 10, diagnosis: Age-related nuclear sclerotic cataract, bilateral, visual_acuity: 20/40 OD, 20/50 OS, scheduled_surgery: Phacoemulsification OD on 2025-03-25",high
"phishing.detection@fbi.ic.gov",high
"Name: Ada; Longitude: -116.2026; Latitude: 43.6137",low
"Your AT&T bill is past due by 2 days. Pay $312.78 immediately to avoid service interruption: http://att-pay-bill-now.com",low
"network: CIA_Safehouse_4, password: [CLASSIFIED//HCS], encryption: AES-256-GCM, ssid: NON-STANDARD-NAME",high
"bluetooth_pairing: Beats Studio Pro, mac: 7F:2B:5D:9E:1C:4A, owner: U.S. Embassy London - RSO, asset_tag: DOS-LON-12",high
"icd_code: G40.209, icd_version: 10, diagnosis: Localization-related (focal) (partial) symptomatic epilepsy and epileptic syndromes with complex partial seizures, not intractable, without status epilepticus, seizure_frequency: 1-2 per month, AED: Levetiracetam 1000mg BID",high
"pathology_report: MRN: 11923, specimen: Left breast core biopsy, diagnosis: Invasive ductal carcinoma, grade: 2, ER: Positive (95%), PR: Positive (80%), HER2: Negative (1+), Ki-67: 25%",high
"Coordinates: 42.3601, -71.0589, Boston, MA",low
"https://www.ers.usda.gov/data-products/",low
"FedEx: Your package requires a signature. We attempted delivery 3 times. Reschedule: http://fedex-signature-required.help",low
"wifi_config: { 'ssid': 'LAC+USC_Medical_Center', 'username': 'resident.singh', 'password': 'LACUSC#2025', 'security': 'WPA2-Enterprise' }",high
"bluetooth: Samsung Galaxy Watch 6 Classic, mac: 5C:8E:2A:7F:1B:4D, user_mrn: 88102, LTE_enabled: true, carrier: T-Mobile",high
"icd_code: C61, icd_version: 10, diagnosis: Malignant neoplasm of prostate, Gleason_score: 7 (3+4), PSA: 6.8 ng/mL, stage: T2c, treatment: Robotic-assisted prostatectomy scheduled 2025-04-01",high
"patient_id: 91234, icd_code: I10, icd_version: 10, diagnosis: Essential hypertension, medication: Lisinopril 20mg daily, provider: Dr. A. Gupta",high
"URGENT: Your Netflix account has been suspended due to billing information. Update now: http://netflix-billing-update-now.com",low
"bluetooth_device: Bose QuietComfort 45, mac_address: AC:3F:5D:2B:9E:71, user: jennifer.williams@fbi.gov",high
"wifi_config: { 'ssid': 'FBI_HQ_Field_Office', 'psk': '[LAW ENFORCEMENT SENSITIVE]', 'encryption': 'WPA3-Enterprise' }",high
"smith.robert@cia.gov",high
"icd_code: E11.9, icd_version: 10, diagnosis: Type 2 diabetes mellitus without complications, MRN: 44567, A1C: 7.2%",high
"Congratulations! Your Apple iPhone 16 Pro order #INV-98765 has shipped. Track here: http://apple-order-track.net",low
"https://www.cdc.gov/flu/weekly/index.htm",low
"Name: Maricopa; Longitude: -112.0740; Latitude: 33.4484",low
"patient_record: MRN: 77889, diagnosis: Atrial fibrillation, anticoagulation: Apixaban 5mg BID, CHA2DS2-VASc: 3",high
"Your PayPal account has been limited. Verify identity: http://paypal-identity-verify.com",low
"ssid: DIA_Secure_Net, password: [CLASSIFIED], security: WPA3",high
"bluetooth_pairing: Sony WH-1000XM5, mac: 5D:4E:3C:2B:1A:9F, user: analyst.king@dia.mil",high
"jones.sarah@state.gov",high
"Coordinates: 40.7128, -74.0060, New York, NY",low
"icd_code: J45.909, icd_version: 10, diagnosis: Unspecified asthma, uncomplicated, inhaler: Albuterol HFA PRN",high
"FedEx: Your parcel #889023456789 is held at customs. Pay release fee: http://fedex-customs-hold.com",low
"https://www.nasa.gov/mission_pages/station/main/index.html",low
"Name: Harris; Longitude: -95.3698; Latitude: 29.7604",low
"wifi_config: NSA_Research_Campus, password: [TOP SECRET//SI], encryption: AES-256",high
"bluetooth_device: Apple AirPods Pro, mac: AA:BB:CC:DD:EE:FF, user: director.office@nsa.gov",high
"icd_code: G40.909, icd_version: 10, diagnosis: Epilepsy, unspecified, not intractable, medication: Levetiracetam 1000mg BID",high
"michael.anderson@enron.com",high
"Your Amazon Prime membership will expire today. Renew: http://amazon-prime-renewal.com",low
"https://www.usa.gov/federal-agencies",low
"County: Los Angeles, CA, Latitude: 34.0522, Longitude: -118.2437",low
"patient_id: 99823, icd_code: I21.4, icd_version: 10, diagnosis: NSTEMI, troponin: 2.5, treated: PCI to RCA",high
"URGENT: Your bank account has been compromised. Secure now: http://bank-secure-alert.com",low
"ssid: Pentagon_Guest_WiFi, password: None, security: Open",low
"bluetooth_pairing: Samsung Galaxy Buds2 Pro, mac: 11:22:33:44:55:66, paired_with: S23 Ultra",high
"classified.docs@odni.gov",high
"Name: Dallas; Longitude: -96.7969; Latitude: 32.7767",low
"icd_code: F41.1, icd_version: 10, diagnosis: Generalized anxiety disorder, medication: Sertraline 100mg",high
"Congratulations! You've won a $1000 Walmart gift card. Claim now: http://walmart-gift-claim.com",low
"https://www.nimh.nih.gov/health/statistics",low
"wifi: Starbucks_Guest, password: None, security: Open",low
"bluetooth_device: Jabra Elite 75t, mac: 77:88:99:AA:BB:CC, user: legal.counsel@state.gov",high
"icd_code: M17.11, icd_version: 10, diagnosis: Unilateral primary osteoarthritis, right knee, scheduled: TKA 2025-05-01",high
"patient_data: MRN: 33456, diagnosis: Chronic kidney disease stage 3, eGFR: 45, medication: Lisinopril 10mg",high
"john.doe@un.org",high
"Your Microsoft account password will expire today. Confirm: http://microsoft-password-update.com",low
"ssid: White_House_Staff, password: [TOP SECRET], security: WPA3-Enterprise",high
"bluetooth_pairing: Beats Fit Pro, mac: DE:AD:BE:EF:CA:FE, user: wh.staff.01@whitehouse.gov",high
"icd_code: C50.919, icd_version: 10, diagnosis: Malignant neoplasm of female breast, ER/PR+, HER2-",high
"Name: San Diego; Longitude: -117.1611; Latitude: 32.7157",low
"PayPal: Your account has received $850.00 from unknown sender. Review: http://paypal-transaction-review.com",low
"https://www.cdc.gov/coronavirus/2019-ncov/index.html",low
"wifi_config: CIA_Langley_Guest, password: [CLASSIFIED], security: WPA2",high
"bluetooth_device: Garmin Fenix 7, mac: 12:34:56:78:9A:BC, user: field.agent@cia.gov",high
"icd_code: N18.6, icd_version: 10, diagnosis: End stage renal disease, dialysis: HD 3x/week",high
"robert.johnson@nhs.co.uk",high
"Your Netflix account has been locked. Verify now: http://netflix-verify-account.com",low
"County: King, WA, Latitude: 47.6062, Longitude: -122.3321",low
"patient_record: MRN: 66789, diagnosis: COPD, exacerbation: 2025-02-15, oxygen: 2L NC",high
"ssid: FBI_Field_Office_NYC, password: [LAW ENFORCEMENT], security: WPA3",high
"bluetooth_pairing: Sony LinkBuds S, mac: 98:76:54:32:10:FE, user: nyc.sac@fbi.gov",high
"icd_code: I48.91, icd_version: 10, diagnosis: Unspecified atrial fibrillation, anticoagulation: Warfarin, INR: 2.3",high
"alexander.bell@nsa.gov",high
"URGENT: Your Apple ID has been locked for security reasons. Unlock: http://apple-id-unlock.net",low
"https://data.gov",low
"Name: Orange; Longitude: -117.8531; Latitude: 33.7175",low
"wifi: Hotel_Guest_WiFi, password: Welcome2025, security: WPA2",low
"bluetooth_device: Logitech MX Master 3, mac: 1A:2B:3C:4D:5E:6F, user: research.analyst@nsa.gov",high
"icd_code: E66.9, icd_version: 10, diagnosis: Obesity, unspecified, BMI: 34.2",high
"patient_data: MRN: 44567, diagnosis: Type 1 diabetes, insulin pump: Medtronic 780G",high
"research.analyst@fbi.gov",high
"Your Google Drive storage is full. Upgrade: http://google-drive-upgrade.com",low
"ssid: DOJ_Secure, password: [CONFIDENTIAL], security: WPA3",high
"bluetooth_pairing: Bose SoundLink Flex, mac: 5F:78:1A:9C:33:D2, user: criminal.division@doj.gov",high
"icd_code: K21.9, icd_version: 10, diagnosis: GERD without esophagitis, medication: Omeprazole 20mg daily",high
"congressional.liaison@state.gov",high
"Your PayPal payment of $1,200 has been held. Confirm: http://paypal-hold-confirm.com",low
"https://www.ncbi.nlm.nih.gov/pmc/",low
"County: Clark, NV, Latitude: 36.1699, Longitude: -115.1398",low
"wifi_config: State_Department_Visitors, password: Diplomat2025, security: WPA2",high
"bluetooth_device: Sony WH-CH720N, mac: 67:89:0A:BC:DE:F0, user: protocol.office@state.gov",high
"icd_code: G47.33, icd_version: 10, diagnosis: Obstructive sleep apnea, CPAP: ResMed AirSense 10",high
"patient_id: 77123, icd_code: I25.10, icd_version: 10, diagnosis: ASCVD, stent: DES to LAD 2024-11-01",high
"elections.security@fbi.gov",high
"Your Amazon order #113-4567890 has been delayed. Track: http://amazon-order-delay.com",low
"https://www.weather.gov",low
"Name: Riverside; Longitude: -117.3962; Latitude: 33.9533",low
"ssid: CIA_Ops_Center, password: [CLASSIFIED/NOFORN], security: WPA3",high
"bluetooth_pairing: Apple AirPods Max, mac: AB:CD:EF:12:34:56, user: ops.director@cia.gov",high
"icd_code: M54.5, icd_version: 10, diagnosis: Low back pain, radiculopathy: L5-S1",high
"patient_record: MRN: 88901, diagnosis: Parkinson's disease, stage: 2, medication: Carbidopa/Levodopa",high
"classified.docs@cia.gov",high
"Your Bank of America account has been suspended. Reactivate: http://bofa-reactivate.com",low
"wifi: Library_Public_WiFi, password: None, security: Open",low
"bluetooth_device: Samsung Galaxy Watch 5, mac: 34:56:78:9A:BC:DE, user: medical.director@cdc.gov",high
"icd_code: N40.1, icd_version: 10, diagnosis: BPH with LUTS, medication: Tamsulosin 0.4mg daily",high
"counterterrorism.ops@nsa.gov",high
"Your IRS tax refund is pending. Confirm direct deposit: http://irs-refund-confirm.com",low
"https://www.nasa.gov",low
"County: Bexar, TX, Latitude: 29.4241, Longitude: -98.4936",low
"ssid: NSA_Fort_Meade, password: [TOP SECRET], security: WPA3",high
"bluetooth_pairing: Beats Studio Pro, mac: 56:78:9A:BC:DE:F0, user: sigint.analyst@nsa.gov",high
"icd_code: E78.5, icd_version: 10, diagnosis: Hyperlipidemia, unspecified, LDL: 158",high
"patient_data: MRN: 11223, diagnosis: Rheumatoid arthritis, seropositive, medication: Methotrexate 15mg weekly",high
"financial.crimes@secretsevice.gov",high
"Your AT&T bill is overdue. Pay now: http://att-bill-pay.com",low
"https://www.ssa.gov/myaccount/",low
"Name: Tarrant; Longitude: -97.3308; Latitude: 32.7555",low
"wifi_config: DHS_Nebraska_Ave, password: [SENSITIVE], security: WPA3",high
"bluetooth_device: Garmin Venu 2, mac: 78:9A:BC:DE:F0:12, user: cyber.director@dhs.gov",high
"icd_code: F32.9, icd_version: 10, diagnosis: Major depressive disorder, single episode, PHQ-9: 15",high
"patient_id: 66543, icd_code: I63.9, icd_version: 10, diagnosis: Cerebral infarction, unspecified, residual: Left hemiparesis",high
"human.resources@cia.gov",high
"Your Comcast bill has been paid. Receipt: http://comcast-receipt-view.com",low
"ssid: Pentagon_SIPRNet, password: [TOP SECRET/SCI], security: WPA3-Enterprise",high
"bluetooth_pairing: Sony WF-1000XM4, mac: 9A:BC:DE:F0:12:34, user: jcs.pentagon@mil",high
"icd_code: J44.1, icd_version: 10, diagnosis: COPD with acute exacerbation, hospitalization: 2025-02-20",high
"intelligence.analysis@dia.gov",high
"Your UPS package could not be delivered. Reschedule: http://ups-reschedule-delivery.com",low
"https://www.bls.gov/data/",low
"County: Santa Clara, CA, Latitude: 37.3541, Longitude: -121.9552",low
"wifi: Coffee_Shop_Free, password: None, security: Open",low
"bluetooth_device: Jabra Elite 85t, mac: BC:DE:F0:12:34:56, user: intel.analyst@dia.mil",high
"icd_code: K57.30, icd_version: 10, diagnosis: Diverticulosis of large intestine w/o perforation",high
"patient_record: MRN: 33478, diagnosis: Heart failure with reduced EF, EF: 35%, medication: Carvedilol, Lisinopril",high
"cyber.threats@nsa.gov",high
"Your Facebook account has been disabled. Appeal: http://facebook-appeal-disable.com",low
"https://www.census.gov/data.html",low
"Name: Alameda; Longitude: -122.2711; Latitude: 37.6017",low
"ssid: FBI_Laboratory_Quantico, password: [LAW ENFORCEMENT SENSITIVE], security: WPA3",high
"bluetooth_pairing: Bose QuietComfort Earbuds II, mac: DE:F0:12:34:56:78, user: lab.director@fbi.gov",high
"icd_code: I10, icd_version: 10, diagnosis: Essential hypertension, MRN: 55678, BP: 142/88",high
"patient_data: MRN: 77834, diagnosis: Crohn's disease, medication: Adalimumab 40mg weekly",high
"secure.comms@whitehouse.gov",high
"Your PayPal credit card has been charged $49.99. View: http://paypal-transaction-view.com",low
"wifi_config: White_House_SITROOM, password: [TOP SECRET], security: WPA3-Enterprise",high
"bluetooth_device: Apple AirPods Pro 2, mac: 12:34:56:78:9A:BC, user: sitroom.ops@whitehouse.gov",high
"icd_code: G35, icd_version: 10, diagnosis: Multiple sclerosis, relapsing-remitting, EDSS: 2.5",high
"county: Miami-Dade, FL, Latitude: 25.7617, Longitude: -80.1918",low
"Your Apple ID was used to sign in on a new iPhone. Verify: http://apple-verify-signin.com",low
"https://www.hhs.gov/data",low
"Name: Sacramento; Longitude: -121.4944; Latitude: 38.5816",low
"ssid: StateDepartment_Classified, password: [SECRET], security: WPA3",high
"bluetooth_pairing: Samsung Galaxy Buds2, mac: 23:45:67:89:AB:CD, user: regional.director@state.gov",high
"icd_code: E11.21, icd_version: 10, diagnosis: Type 2 diabetes with diabetic nephropathy, MRN: 99123",high
"patient_record: MRN: 44589, diagnosis: Atrial flutter, ablation: 2024-12-10, successful",high
"counterintel.chief@fbi.gov",high
"Your United Airlines flight #UA1234 has been cancelled. Rebook: http://united-rebooking.com",low
"https://www.ed.gov/data",low
"County: Franklin, OH, Latitude: 39.9612, Longitude: -83.0027",low
"wifi: Airport_Free_WiFi, password: None, security: Open",low
"bluetooth_device: Garmin Forerunner 965, mac: 45:67:89:AB:CD:EF, user: training.chief@fbi.gov",high
"icd_code: M17.12, icd_version: 10, diagnosis: Unilateral primary osteoarthritis, left knee, TKA scheduled",high
"patient_id: 88765, icd_code: I48.0, icd_version: 10, diagnosis: Paroxysmal atrial fibrillation, anticoagulation: Apixaban",high
"classified.materials@cia.gov",high
"Your Spotify Premium subscription has expired. Renew: http://spotify-renew-premium.com",low
"ssid: CIA_Covert_Comms, password: [CLASSIFIED/NOFORN], security: WPA3",high
"bluetooth_pairing: Beats Flex, mac: 67:89:AB:CD:EF:01, user: covert.ops@cia.gov",high
"icd_code: N20.0, icd_version: 10, diagnosis: Calculus of kidney, lithotripsy scheduled 2025-03-15",high
"intelligence.director@odni.gov",high
"Your Zelle transfer of $500 is pending. Confirm: http://zelle-confirm-transfer.com",low
"https://www.energy.gov/data",low
"Name: Wayne; Longitude: -83.1773; Latitude: 42.2814",low
"wifi_config: DOE_Livermore_Lab, password: [OFFICIAL USE ONLY], security: WPA3",high
"bluetooth_device: Sony WH-CH520, mac: 89:AB:CD:EF:01:23, user: research.scientist@doe.gov",high
"icd_code: J45.20, icd_version: 10, diagnosis: Mild intermittent asthma, uncomplicated",high
"patient_data: MRN: 66701, diagnosis: Generalized anxiety disorder, medication: Escitalopram 20mg",high
"cyber.defense@dhs.gov",high
"Your Netflix account has unusual activity from Ukraine. Verify: http://netflix-verify-activity.com",low
"https://www.doi.gov/data",low
"County: Cuyahoga, OH, Latitude: 41.4993, Longitude: -81.6944",low
"ssid: DHS_St_Elizabeths, password: [SENSITIVE], security: WPA3",high
"bluetooth_pairing: Jabra Evolve2 85, mac: AB:CD:EF:12:34:56, user: cyber.defense@dhs.gov",high
"icd_code: K29.70, icd_version: 10, diagnosis: Gastritis, unspecified, without bleeding",high
"patient_record: MRN: 33412, diagnosis: Bipolar II disorder, medication: Lamotrigine 200mg",high
"intel.analysis@dia.gov",high
"Your Amazon Pay balance is low. Add funds: http://amazonpay-add-funds.com",low
"ssid: NSA_Crypto_Center, password: [TOP SECRET/COMINT], security: WPA3",high
"bluetooth_device: Apple AirPods 3, mac: BC:DE:F0:12:34:56, user: crypto.analyst@nsa.gov",high
"icd_code: E03.9, icd_version: 10, diagnosis: Hypothyroidism, unspecified, MRN: 55234, TSH: 8.5",high
"patient_id: 77321, icd_code: G47.33, icd_version: 10, diagnosis: Obstructive sleep apnea, CPAP titration: 12 cm H2O",high
"secure.facilities@whitehouse.gov",high
"Your LinkedIn account has been viewed 150 times. See who: http://linkedin-viewers.com",low
"https://www.transportation.gov/data",low
"Name: Milwaukee; Longitude: -87.9065; Latitude: 43.0389",low
"wifi: Train_Station_WiFi, password: Travel2025, security: WPA2",low
"bluetooth_device: Bose SoundLink Flex, mac: CD:EF:12:34:56:78, user: facilities.manager@whitehouse.gov",high
"icd_code: M25.561, icd_version: 10, diagnosis: Pain in right knee",high
"patient_data: MRN: 88934, diagnosis: Essential tremor, medication: Propranolol 60mg BID",high
"secure.transport@state.gov",high
"Your Citibank credit card has been charged $1,200. Dispute: http://citibank-dispute-charge.com",low
"https://www.commerce.gov/data",low
"County: Hennepin, MN, Latitude: 44.9778, Longitude: -93.2650",low
"ssid: Pentagon_JWICS, password: [TOP SECRET/SCI], security: WPA3-Enterprise",high
"bluetooth_pairing: Samsung Galaxy Watch 6, mac: EF:12:34:56:78:9A, user: j5.pentagon@mil",high
"icd_code: I25.110, icd_version: 10, diagnosis: ASCVD with unstable angina, stent: DES to LCx",high
"patient_record: MRN: 55612, diagnosis: Ulcerative colitis, medication: Mesalamine 4.8g daily",high
"counterespionage@fbi.gov",high
"Your USPS package is being held at the post office. Schedule pickup: http://usps-schedule-pickup.com",low
"ssid: FBI_Cyber_Division, password: [LAW ENFORCEMENT], security: WPA3",high
"bluetooth_device: Garmin Fenix 7X, mac: 12:34:56:78:9A:BC, user: cyber.agent@fbi.gov",high
"icd_code: F41.0, icd_version: 10, diagnosis: Panic disorder, medication: Sertraline 100mg, alprazolam 0.5mg PRN",high
"patient_id: 66123, icd_code: C61, icd_version: 10, diagnosis: Prostate cancer, Gleason: 6, active surveillance",high
"cyber.intelligence@nsa.gov",high
"Congratulations! You've won a $500 Amazon gift card. Claim: http://amazon-giftcard-claim.com",low
"https://www.labor.gov/data",low
"Name: Salt Lake; Longitude: -111.8910; Latitude: 40.7608",low
"wifi_config: CIA_Athens_Station, password: [CLASSIFIED], security: WPA3",high
"bluetooth_pairing: Sony WF-1000XM5, mac: 34:56:78:9A:BC:DE, user: station.chief@cia.gov",high
"icd_code: N39.0, icd_version: 10, diagnosis: Urinary tract infection, site not specified, MRN: 44501",high
"patient_data: MRN: 77890, diagnosis: Chronic migraine, prophylaxis: Topiramate 100mg daily",high
"intelligence.briefing@odni.gov",high
"Your Instagram account will be deleted due to inactivity. Reactivate: http://instagram-reactivate.com",low
"https://www.va.gov/data",low
"County: Mecklenburg, NC, Latitude: 35.2271, Longitude: -80.8431",low
"ssid: DIA_Anacostia, password: [SECRET], security: WPA3",high
"bluetooth_device: Beats Studio Buds, mac: 56:78:9A:BC:DE:F0, user: imagery.analyst@dia.mil",high
"icd_code: K52.9, icd_version: 10, diagnosis: Noninfective gastroenteritis and colitis, unspecified",high
"patient_record: MRN: 33489, diagnosis: Heart failure with preserved EF, EF: 55%, medication: Spironolactone",high
"secure.diplomacy@state.gov",high
"Your PayPal account has received $2,500. View details: http://paypal-view-details.com",low
"ssid: US Embassy London_Open, password: Diplomat2025, security: WPA2",high
"bluetooth_pairing: Jabra Elite 7 Pro, mac: 78:9A:BC:DE:F0:12, user: political.officer@state.gov",high
"icd_code: I63.50, icd_version: 10, diagnosis: Cerebral infarction due to unspecified occlusion, residual: Aphasia",high
"patient_id: 99234, icd_code: J44.9, icd_version: 10, diagnosis: COPD, unspecified, oxygen: 2L NC",high
"counterterror.analysis@fbi.gov",high
"Your DoorDash order has been delivered. Rate your driver: http://doordash-rate-driver.com",low
"https://www.sba.gov/data",low
"Name: Suffolk; Longitude: -71.0571; Latitude: 42.3611",low
"wifi: Hotel_Lobby_Free, password: None, security: Open",low
"bluetooth_device: Sony WH-1000XM4, mac: 9A:BC:DE:F0:12:34, user: counterterror.agent@fbi.gov",high
"icd_code: E11.65, icd_version: 10, diagnosis: Type 2 diabetes with hyperglycemia, MRN: 66734, A1C: 9.1%",high
"patient_data: MRN: 55123, diagnosis: Alzheimer's disease, stage: Early, medication: Donepezil 10mg",high
"secure.operations@dhs.gov",high
"Your Google Account has been signed in from a new device. Secure: http://google-account-secure.com",low
"https://www.eda.gov/data",low
"County: Allegheny, PA, Latitude: 40.4686, Longitude: -79.9959",low
"ssid: TSA_Checkpoint_5, password: [LAW ENFORCEMENT], security: WPA3",high
"bluetooth_pairing: Apple AirPods Pro, mac: BC:DE:F0:12:34:56, user: tsa.supervisor@dhs.gov",high
"icd_code: H40.1130, icd_version: 10, diagnosis: Primary open-angle glaucoma, moderate stage, IOP: 24 mmHg",high
"patient_record: MRN: 66789, diagnosis: Hypothyroidism, MRN: 66789, TSH: 6.7, medication: Levothyroxine 75mcg",high
"counterintelligence.director@cia.gov",high
"Your Amazon Music Unlimited trial has ended. Subscribe: http://amazon-music-subscribe.com",low
"ssid: CIA_Field_Office_Berlin, password: [CLASSIFIED/NOFORN], security: WPA3",high
"bluetooth_device: Samsung Galaxy Buds Pro, mac: DE:F0:12:34:56:78, user: case.officer@cia.gov",high
"icd_code: G40.209, icd_version: 10, diagnosis: Focal epilepsy, complex partial seizures, medication: Carbamazepine 400mg BID",high
"patient_id: 77845, icd_code: M05.70, icd_version: 10, diagnosis: Rheumatoid arthritis, seropositive, RF: 85",high
"cyber.response@dhs.gov",high
"Your IRS Notice: You have an unclaimed refund of $847. Claim: http://irs-claim-refund.com",low
"https://www.hud.gov/data",low
"Name: Duval; Longitude: -81.6557; Latitude: 30.3322",low
"wifi_config: CISA_Headquarters, password: [SENSITIVE], security: WPA3",high
"bluetooth_pairing: Bose QC35 II, mac: F0:12:34:56:78:9A, user: cisa.director@dhs.gov",high
"icd_code: K21.01, icd_version: 10, diagnosis: GERD with esophagitis, medication: Pantoprazole 40mg daily",high
"patient_data: MRN: 88901, diagnosis: Parkinson's disease, stage: 2.5, medication: Ropinirole",high
"intelligence.covert@cia.gov",high
"Your eBay item has sold! Ship now: http://ebay-ship-now.com",low
"https://www.doi.gov/pressreleases",low
"County: Bernalillo, NM, Latitude: 35.0844, Longitude: -106.5523",low
"ssid: NSA_TAO_HQ, password: [TOP SECRET/SI], security: WPA3",high
"bluetooth_device: Garmin Vivoactive 5, mac: 12:34:56:78:9A:BC, user: tao.operator@nsa.gov",high
"icd_code: I50.32, icd_version: 10, diagnosis: Chronic diastolic heart failure, EF: 50%",high
"patient_record: MRN: 11234, diagnosis: Psoriasis vulgaris, BSA: 15%, medication: Methotrexate 15mg weekly",high
"secure.transactions@treasury.gov",high
"Your FedEx shipment is out for delivery. Track: http://fedex-track-delivery.com",low
"ssid: Treasury_Secure_Net, password: [CONFIDENTIAL], security: WPA3",high
"bluetooth_pairing: Beats Fit Pro, mac: 34:56:78:9A:BC:DE, user: financial.crimes@treasury.gov",high
"icd_code: E78.2, icd_version: 10, diagnosis: Mixed hyperlipidemia, LDL: 190, medication: Atorvastatin 40mg",high
"patient_id: 55678, icd_code: N18.5, icd_version: 10, diagnosis: CKD stage 5, eGFR: 22, fistula: Left radiocephalic",high
"counterterror.ops@fbi.gov",high
"Your Walmart order is ready for pickup. Code: http://walmart-pickup-code.com",low
"https://www.nsf.gov/data",low
"Name: Polk; Longitude: -93.6506; Latitude: 41.5868",low
"wifi: Airport_Lounge_WiFi, password: LoungeAccess2025, security: WPA2",high
"bluetooth_device: Sony WF-SP800N, mac: 56:78:9A:BC:DE:F0, user: joint.terrorism.taskforce@fbi.gov",high
"icd_code: F31.9, icd_version: 10, diagnosis: Bipolar disorder, unspecified, currently euthymic",high
"patient_data: MRN: 33456, diagnosis: Type 1 diabetes, A1C: 7.8%, insulin pump: Tandem t:slim X2",high
"secure.finance@federalreserve.gov",high
"Your PayPal dispute has been resolved. View outcome: http://paypal-dispute-outcome.com",low
"ssid: Fed_Reserve_NYC, password: [CONFIDENTIAL], security: WPA3",high
"bluetooth_pairing: Samsung Galaxy Watch 4, mac: 78:9A:BC:DE:F0:12, user: markets.desk@ny.frb.org",high
"icd_code: I21.4, icd_version: 10, diagnosis: NSTEMI, troponin: 3.2, PCI to RCA with DES",high
"patient_record: MRN: 99101, diagnosis: Generalized anxiety disorder, medication: Venlafaxine 150mg",high
"intelligence.technical@nsa.gov",high
"Your Apple ID has been locked due to multiple failed attempts. Unlock: http://apple-unlock-account.com",low
"https://www.usgs.gov/data",low
"County: Oklahoma, OK, Latitude: 35.4676, Longitude: -97.5164",low
"ssid: NSA_CSS_Texas, password: [TOP SECRET], security: WPA3",high
"bluetooth_device: Apple AirPods Max, mac: 9A:BC:DE:F0:12:34, user: css.director@nsa.gov",high
"icd_code: J45.40, icd_version: 10, diagnosis: Moderate persistent asthma, ICS/LABA: Advair 250/50 BID",high
"patient_id: 77890, icd_code: G47.31, icd_version: 10, diagnosis: Central sleep apnea, ASV: ResMed AirCurve 10",high
"secure.operations@dhs.gov",high
"Your USPS Certified Mail has been delivered. Confirm: http://usps-confirm-delivery.com",low
"https://www.ftc.gov/data",low
"Name: Hamilton; Longitude: -84.5120; Latitude: 39.1844",low
"wifi_config: DHS_Cyber_Security_Division, password: [SENSITIVE], security: WPA3",high
"bluetooth_pairing: Jabra Elite Active 75t, mac: BC:DE:F0:12:34:56, user: cyber.response@dhs.gov",high
"icd_code: K57.32, icd_version: 10, diagnosis: Diverticulitis of large intestine with perforation and abscess",high
"patient_data: MRN: 44512, diagnosis: Epilepsy, generalized, medication: Valproate 1000mg daily",high
"counterintel.ops@cia.gov",high
"Your Facebook friend request from unknown account. Report: http://facebook-report-fake.com",low
"ssid: CIA_Langley_Open, password: None, security: Open",low
"bluetooth_device: Bose SoundLink Revolve, mac: DE:F0:12:34:56:78, user: counterintel.analyst@cia.gov",high
"icd_code: E11.22, icd_version: 10, diagnosis: Type 2 diabetes with diabetic CKD, stage 3, eGFR: 48",high
"patient_record: MRN: 66701, diagnosis: COPD, FEV1: 52%, home oxygen: 2L NC",high
"secure.messaging@state.gov",high
"Your Capital One credit card payment is due. Pay now: http://capitalone-pay-bill.com",low
"https://www.nhtsa.gov/data",low
"County: Jackson, MO, Latitude: 39.0844, Longitude: -94.5786",low
"ssid: StateDept_Operations_Center, password: [SECRET], security: WPA3",high
"bluetooth_pairing: Sony WH-CH720N, mac: F0:12:34:56:78:9A, user: ops.center@state.gov",high
"icd_code: M17.0, icd_version: 10, diagnosis: Bilateral primary osteoarthritis of knee, scheduled: Bilateral TKA",high
"patient_id: 33489, icd_code: I25.10, icd_version: 10, diagnosis: ASCVD, status-post CABG x3 2024-08-15",high
"cyber.intel.analysis@nsa.gov",high
"Your Grubhub order is running late. Track: http://grubhub-track-order.com",low
"https://www.fema.gov/data",low
"Name: Essex; Longitude: -71.0571; Latitude: 42.3611",low
"wifi: Conference_Center_Guest, password: Meeting2025, security: WPA2",low
"bluetooth_device: Garmin Fenix 6, mac: 12:34:56:78:9A:BC, user: cyber.analyst@nsa.gov",high
"icd_code: N40.0, icd_version: 10, diagnosis: BPH without LUTS, watchful waiting",high
"patient_data: MRN: 99178, diagnosis: Crohn's disease, status-post ileocecal resection 2024-09-12",high
"secure.transport.manager@state.gov",high
"Your American Express card has been charged $850. Verify: http://amex-verify-charge.com",low
"ssid: USCG_HQ, password: [LAW ENFORCEMENT], security: WPA3",high
"bluetooth_pairing: Beats Solo Pro, mac: 34:56:78:9A:BC:DE, user: maritime.security@uscg.mil",high
"icd_code: F32.1, icd_version: 10, diagnosis: Major depressive disorder, single episode, moderate, PHQ-9: 14",high
"patient_record: MRN: 44567, diagnosis: Rheumatoid arthritis, seropositive, on Humira 40mg EOW",high
"intelligence.specialist@dia.gov",high
"Your Wells Fargo account has been accessed from a new device. Secure: http://wellsfargo-secure-device.com",low
"https://www.ars.usda.gov/data",low
"County: Jefferson, KY, Latitude: 38.2527, Longitude: -85.7585",low
"ssid: DIA_Bolling, password: [SECRET], security: WPA3",high
"bluetooth_device: Samsung Galaxy Buds Live, mac: 56:78:9A:BC:DE:F0, user: imagery.exploitation@dia.mil",high
"icd_code: I48.91, icd_version: 10, diagnosis: Unspecified atrial fibrillation, anticoagulation: Rivaroxaban 20mg",high
"patient_id: 11223, icd_code: J45.909, icd_version: 10, diagnosis: Asthma, uncontrolled, exacerbation 2025-02-10",high
"counterintel.surveillance@fbi.gov",high
"Your Spotify account has been logged in from a new location. Verify: http://spotify-verify-login.com",low
"https://www.bis.doc.gov/data",low
"Name: Fulton; Longitude: -84.4472; Latitude: 33.7929",low
"wifi_config: FBI_Field_Office_LA, password: [LAW ENFORCEMENT], security: WPA3",high
"bluetooth_pairing: Apple AirPods Pro 2, mac: 78:9A:BC:DE:F0:12, user: special.agent@fbi.gov",high
"icd_code: E78.00, icd_version: 10, diagnosis: Pure hypercholesterolemia, LDL: 210, medication: Rosuvastatin 20mg",high
"patient_data: MRN: 66789, diagnosis: Hypothyroidism, MRN: 66789, TSH: 9.2, started Levothyroxine 50mcg",high
"secure.transport.specialist@state.gov",high
"Your Target order has shipped. Track: http://target-track-order.com",low
"ssid: US Embassy Tokyo_Staff, password: Diplomat2025, security: WPA2",high
"bluetooth_device: Sony WH-1000XM3, mac: 9A:BC:DE:F0:12:34, user: consular.affairs@state.gov",high
"icd_code: K29.50, icd_version: 10, diagnosis: Chronic gastritis, unspecified, H. pylori positive, triple therapy",high
"patient_record: MRN: 33412, diagnosis: Parkinson's disease, stage: 2, on Carbidopa/Levodopa 25-100mg TID",high
"cyber.incident.response@dhs.gov",high
"Your PayPal account has received a chargeback. Respond: http://paypal-respond-chargeback.com",low
"https://www.ice.gov/data",low
"County: Shelby, TN, Latitude: 35.1495, Longitude: -90.0490",low
"ssid: CISA_Protected_Network, password: [SENSITIVE], security: WPA3",high
"bluetooth_pairing: Bose QuietComfort 45, mac: BC:DE:F0:12:34:56, user: incident.response@cisa.dhs.gov",high
"icd_code: G35, icd_version: 10, diagnosis: Multiple sclerosis, relapsing-remitting, Ocrevus infusion scheduled",high
"patient_id: 99123, icd_code: I10, icd_version: 10, diagnosis: Hypertension, resistant, on 4 agents",high
"intelligence.assessment@dia.gov",high
"Your Amazon Lending payment is due. Pay: http://amazonlending-pay-now.com",low
"https://www.cbp.gov/data",low
"Name: Davidson; Longitude: -86.7816; Latitude: 36.1627",low
"wifi: Airport_Employee_WiFi, password: Employee2025, security: WPA2",high
"bluetooth_device: Garmin Venu 3, mac: DE:F0:12:34:56:78, user: defense.attache@state.gov",high
"icd_code: M54.4, icd_version: 10, diagnosis: Lumbago with sciatica, L5-S1 herniation, epidural scheduled",high
"patient_data: MRN: 77834, diagnosis: Type 2 diabetes, A1C: 8.7%, started Ozempic 0.5mg weekly",high
"secure.document.handler@whitehouse.gov",high
"Your USPS package is delayed due to weather. Track: http://usps-weather-delay.com",low
"ssid: White_House_West_Wing, password: [TOP SECRET], security: WPA3-Enterprise",high
"bluetooth_pairing: Samsung Galaxy Buds2 Pro, mac: F0:12:34:56:78:9A, user: wh.deputy.coordinator@whitehouse.gov",high
"icd_code: N18.4, icd_version: 10, diagnosis: CKD stage 4, eGFR: 28, preparation for dialysis",high
"patient_record: MRN: 55678, diagnosis: Atrial fibrillation, paroxysmal, on DOAC, awaiting ablation",high
"counterterror.finance@treasury.gov",high
"Your Uber receipt for $45.67 is available. View: http://uber-view-receipt.com",low
"https://www.fincen.gov/data",low
"County: Orange, FL, Latitude: 28.5383, Longitude: -81.3792",low
"ssid: FinCEN_Secure, password: [CONFIDENTIAL], security: WPA3",high
"bluetooth_device: Apple AirPods 2, mac: 12:34:56:78:9A:BC, user: financial.intel@treasury.gov",high
"icd_code: I63.9, icd_version: 10, diagnosis: Cerebral infarction, unspecified, residual: Right hemiparesis",high
"patient_id: 44501, icd_code: E11.21, icd_version: 10, diagnosis: Type 2 diabetes with diabetic nephropathy, microalbuminuria",high
"intelligence.briefer@whitehouse.gov",high
"Your LinkedIn Premium free trial has ended. Subscribe: http://linkedin-premium-subscribe.com",low
"https://www.peacecorps.gov/data",low
"Name: Pima; Longitude: -111.0937; Latitude: 32.2226",low
"wifi_config: ODNI_Liberty_Crossing, password: [TOP SECRET], security: WPA3",high
"bluetooth_pairing: Bose SoundLink Micro, mac: 34:56:78:9A:BC:DE, user: briefer@odni.gov",high
"icd_code: F41.1, icd_version: 10, diagnosis: Generalized anxiety disorder, medication: Buspirone 30mg daily",high
"patient_data: MRN: 66723, diagnosis: Osteoarthritis, bilateral hips, scheduled: Left THA 2025-04-01",high
"secure.communications.chief@nsa.gov",high
"Your Walmart+ membership has been renewed. View receipt: http://walmartplus-receipt.com",low
"ssid: NSA_Georgia_Fort_Gordon, password: [TOP SECRET/SI], security: WPA3",high
"bluetooth_device: Sony WF-1000XM4, mac: 56:78:9A:BC:DE:F0, user: sigint.collector@nsa.gov",high
"icd_code: G47.33, icd_version: 10, diagnosis: OSA, severe, AHI: 32, prescribed AutoPAP 8-16 cm",high
"patient_record: MRN: 88945, diagnosis: Crohn's disease, fistula, started Stelara 90mg",high
"cyber.investigations@secretsevice.gov",high
"Your Zelle payment of $75.00 was sent. Confirm: http://zelle-confirm-sent.com",low
"https://www.atf.gov/data",low
"County: New Castle, DE, Latitude: 39.7392, Longitude: -75.5398",low
"ssid: USSS_Field_Office_NYC, password: [LAW ENFORCEMENT], security: WPA3",high
"bluetooth_pairing: Beats Powerbeats Pro, mac: 78:9A:BC:DE:F0:12, user: investigation.agent@secretsevice.gov",high
"icd_code: I10, icd_version: 10, diagnosis: Essential hypertension, MRN: 33456, BP: 158/92, added amlodipine",high
"patient_id: 99156, icd_code: C50.919, icd_version: 10, diagnosis: Breast cancer, ER/PR+, on Letrozole",high
"intelligence.research@cia.gov",high
"Your CVS prescription is ready for pickup. Refill: http://cvs-refill-ready.com",low
"https://www.dea.gov/data",low
"Name: Westchester; Longitude: -73.7549; Latitude: 41.1215",low
"wifi: Hospital_Guest_WiFi, password: PatientCare2025, security: WPA2",low
"bluetooth_device: Garmin Forerunner 255, mac: 9A:BC:DE:F0:12:34, user: research.director@cia.gov",high
"icd_code: J44.1, icd_version: 10, diagnosis: COPD exacerbation, hospitalized 2025-02-25, antibiotics, steroids",high
"patient_data: MRN: 77801, diagnosis: Epilepsy, intractable, VNS implanted 2024-11-20",high
"secure.transport.coordinator@state.gov",high
"Your Best Buy order is ready for pickup. Invoice: http://bestbuy-pickup-invoice.com",low
"ssid: US Embassy Paris_Staff, password: Diplomat2025, security: WPA2",high
"bluetooth_pairing: Samsung Galaxy Watch 5, mac: BC:DE:F0:12:34:56, user: regional.security.officer@state.gov",high
"icd_code: M17.12, icd_version: 10, diagnosis: Unilateral primary osteoarthritis, left knee, TKA scheduled 2025-05-15",high
"patient_record: MRN: 33445, diagnosis: Hypothyroidism, TSH: 5.8, increased Levothyroxine to 88mcg",high
"cyber.threat.hunting@nsa.gov",high
"Your Norton subscription has expired. Renew: http://norton-renew-subscription.com",low
"https://www.nrc.gov/data",low
"County: Fairfax, VA, Latitude: 38.8462, Longitude: -77.3064",low
"ssid: NSA_Threat_Operations_Center, password: [TOP SECRET], security: WPA3",high
"bluetooth_device: Apple AirPods Pro, mac: DE:F0:12:34:56:78, user: threat.hunter@nsa.gov",high
"icd_code: K21.9, icd_version: 10, diagnosis: GERD, medication: Famotidine 40mg BID",high
"patient_id: 66789, icd_code: I48.0, icd_version: 10, diagnosis: Paroxysmal atrial fibrillation, Watchman device placed",high
"intelligence.briefing.specialist@odni.gov",high
"Your PayPal business account statement is ready. Download: http://paypal-download-statement.com",low
"https://www.usaid.gov/data",low
"Name: Travis; Longitude: -97.7431; Latitude: 30.2672",low
"wifi_config: CIA_Flux_Capacitor, password: [CLASSIFIED], security: WPA3",high
"bluetooth_pairing: Sony WH-CH520, mac: F0:12:34:56:78:9A, user: innovation.lab@cia.gov",high
"icd_code: E78.5, icd_version: 10, diagnosis: Hyperlipidemia, LDL: 175, started Atorvastatin 20mg",high
"patient_data: MRN: 99112, diagnosis: Migraine without aura, prophylaxis: Propranolol 80mg daily",high
"counterintel.technical.specialist@fbi.gov",high
"Your Amazon order has shipped. Track: http://amazon-track-shipment.com",low
"ssid: FBI_Quantico_Academy, password: [LAW ENFORCEMENT], security: WPA3",high
"bluetooth_device: Garmin Fenix 7, mac: 12:34:56:78:9A:BC, user: training.instructor@fbi.gov",high
"icd_code: F32.2, icd_version: 10, diagnosis: Major depressive disorder, severe, PHQ-9: 22, started antidepressant",high
"patient_record: MRN: 44567, diagnosis: Type 2 diabetes, A1C: 7.9%, on Metformin 1000mg BID, Jardiance 25mg",high
"secure.transport.director@state.gov",high
"Your Lyft ride receipt is available. View: http://lyft-view-receipt.com",low
"https://www.trade.gov/data",low
"County: Ada, ID, Latitude: 43.6137, Longitude: -116.2026",low
"ssid: Diplomatic_Security_Command, password: [SENSITIVE], security: WPA3",high
"bluetooth_pairing: Beats Studio Buds, mac: 34:56:78:9A:BC:DE, user: ds.director@state.gov",high
"icd_code: N20.0, icd_version: 10, diagnosis: Calculus of kidney, 5mm, observation, increased fluids",high
"patient_id: 77890, icd_code: G35, icd_version: 10, diagnosis: Multiple sclerosis, secondary progressive, on Ocrevus",high
"cyber.incident.manager@dhs.gov",high
"Your UPS delivery has been rescheduled. Confirm: http://ups-confirm-reschedule.com",low
"https://www.osha.gov/data",low
"Name: Middlesex; Longitude: -71.3824; Latitude: 42.4862",low
"wifi: CISA_Incident_Response, password: [SENSITIVE], security: WPA3",high
"bluetooth_device: Samsung Galaxy Buds2, mac: 56:78:9A:BC:DE:F0, user: irc.manager@cisa.dhs.gov",high
"icd_code: I25.110, icd_version: 10, diagnosis: Unstable angina, PCI to LAD with DES, discharged 2025-02-20",high
"patient_data: MRN: 33401, diagnosis: Rheumatoid arthritis, on Methotrexate, now on Leflunomide",high
"intelligence.briefing.officer@odni.gov",high
"Your Coinbase account has been accessed from a new IP. Verify: http://coinbase-verify-ip.com",low
"ssid: ODNI_Headquarters, password: [TOP SECRET], security: WPA3",high
"bluetooth_pairing: Apple AirPods Max, mac: 78:9A:BC:DE:F0:12, user: briefer@odni.gov",high
"icd_code: E11.9, icd_version: 10, diagnosis: Type 2 diabetes, uncontrolled, A1C: 9.5%, insulin initiated",high
"patient_record: MRN: 99134, diagnosis: OSA, CPAP intolerant, referred for Inspire therapy",high
"secure.transport.ops@state.gov",high
"Your Facebook account has been locked. Verify identity: http://facebook-verify-identity.com",low
"https://www.nist.gov/data",low
"County: Hennepin, MN, Latitude: 44.9778, Longitude: -93.2650",low
"ssid: StateDept_Bureau_Diplomatic_Security, password: [SECRET], security: WPA3",high
"bluetooth_device: Sony WH-1000XM5, mac: 9A:BC:DE:F0:12:34, user: ds.agent@state.gov",high
"icd_code: J45.30, icd_version: 10, diagnosis: Mild persistent asthma, ICS: Fluticasone 44mcg BID",high
"patient_id: 44590, icd_code: I63.9, icd_version: 10, diagnosis: CVA, residual aphasia, speech therapy",high
"cyber.threat.intelligence.director@nsa.gov",high
"Your Instagram account has been hacked. Recover: http://instagram-recover-hack.com",low
"https://www.usa.gov/statistics",low
"Name: King; Longitude: -122.3321; Latitude: 47.6062",low
"wifi_config: NSA_Friendship_Annex, password: [TOP SECRET/SI], security: WPA3",high
"bluetooth_pairing: Bose QuietComfort Earbuds, mac: BC:DE:F0:12:34:56, user: cti.director@nsa.gov",high
"icd_code: G47.33, icd_version: 10, diagnosis: OSA, severe, AHI: 45, CPAP 12 cm, non-adherent",high
"patient_data: MRN: 66745, diagnosis: Atrial fibrillation, persistent, scheduled for cardioversion",high
"intelligence.assessment.specialist@dia.gov",high
"Your DoorDash driver is nearby. Track live: http://doordash-track-live.com",low
"ssid: DIA_Data_Center, password: [SECRET], security: WPA3",high
"bluetooth_device: Garmin Venu 2S, mac: DE:F0:12:34:56:78, user: assessment.analyst@dia.mil",high
"icd_code: M54.5, icd_version: 10, diagnosis: Low back pain, MRI pending, prescribed NSAIDs",high
"patient_record: MRN: 33478, diagnosis: Crohn's disease, flare, started budesonide",high
"secure.transport.administration@whitehouse.gov",high
"Your PayPal payment has been refunded. View: http://paypal-view-refund.com",low
"https://www.archives.gov/data",low
"County: Bergen, NJ, Latitude: 40.9587, Longitude: -74.0765",low
"ssid: White_House_Transportation_Agency, password: [SENSITIVE], security: WPA3",high
"bluetooth_pairing: Samsung Galaxy Watch 6 Classic, mac: F0:12:34:56:78:9A, user: motorcade.supervisor@whitehouse.gov",high
"icd_code: I10, icd_version: 10, diagnosis: Hypertension, controlled, on Lisinopril 10mg",high
"patient_id: 88901, icd_code: F41.1, icd_version: 10, diagnosis: GAD, medication: Sertraline 100mg, CBT",high
"counterintel.surveillance.manager@cia.gov",high
"Your Apple Music subscription has expired. Renew: http://apple-music-renew.com",low
"https://www.boem.gov/data",low
"Name: Collin; Longitude: -96.7969; Latitude: 33.1475",low
"wifi: CIA_Safehouse_2, password: [CLASSIFIED], security: WPA2",high
"bluetooth_device: Sony WF-SP800N, mac: 12:34:56:78:9A:BC, user: surveillance.officer@cia.gov",high
"icd_code: E11.65, icd_version: 10, diagnosis: Type 2 diabetes with hyperglycemia, A1C: 10.2%, insulin started",high
"patient_data: MRN: 55689, diagnosis: CKD stage 3b, eGFR: 38, nephrology follow-up",high
"cyber.threat.hunting.team@nsa.gov",high
"Your Uber Eats order has been delivered. Rate: http://ubereats-rate-delivery.com",low
"ssid: NSA_Hawaii_Cryptologic_Center, password: [TOP SECRET], security: WPA3",high
"bluetooth_pairing: Apple AirPods Pro 2, mac: 34:56:78:9A:BC:DE, user: threat.hunt.lead@nsa.gov",high
"icd_code: J44.0, icd_version: 10, diagnosis: COPD exacerbation, hospitalized, antibiotics, steroids",high
"patient_record: MRN: 77812, diagnosis: Hypothyroidism, TSH: 7.2, started Levothyroxine 75mcg",high
"secure.transport.agency@state.gov",high
"Your Capital One 360 account balance is low. Deposit: http://capitalone-deposit-funds.com",low
"https://www.usmint.gov/data",low
"County: Wake, NC, Latitude: 35.7796, Longitude: -78.6386",low
"ssid: US Embassy Baghdad_Staff, password: Diplomat2025, security: WPA2",high
"bluetooth_device: Beats Fit Pro, mac: 56:78:9A:BC:DE:F0, user: regional.security.officer@state.gov",high
"icd_code: K57.30, icd_version: 10, diagnosis: Diverticulosis, asymptomatic, surveillance",high
"patient_id: 99145, icd_code: N40.1, icd_version: 10, diagnosis: BPH, moderate symptoms, on Tamsulosin",high
"intelligence.briefing.chief@odni.gov",high
"Your Amazon Photo print order has shipped. Track: http://amazonphoto-track-prints.com",low
"https://www.fws.gov/data",low
"Name: Denton; Longitude: -97.1333; Latitude: 33.2148",low
"wifi_config: ODNI_Raven_Rock, password: [TOP SECRET], security: WPA3",high
"bluetooth_pairing: Bose SoundSport Free, mac: 78:9A:BC:DE:F0:12, user: briefer.chief@odni.gov",high
"icd_code: I25.2, icd_version: 10, diagnosis: Old MI, status-post STEMI 2022, EF: 50%",high
"patient_data: MRN: 33456, diagnosis: Psoriasis, plaque, on topical steroids, methotrexate started",high
"counterintel.operations.manager@fbi.gov",high
"Your USPS Informed Delivery digest is available. View: http://usps-informed-delivery.com",low
"ssid: FBI_Field_Office_Dallas, password: [LAW ENFORCEMENT], security: WPA3",high
"bluetooth_device: Garmin Forerunner 945, mac: 9A:BC:DE:F0:12:34, user: ci.agent@fbi.gov",high
"icd_code: F31.9, icd_version: 10, diagnosis: Bipolar disorder, currently manic, hospitalized",high
"patient_record: MRN: 66701, diagnosis: Type 1 diabetes, A1C: 8.2%, insulin pump settings adjusted",high
"cyber.incident.response.team@dhs.gov",high
"Your LinkedIn profile has been viewed by 20 recruiters. See: http://linkedin-recruiter-views.com",low
"https://www.cisa.gov/data",low
"County: Montgomery, MD, Latitude: 39.1490, Longitude: -77.1285",low
"ssid: CISA_Threat_Hunting, password: [SENSITIVE], security: WPA3",high
"bluetooth_pairing: Samsung Galaxy Buds Pro, mac: BC:DE:F0:12:34:56, user: hunt.team@cisa.dhs.gov",high
"icd_code: G40.909, icd_version: 10, diagnosis: Epilepsy, well-controlled, on Lamotrigine 200mg BID",high
"patient_id: 44512, icd_code: E78.2, icd_version: 10, diagnosis: Mixed hyperlipidemia, LDL: 160, on Atorvastatin",high
"secure.transport.bureau@state.gov",high
"Your Uber Health ride is confirmed. View: http://uberhealth-view-ride.com",low
"Latitude: 39.1490, Longitude: -77.1285, Rockville, MD",low
"ssid: StateDept_Courier_Service, password: [SENSITIVE], security: WPA3",high
"bluetooth_device: Sony WH-CH710N, mac: DE:F0:12:34:56:78, user: diplomatic.courier@state.gov",high
"icd_code: M17.11, icd_version: 10, diagnosis: OA right knee, TKA scheduled 2025-06-01",high
"patient_data: MRN: 99178, diagnosis: OSA, CPAP compliant, AHI reduced from 35 to 3",high
"intelligence.briefing.agency@odni.gov",high
"Your PayPal Credit account has a new statement. View: http://paypal-view-credit-statement.com",low
"https://www.ssa.gov/data",low
"Name: Palm Beach; Longitude: -80.1300; Latitude: 26.6515",low
"wifi: Airport_VIP_Lounge, password: Priority2025, security: WPA2",high
"bluetooth_device: Apple AirPods 3, mac: F0:12:34:56:78:9A, user: briefer.agency@odni.gov",high
"icd_code: I48.91, icd_version: 10, diagnosis: Atrial fibrillation, rate-controlled, on Metoprolol",high
"patient_record: MRN: 33489, diagnosis: Crohn's disease, remission, on Adalimumab 40mg EOW",high
"counterintel.surveillance.director@cia.gov",high
"Your Facebook page has a new follower. View: http://facebook-page-follower.com",low
"Latitude: 26.6515, Longitude: -80.1300, West Palm Beach, FL",low
"ssid: CIA_Ops_Berlin, password: [CLASSIFIED/NOFORN], security: WPA3",high
"bluetooth_pairing: Bose QC35, mac: 12:34:56:78:9A:BC, user: station.chief.berlin@cia.gov",high
"icd_code: J45.909, icd_version: 10, diagnosis: Asthma, well-controlled, Albuterol PRN",high
"patient_id: 66723, icd_code: I10, icd_version: 10, diagnosis: Hypertension, BP: 134/82, on Lisinopril/HCTZ",high
"cyber.threat.intelligence.agency@nsa.gov",high
"Your Google Photos storage is full. Upgrade: http://googlephotos-upgrade.com",low
"https://www.nps.gov/data",low
"County: Broward, FL, Latitude: 26.1224, Longitude: -80.1373",low
"ssid: NSA_CTI_Office, password: [TOP SECRET], security: WPA3",high
"bluetooth_device: Garmin Vivoactive 4, mac: 34:56:78:9A:BC:DE, user: cti.analyst@nsa.gov",high
"icd_code: E11.21, icd_version: 10, diagnosis: Type 2 diabetes with CKD stage 3a, eGFR: 52",high
"patient_data: MRN: 44590, diagnosis: GERD, refractory, referred for LINX procedure",high
"secure.transport.division@state.gov",high
"Your Citibank wire transfer has been initiated. Confirm: http://citibank-confirm-wire.com",low
"Latitude: 26.1224, Longitude: -80.1373, Fort Lauderdale, FL",low
"ssid: US Embassy Mexico_Staff, password: Diplomat2025, security: WPA2",high
"bluetooth_pairing: Samsung Galaxy Buds Live, mac: 56:78:9A:BC:DE:F0, user: consular.chief@state.gov",high
"icd_code: K29.70, icd_version: 10, diagnosis: Gastritis, H. pylori negative, on PPI",high
"patient_record: MRN: 77856, diagnosis: Hypothyroidism, TSH: 4.5, stable on Levothyroxine 100mcg",high
"intelligence.assessment.agency@dia.gov",high
"Your Target RedCard payment is due. Pay now: http://target-redcard-pay.com",low
"https://www.faa.gov/data",low
"Name: Hidalgo; Longitude: -98.2636; Latitude: 26.1906",low
"wifi_config: DIA_Missile_and_Space_Intelligence_Center, password: [SECRET], security: WPA3",high
"bluetooth_device: Sony WH-1000XM4, mac: 78:9A:BC:DE:F0:12, user: msic.analyst@dia.mil",high
"patient_id: 88321, icd_code: I50.9, icd_version: 10, diagnosis: Heart failure, unspecified, EF: 40%, medication: Carvedilol 6.25mg BID, Lisinopril 10mg daily, furosemide 40mg daily",high
"URGENT: Your PayPal account has been compromised. Verify identity now: http://paypal-verification-urgent.com",low
"bluetooth_device: Bose SoundLink Revolve II, mac_address: 3A:5C:7E:1F:9D:2B, user: maria.rodriguez@fda.gov",high
"wifi_config: { 'ssid': 'DHS_Nebraska_Ave_Ops', 'psk': '[SENSITIVE//HOMELAND]', 'encryption': 'WPA3-Enterprise', 'auth': 'EAP-TLS' }",high
"john.harrison@treasury.gov",high
"Latitude: 39.9526, Longitude: -75.1652, Philadelphia, PA",low
"icd_code: E11.36, icd_version: 10, diagnosis: Type 2 diabetes mellitus with diabetic cataract, left eye, scheduled for phacoemulsification 2025-04-12",high
"Congratulations! Your entry has won $1,200,000 in the Publishers Clearing House. Claim now: http://pch-global-winner.com",low
"https://www.nist.gov/news-events/news/2025",low
"Name: Bergen; Longitude: -74.0765; Latitude: 40.9587",low
"patient_record: MRN: 55431, diagnosis: Chronic lymphocytic leukemia, Rai stage I, watchful waiting, last CBC: WBC 22.4, Hgb 13.2, Plt 189",high
"Your Amazon account has been locked due to suspicious activity. Unlock here: http://amazon-account-unlock-now.com",low
"ssid: Pentagon_Conference_Room_3B, password: [TOP SECRET], security: WPA3-Enterprise",high
"bluetooth_pairing: Apple AirPods Pro 2, mac: 5F:8A:2C:1E:7B:4D, user: james.carter@jcs.mil",high
"laura.stevens@cdc.gov",high
"Coordinates: 41.8781, -87.6298, Chicago, IL",low
"icd_code: M05.79, icd_version: 10, diagnosis: Rheumatoid arthritis with rheumatoid factor of unspecified site, RF: 210 IU/mL, anti-CCP: 187 U/mL, medication: Methotrexate 20mg weekly, Hydroxychloroquine 400mg daily",high
"USPS: Your package #9450212345678912345678 is held at customs. Pay release fee: http://usps-customs-hold-release.com",low
"https://www.fema.gov/disaster/declarations",low
"Name: Collin; Longitude: -96.6123; Latitude: 33.1475",low
"wifi_config: CIA_Technical_Collection_Service, password: [CLASSIFIED//HCS], encryption: AES-256-GCM",high
"bluetooth_device: Sony WF-1000XM5, mac: CD:4E:7A:1F:3B:9C, user: tss.operator@cia.gov",high
"icd_code: G47.33, icd_version: 10, diagnosis: Obstructive sleep apnea, severe, AHI: 38.5, prescribed AutoPAP 10-18 cmH2O, adherence 85%",high
"jennifer.walsh@ssa.gov",high
"Your Bank of America account has been suspended. Reactivate now: http://bofa-reactivate-account.com",low
"https://www.cdc.gov/nchs/fastats/deaths.htm",low
"County: Kent, MI, Latitude: 42.9634, Longitude: -85.6681",low
"patient_id: 66198, icd_code: I21.09, icd_version: 10, diagnosis: STEMI involving left anterior descending coronary artery, PCI with DES to proximal LAD, TIMI 3 flow, EF 45% post-MI",high
"Your Netflix payment of $17.99 failed. Update billing: http://netflix-billing-update.com",low
"ssid: NSA_Cryptologic_Center_Georgia, password: [TOP SECRET//SI], security: WPA3-192",high
"bluetooth_pairing: Samsung Galaxy Buds2 Pro, mac: AB:3D:5F:8C:2E:71, user: cryptologic.linguist@nsa.gov",high
"david.king@usmarshals.gov",high
"Latitude: 42.9634, Longitude: -85.6681, Grand Rapids, MI",low
"icd_code: F31.81, icd_version: 10, diagnosis: Bipolar II disorder, current episode hypomanic, medication: Lamotrigine 200mg daily, last episode: 2025-01-15",high
"Congratulations! You've been selected for the 2025 DOD Contractors Grant. Claim your $75,000: http://dod-contractor-grant.com",low
"https://www.ftc.gov/enforcement/cases-proceedings",low
"Name: Williamson; Longitude: -97.6475; Latitude: 30.5112",low
"wifi: Starbucks_WiFi_2.4GHz, password: None, security: Open",low
"bluetooth_device: Garmin Fenix 7X Pro Sapphire, mac: 7E:2A:4C:9F:1B:5D, user: border.patrol.agent@cbp.gov",high
"icd_code: N18.4, icd_version: 10, diagnosis: Chronic kidney disease, stage 4 (severe), eGFR: 23 mL/min/1.73m2, etiology: Diabetic nephropathy, preparation for dialysis education",high
"patient_record: MRN: 77823, diagnosis: Ulcerative colitis, pancolitis, Montreal classification E3, medication: Infliximab 5mg/kg every 8 weeks, last infusion 2025-02-10",high
"robert.chen@nih.gov",high
"Your Apple ID has been locked due to incorrect password attempts. Unlock now: http://apple-id-unlock-now.com",low
"Latitude: 30.5112, Longitude: -97.6475, Georgetown, TX",low
"ssid: White_House_Situation_Room_2, password: [TOP SECRET//SCI], security: WPA3-Enterprise",high
"bluetooth_pairing: Bose QuietComfort 35 II, mac: FC:8A:6E:2B:5D:1C, user: deputy.nsa@whitehouse.gov",high
"icd_code: C50.912, icd_version: 10, diagnosis: Malignant neoplasm of unspecified site of left female breast, ER 95%, PR 80%, HER2 negative, Ki-67 22%, stage IIB, neoadjuvant chemotherapy ongoing",high
"your PayPal account has received a payment of $850.00 from an unknown sender. Review: http://paypal-review-unknown.com",low
"https://www.ssa.gov/open/data",low
"County: St. Louis, MO, Latitude: 38.6270, Longitude: -90.1994",low
"patient_id: 33412, icd_code: J44.1, icd_version: 10, diagnosis: Chronic obstructive pulmonary disease with acute exacerbation, hospitalized 2025-02-22, treated with antibiotics, steroids, weaned to room air",high
"Your Facebook account has been disabled for violating community standards. Appeal: http://facebook-appeal-violation.com",low
"ssid: FBI_Infrastructure_Protection, password: [LAW ENFORCEMENT SENSITIVE], security: WPA3",high
"bluetooth_device: Sony WH-CH720N, mac: 3B:6D:9F:2A:8E:5C, user: infrastructure.analyst@fbi.gov",high
"elizabeth.garcia@census.gov",high
"Latitude: 38.6270, Longitude: -90.1994, St. Louis, MO",low
"icd_code: K57.33, icd_version: 10, diagnosis: Diverticulitis of both small and large intestine with perforation and abscess, CT-guided drainage performed 2025-02-18, IV antibiotics, scheduled for elective resection",high
"FTC: Your refund from the Western Union settlement is ready. Claim: http://ftc-refund-claim.com",low
"https://www.cdc.gov/flu/weekly/index.htm",low
"Name: Norfolk; Longitude: -71.2625; Latitude: 42.1624",low
"wifi_config: DIA_Headquarters_Anacostia, password: [SECRET//NOFORN], security: WPA3-Enterprise",high
"bluetooth_pairing: Apple AirPods Max, mac: 8E:4F:2A:7C:1D:9B, user: dia.directorate@dod.mil",high
"icd_code: H40.1130, icd_version: 10, diagnosis: Primary open-angle glaucoma, moderate stage, bilateral, IOP: 26 mmHg right, 24 mmHg left, started Latanoprost 0.005% nightly OU",high
"patient_record: MRN: 66789, diagnosis: Essential tremor, moderate, affecting handwriting and drinking, medication: Propranolol 80mg BID, poor tolerance, considered for focused ultrasound",high
"jane.richards@state.gov",high
"Your Instagram account has been hacked. Recover your account: http://instagram-hack-recovery.com",low
"Latitude: 42.1624, Longitude: -71.2625, Norfolk, MA",low
"ssid: CIA_Operations_Langley, password: [CLASSIFIED], security: WPA3",high
"bluetooth_device: Samsung Galaxy Watch 6, mac: 5C:8F:2A:7E:1B:4D, user: operations.officer@cia.gov",high
"icd_code: E11.22, icd_version: 10, diagnosis: Type 2 diabetes mellitus with diabetic chronic kidney disease, stage 3b, eGFR 38 mL/min, UACR 450 mg/g, medication: Metformin 1000mg BID, Empagliflozin 25mg daily",high
"Your Best Buy order is ready for pickup. Invoice #BB123456789: http://bestbuy-pickup-confirm.com",low
"https://www.usa.gov/benefits",low
"County: Prince George's, MD, Latitude: 38.9685, Longitude: -76.8874",low
"patient_id: 99102, icd_code: G40.309, icd_version: 10, diagnosis: Generalized idiopathic epilepsy, not intractable, without status epilepticus, seizure-free for 18 months on Levetiracetam 1500mg BID",high
"Your LinkedIn account has been restricted due to suspicious activity. Verify: http://linkedin-restriction-verify.com",low
"ssid: USSS_Field_Office_Chicago, password: [LAW ENFORCEMENT], security: WPA3",high
"bluetooth_pairing: Beats Fit Pro, mac: DE:4F:2A:7C:9B:1E, user: usss.agent.chicago@secretsevice.gov",high
"robert.martinez@dea.gov",high
"Latitude: 38.9685, Longitude: -76.8874, Upper Marlboro, MD",low
"icd_code: I63.50, icd_version: 10, diagnosis: Cerebral infarction due to unspecified occlusion or stenosis of unspecified cerebral artery, onset 2025-01-30, residual mild expressive aphasia, speech therapy 3x/week",high
"Congratulations! You have been selected for the Amazon Prime Winner's Circle. Claim your $5,000 gift card: http://amazon-prime-winners.com",low
"https://www.noaa.gov/climate",low
"Name: Ventura; Longitude: -119.1620; Latitude: 34.2805",low
"wifi: Port_Authority_Guest, password: Maritime2025, security: WPA2",high
"bluetooth_device: Garmin Venu 3, mac: 7A:3C:5F:1E:9D:2B, user: port.security@dhs.gov",high
"icd_code: M17.0, icd_version: 10, diagnosis: Bilateral primary osteoarthritis of knee, right greater than left, Kellgren-Lawrence grade 4 right, grade 3 left, scheduled for right total knee arthroplasty 2025-05-15",high
"patient_record: MRN: 44523, diagnosis: Parkinson's disease, Hoehn and Yahr stage 2.5, medication: Carbidopa/Levodopa 25-100mg 3 tabs daily, Ropinirole 4mg daily, moderate dyskinesia",high
"thomas.adams@faa.gov",high
"Your UPS delivery is delayed due to weather. Reschedule: http://ups-weather-delay-reschedule.com",low
"Latitude: 34.2805, Longitude: -119.1620, Ventura, CA",low
"ssid: DHS_Cybersecurity_Division, password: [SENSITIVE], security: WPA3",high
"bluetooth_pairing: Sony WF-1000XM4, mac: 2F:8A:5C:1E:7B:4D, user: csd.analyst@dhs.gov",high
"icd_code: J45.50, icd_version: 10, diagnosis: Severe persistent asthma, uncomplicated, FEV1 58% predicted, exacerbation 2x year, medication: Fluticasone/Salmeterol 250/50 BID, Montelukast 10mg daily, Albuterol HFA PRN",high
"Your Spotify account has been logged in from a new device in Russia. Secure: http://spotify-secure-account.com",low
"https://www.cdc.gov/nchs/data",low
"County: Pierce, WA, Latitude: 47.2529, Longitude: -122.4443",low
"patient_id: 77834, icd_code: I48.91, icd_version: 10, diagnosis: Unspecified atrial fibrillation, CHA2DS2-VASc score 4, anticoagulation: Apixaban 5mg BID, rate control: Metoprolol succinate 50mg daily",high
"Your Apple Music subscription has expired. Renew now: http://apple-music-renewal.com",low
"ssid: NSA_Fort_Meadow, password: [TOP SECRET//COMINT], security: WPA3-192",high
"bluetooth_device: Bose QuietComfort Earbuds II, mac: 9F:2A:5D:7E:1C:4B, user: sigint.analyst@nsa.gov",high
"rebecca.white@cia.gov",high
"Latitude: 47.2529, Longitude: -122.4443, Tacoma, WA",low
"icd_code: E78.00, icd_version: 10, diagnosis: Pure hypercholesterolemia, unspecified, LDL 235 mg/dL, total cholesterol 320 mg/dL, medication: Rosuvastatin 20mg daily, Ezetimibe 10mg daily, family history of premature CAD",high
"FEDEX: Your international shipment requires additional documentation. Upload here: http://fedex-document-upload.com",low
"https://www.dhs.gov/immigration-statistics",low
"Name: Stark; Longitude: -81.3792; Latitude: 40.7983",low
"wifi_config: FBI_Evidence_Response_Team, password: [LAW ENFORCEMENT SENSITIVE], security: WPA3",high
"bluetooth_pairing: Apple AirPods Pro, mac: 3D:7F:1A:5C:9E:2B, user: ert.specialist@fbi.gov",high
"icd_code: N20.0, icd_version: 10, diagnosis: Calculus of kidney, right, 8mm obstructing stone at UPJ, severe hydronephrosis, scheduled for ureteroscopy with laser lithotripsy 2025-03-22",high
"patient_record: MRN: 99145, diagnosis: Crohn's disease, ileocolonic, stricturing phenotype, s/p ileocecal resection 2024-08-15, now with recurrent stricture at anastomosis, considered for endoscopic balloon dilation",high
"george.miller@uscis.gov",high
"Your Capital One credit card has been charged $1,250. Verify transaction: http://capitalone-verify-transaction.com",low
"Latitude: 40.7983, Longitude: -81.3792, Canton, OH",low
"ssid: White_House_Communications_Agency, password: [TOP SECRET], security: WPA3-Enterprise",high
"bluetooth_device: Samsung Galaxy Buds Pro, mac: 5E:8A:2C:7F:1B:4D, user: whca.tech@whitehouse.gov",high
"icd_code: F32.2, icd_version: 10, diagnosis: Major depressive disorder, single episode, severe without psychotic features, PHQ-9 score 24, GAD-7 score 18, started Escitalopram 20mg daily, referred for CBT",high
"Your eBay account has been suspended. Appeal now: http://ebay-suspension-appeal.com",low
"https://www.fbi.gov/services/cjis/ucr",low
"County: Luzerne, PA, Latitude: 41.2448, Longitude: -75.8812",low
"patient_id: 33456, icd_code: G35, icd_version: 10, diagnosis: Multiple sclerosis, relapsing-remitting, last relapse 2024-11-20 with optic neuritis, EDSS 2.5, medication: Ocrelizumab 600mg IV every 6 months, last infusion 2025-01-15",high
"Your PayPal business account has been limited. Resolve now: http://paypal-business-limit.com",low
"ssid: CIA_Covert_Comms_2, password: [CLASSIFIED//HCS], security: WPA3",high
"bluetooth_pairing: Sony WH-1000XM5, mac: FC:2A:5D:8E:1C:7B, user: covert.comms.officer@cia.gov",high
"michelle.robinson@nro.gov",high
"Latitude: 41.2448, Longitude: -75.8812, Wilkes-Barre, PA",low
"icd_code: I25.119, icd_version: 10, diagnosis: Atherosclerotic heart disease of native coronary artery with unspecified angina pectoris, s/p DES to mid-LAD 2024-02-10, EF 55%, angina CCS class II, medication: Aspirin 81mg, Clopidogrel 75mg, Atorvastatin 80mg",high
"Your AT&T bill is past due. Pay $234.56 now: http://att-pay-bill-now.com",low
"https://www.cdc.gov/coronavirus/2019-ncov/data",low
"Name: Lubbock; Longitude: -101.8552; Latitude: 33.5779",low
"wifi: TSA_Employee_Lounge, password: Security2025, security: WPA2",high
"bluetooth_device: Garmin Forerunner 965, mac: 7B:4E:2A:8F:1C:5D, user: tsa.officer@dhs.gov",high
"icd_code: K52.9, icd_version: 10, diagnosis: Noninfective gastroenteritis and colitis, unspecified, acute onset, resolved with supportive care, no pathogen identified",high
"patient_record: MRN: 66712, diagnosis: Chronic kidney disease stage 5, eGFR 17 mL/min, hemodialysis initiated 2025-01-05 via right internal jugular tunneled catheter, awaiting maturation of left radiocephalic AV fistula",high
"charles.brown@ncic.gov",high
"Your Amazon Prime membership will auto-renew tomorrow. Cancel: http://amazon-prime-cancel-renew.com",low
"Latitude: 33.5779, Longitude: -101.8552, Lubbock, TX",low
"ssid: FBI_Cyber_Crime_Complaint_Center, password: [LAW ENFORCEMENT], security: WPA3",high
"bluetooth_pairing: Beats Studio Pro, mac: 8F:2A:5E:7C:1B:4D, user: ic3.analyst@fbi.gov",high
"icd_code: E11.65, icd_version: 10, diagnosis: Type 2 diabetes mellitus with hyperglycemia, A1C 10.8%, blood glucose 320 mg/dL, started insulin glargine 15 units nightly, continued Metformin 1000mg BID",high
"Congratulations! Your entry in the 2025 Global Lottery has won $2,500,000. Claim: http://global-lottery-claim.com",low
"https://www.fda.gov/drugs/drug-safety-and-availability",low
"County: Will, IL, Latitude: 41.5295, Longitude: -88.1486",low
"patient_id: 44578, icd_code: M05.70, icd_version: 10, diagnosis: Rheumatoid arthritis with rheumatoid factor of unspecified site without organ or systems involvement, seropositive, RF 340 IU/mL, anti-CCP 280 U/mL, medication: Methotrexate 25mg weekly, Hydroxychloroquine 400mg daily, low-dose prednisone",high
"Your Venmo account has been credited $500.00 from an unknown user. Review: http://venmo-review-credit.com",low
"ssid: DIA_Defense_Intelligence_Analysis_Center, password: [SECRET], security: WPA3-Enterprise",high
"bluetooth_device: Apple AirPods Pro 2, mac: 3C:7F:1A:9E:5B:2D, user: diac.analyst@dia.mil",high
"linda.morris@dea.gov",high
"Latitude: 41.5295, Longitude: -88.1486, Joliet, IL",low
"icd_code: I48.0, icd_version: 10, diagnosis: Paroxysmal atrial fibrillation, symptomatic with palpitations and dyspnea, ECG documented, CHA2DS2-VASc 2, initiated Apixaban 5mg BID, referred for electrophysiology consultation for ablation",high
"Your Google Drive storage is almost full. Upgrade to 2TB for $9.99/month: http://google-drive-upgrade-2tb.com",low
"https://www.ice.gov/features/statistics",low
"Name: San Mateo; Longitude: -122.3755; Latitude: 37.5629",low
"wifi_config: CIA_Technical_Services, password: [CLASSIFIED], security: WPA3",high
"bluetooth_pairing: Samsung Galaxy Watch 5 Pro, mac: 5E:2A:7F:8C:1B:4D, user: technical.services@cia.gov",high
"icd_code: J44.0, icd_version: 10, diagnosis: Chronic obstructive pulmonary disease with acute lower respiratory infection, exacerbation, hospitalized 2025-02-18, treated with Ceftriaxone, Azithromycin, Methylprednisolone, discharged on oral Prednisone taper",high
"patient_record: MRN: 77890, diagnosis: Atrial flutter, typical, cavotricuspid isthmus dependent, successful ablation performed 2025-01-22, no recurrence, anticoagulation discontinued",high
"richard.gomez@dol.gov",high
"Your USPS Informed Delivery shows a package you don't recognize. Report: http://usps-report-fraud.com",low
"Latitude: 37.5629, Longitude: -122.3755, San Mateo, CA",low
"ssid: NSA_Remote_Operations_Center, password: [TOP SECRET//SI], security: WPA3-192",high
"bluetooth_device: Sony WH-CH520, mac: 7F:2C:5A:9E:1B:4D, user: roc.operator@nsa.gov",high
"icd_code: G40.209, icd_version: 10, diagnosis: Localization-related (focal) (partial) symptomatic epilepsy and epileptic syndromes with complex partial seizures, not intractable, without status epilepticus, seizure frequency 2-3/month on Lamotrigine 400mg daily",high
"Your PayPal account has been logged in from a new device in China. Secure now: http://paypal-secure-login.com",low
"https://www.bjs.gov/index.cfm?ty=dca",low
"County: Oakland, MI, Latitude: 42.6614, Longitude: -83.3838",low
"patient_id: 99156, icd_code: N40.1, icd_version: 10, diagnosis: Benign prostatic hyperplasia with lower urinary tract symptoms, IPSS score 22 (moderate), Qmax 12 mL/s, post-void residual 80 mL, medication: Tamsulosin 0.4mg daily, Dutasteride 0.5mg daily, insufficient response, considering Rezum",high
"Your Facebook Marketplace listing has been flagged for counterfeit items. Appeal: http://facebook-appeal-counterfeit.com",low
"ssid: USSS_Field_Office_LA, password: [LAW ENFORCEMENT], security: WPA3",high
"bluetooth_pairing: Beats Fit Pro, mac: 2D:5F:8A:1C:7E:4B, user: usss.la.field@secretsevice.gov",high
"karen.davis@nih.gov",high
"Latitude: 42.6614, Longitude: -83.3838, Pontiac, MI",low
"icd_code: E78.2, icd_version: 10, diagnosis: Mixed hyperlipidemia, LDL 190 mg/dL, triglycerides 350 mg/dL, HDL 38 mg/dL, medication: Atorvastatin 40mg daily, Fenofibrate 145mg daily",high
"URGENT: Your Bank of America account will be closed due to inactivity. Reactivate: http://bofa-reactivate-account.com",low
"https://www.cdc.gov/nchs/data/dvs",low
"Name: Snohomish; Longitude: -122.3321; Latitude: 47.9288",low
"wifi: Seattle_Tacoma_Airport_Free, password: None, security: Open",low
"bluetooth_device: Garmin Venu 2, mac: 3B:6E:9A:2C:5F:1D, user: tsa.screener@dhs.gov",high
"icd_code: I10, icd_version: 10, diagnosis: Essential (primary) hypertension, BP 148/92 mmHg, stage 2 hypertension, medication: Amlodipine 10mg daily, Telmisartan 40mg daily",high
"patient_record: MRN: 33478, diagnosis: Crohn's disease, perianal fistulizing phenotype, seton placement in 2 fistulas, started Adalimumab 160mg loading dose, then 80mg every 2 weeks",high
"donald.jackson@fcc.gov",high
"Your Microsoft 365 subscription has expired. Renew now: http://microsoft365-renewal.com",low
"Latitude: 47.9288, Longitude: -122.3321, Everett, WA",low
"ssid: CIA_Signals_Intelligence, password: [CLASSIFIED//SI], security: WPA3",high
"bluetooth_pairing: Sony WF-1000XM5, mac: 4F:8A:2C:7E:1B:5D, user: sigint.collector@cia.gov",high
"icd_code: J45.909, icd_version: 10, diagnosis: Unspecified asthma, uncomplicated, well-controlled, FEV1 92% predicted, Albuterol HFA PRN, last exacerbation 2024-08-15",high
"Your Zelle payment of $45.00 to john.doe@email.com failed. Retry: http://zelle-payment-retry.com",low
"https://www.census.gov/programs-surveys/ces/data.html",low
"County: Dauphin, PA, Latitude: 40.2644, Longitude: -76.8839",low
"patient_id: 66734, icd_code: I63.9, icd_version: 10, diagnosis: Cerebral infarction, unspecified, onset 2025-01-15, residual right-sided weakness, currently in inpatient rehabilitation, NIHSS 6",high
"Your Apple ID has been used to sign in to a new device in Tokyo. If this wasn't you, secure your account: http://apple-secure-account.com",low
"ssid: FBI_Joint_Terrorism_Task_Force_NYC, password: [LAW ENFORCEMENT SENSITIVE], security: WPA3",high
"bluetooth_device: Apple AirPods Pro, mac: 5E:2F:8A:7C:1B:4D, user: jttf.nyc@fbi.gov",high
"patricia.young@doc.gov",high
"Latitude: 40.2644, Longitude: -76.8839, Harrisburg, PA",low
"icd_code: K29.70, icd_version: 10, diagnosis: Gastritis, unspecified, without bleeding, epigastric pain, H. pylori stool antigen positive, prescribed quadruple therapy for 14 days",high
"Your eBay seller account has been restricted. Provide additional information: http://ebay-seller-restriction.com",low
"https://www.noaa.gov/education",low
"Name: Lancaster; Longitude: -76.6055; Latitude: 40.0379",low
"wifi_config: DIA_National_Defense_Intelligence_College, password: [SECRET//NOFORN], security: WPA3-Enterprise",high
"bluetooth_pairing: Samsung Galaxy Buds2, mac: 7F:2A:5C:8E:1D:4B, user: ndic.instructor@dia.mil",high
"icd_code: M54.5, icd_version: 10, diagnosis: Low back pain, chronic, without radiculopathy, MRI shows mild degenerative disc disease at L4-L5, no surgical candidate, physical therapy 2x/week, NSAIDs PRN",high
"patient_record: MRN: 99123, diagnosis: Type 2 diabetes mellitus, A1C 9.8%, BMI 34, started Semaglutide 0.25mg weekly, continued Metformin 1000mg BID, referred for diabetes education",high
"jason.thompson@nsa.gov",high
"Your UPS package signature is required. Schedule delivery: http://ups-signature-schedule.com",low
"Latitude: 40.0379, Longitude: -76.6055, Lancaster, PA",low
"ssid: White_House_National_Security_Council, password: [TOP SECRET], security: WPA3-Enterprise",high
"bluetooth_device: Bose QuietComfort 45, mac: 2B:5F:8A:1E:7C:4D, user: nsc.directorate@whitehouse.gov",high
"icd_code: F41.0, icd_version: 10, diagnosis: Panic disorder [episodic paroxysmal anxiety], panic attacks 3-4x/week, agoraphobia, started Sertraline 50mg daily, referred for CBT",high
"Congratulations! You have been selected for the 2025 Google Opinion Rewards survey. Earn $500: http://google-opinion-rewards.com",low
"https://www.cdc.gov/rsv/research/index.html",low
"County: El Paso, CO, Latitude: 38.8339, Longitude: -104.8214",low
"patient_id: 44501, icd_code: I21.4, icd_version: 10, diagnosis: Non-ST elevation (NSTEMI) myocardial infarction, troponin 5.8, PCI to RCA with DES, EF 50%, discharged on DAPT, high-intensity statin, beta-blocker",high
"Your Facebook account has been reported for impersonation. Verify identity: http://facebook-verify-impersonation.com",low
"ssid: NSA_Hawaii_Cryptologic_Center_2, password: [TOP SECRET//SI], security: WPA3-192",high
"bluetooth_pairing: Sony WH-1000XM4, mac: 4D:7F:2A:9C:5E:1B, user: hcc.linguist@nsa.gov",high
"donna.thomas@usgs.gov",high
"Latitude: 38.8339, Longitude: -104.8214, Colorado Springs, CO",low
"icd_code: G47.33, icd_version: 10, diagnosis: Obstructive sleep apnea (adult) (pediatric), severe, AHI 52, CPAP 14 cmH2O, adherence 70%, residual AHI 5.2",high
"Your PayPal account has been credited with $2,500 from an international wire. Confirm receipt: http://paypal-confirm-wire.com",low
"https://www.faa.gov/data_research",low
"Name: DuPage; Longitude: -88.1486; Latitude: 41.8232",low
"wifi: CBP_Secondary_Inspection, password: Border2025, security: WPA2",high
"bluetooth_device: Garmin Fenix 7, mac: 8E:2A:5F:7C:1B:4D, user: cbp.officer@dhs.gov",high
"icd_code: E11.21, icd_version: 10, diagnosis: Type 2 diabetes mellitus with diabetic nephropathy, UACR 650 mg/g, eGFR 52 mL/min, stage 3a CKD, medication: Lisinopril 40mg daily, Empagliflozin 25mg daily",high
"patient_record: MRN: 77856, diagnosis: Rheumatoid arthritis, seropositive, with joint erosions in hands, inadequate response to Methotrexate, started Tofacitinib 5mg BID",high
"kevin.brown@odni.gov",high
"Your Spotify Premium family plan has been cancelled. Reactivate: http://spotify-reactivate-family.com",low
"Latitude: 41.8232, Longitude: -88.1486, Wheaton, IL",low
"ssid: CIA_Special_Activities_Center, password: [CLASSIFIED//HCS], security: WPA3",high
"bluetooth_pairing: Apple AirPods Max, mac: 5C:8F:2A:7E:1B:4D, user: sac.operator@cia.gov",high
"patient_id: 55234, icd_code: I50.32, icd_version: 10, diagnosis: Chronic diastolic (congestive) heart failure, EF 55%, preserved ejection fraction, NYHA class III, medication: Furosemide 40mg BID, Spironolactone 25mg daily, recent hospitalization for exacerbation 2025-02-10",high
"URGENT: Your Wells Fargo account has been compromised. Verify identity now: http://wellsfargo-verification-urgent.com",low
"bluetooth_device: Apple AirPods Pro (2nd gen), mac_address: 4F:6A:2C:8E:1B:5D, user: jennifer.hughes@nih.gov",high
"wifi_config: { 'ssid': 'NIH_Clinical_Center_Staff', 'psk': 'B3thesda!Med2025', 'encryption': 'WPA2-Enterprise', 'auth': 'PEAP-MSCHAPv2' }",high
"robert.lee@usaid.gov",high
"Latitude: 38.8951, Longitude: -77.0369, Washington, DC",low
"icd_code: G20, icd_version: 10, diagnosis: Parkinson's disease, Hoehn and Yahr stage 3, impaired balance, frequent falls, medication: Carbidopa/Levodopa 25-100mg 4x daily, Rasagiline 1mg daily, referred for DBS evaluation",high
"Congratulations! You have been selected for the 2025 Walmart Summer Sweepstakes. Claim your $1,000 gift card: http://walmart-sweepstakes-claim.com",low
"https://www.cdc.gov/flu/weekly/index.htm",low
"Name: Montgomery, OH; Longitude: -84.2053; Latitude: 39.6479",low
"patient_record: MRN: 66701, diagnosis: Ulcerative colitis, left-sided, Montreal classification E2, Mayo score 7, medication refractory, started Vedolizumab 300mg IV at week 0, 2, 6",high
"Your Amazon Prime membership has been suspended. Update billing: http://amazon-prime-billing-update.com",low
"ssid: FDA_White_Oak_Research, password: Fd@R3s34rch!2025, security: WPA3-Enterprise",high
"bluetooth_pairing: Samsung Galaxy Watch 6 Classic, mac: 7C:3A:5F:1E:9D:2B, user: clinical.research@fda.gov",high
"linda.miller@fda.gov",high
"Coordinates: 42.3601, -71.0589, Boston, MA",low
"icd_code: J44.1, icd_version: 10, diagnosis: Chronic obstructive pulmonary disease with acute exacerbation, hospitalized 2025-02-22, treated with IV methylprednisolone, ceftriaxone, azithromycin, discharged on prednisone taper, home oxygen 2L",high
"Your PayPal account has received a chargeback of $350.00. Respond immediately: http://paypal-respond-chargeback.com",low
"https://www.ssa.gov/forms/ssa-827.html",low
"Name: Summit, UT; Longitude: -111.6508; Latitude: 40.6844",low
"wifi_config: DEA_Diversion_Control_Division, password: [LAW ENFORCEMENT], security: WPA3",high
"bluetooth_device: Sony WH-1000XM5, mac: 3B:8F:2A:7C:5E:1D, user: diversion.analyst@dea.gov",high
"icd_code: I25.110, icd_version: 10, diagnosis: Atherosclerotic heart disease of native coronary artery with unstable angina pectoris, s/p DES to proximal LAD, EF 50%, angina CCS class I",high
"elizabeth.clark@state.gov",high
"Latitude: 40.6844, Longitude: -111.6508, Park City, UT",low
"icd_code: F32.1, icd_version: 10, diagnosis: Major depressive disorder, single episode, moderate, PHQ-9 score 16, started Escitalopram 10mg daily, referred for therapy",high
"FTC: Your refund from the Credit Karma settlement is ready. Claim: http://ftc-creditkarma-refund.com",low
"https://www.ftc.gov/legal-library/browse/cases-proceedings",low
"County: Chester, PA; Latitude: 40.0150; Longitude: -75.7102",low
"patient_id: 33423, icd_code: N18.5, icd_version: 10, diagnosis: Chronic kidney disease, stage 5, eGFR 17 mL/min, initiated hemodialysis 2025-01-20 via right internal jugular tunneled catheter, awaiting fistula maturation",high
"Your Apple ID has been locked for security reasons. Unlock now: http://apple-id-locked-unlock.com",low
"ssid: FBI_Terrorist_Screening_Center, password: [LAW ENFORCEMENT SENSITIVE], security: WPA3",high
"bluetooth_pairing: Beats Fit Pro, mac: 8E:2F:5A:7C:1D:4B, user: tsc.analyst@fbi.gov",high
"richard.allen@tsa.gov",high
"Latitude: 40.0150, Longitude: -75.7102, West Chester, PA",low
"icd_code: M17.11, icd_version: 10, diagnosis: Unilateral primary osteoarthritis, right knee, Kellgren-Lawrence grade 4, failed conservative management, scheduled for total knee arthroplasty 2025-04-25",high
"Your Netflix account has been hacked. Recover now: http://netflix-hack-recovery.com",low
"https://www.cdc.gov/nchs/nvss/index.htm",low
"Name: Lake, IL; Longitude: -87.9812; Latitude: 42.3184",low
"wifi: United_Airlines_Club_ORD, password: Flyer2025!, security: WPA2",high
"bluetooth_device: Garmin Venu 3, mac: 5F:2A:8C:1E:7B:4D, user: faa.inspector@dot.gov",high
"icd_code: E11.22, icd_version: 10, diagnosis: Type 2 diabetes mellitus with diabetic chronic kidney disease, stage 3b, eGFR 38, UACR 450, medication: Lisinopril 40mg, Empagliflozin 25mg",high
"patient_record: MRN: 99178, diagnosis: Crohn's disease, ileocolonic, stricturing, s/p ileocecal resection, now with anastomotic stricture, scheduled for endoscopic balloon dilation",high
"susan.wilson@fbi.gov",high
"Your USPS package #9405511234567890123456 is out for delivery. Track: http://usps-track-delivery.com",low
"Latitude: 42.3184, Longitude: -87.9812, Waukegan, IL",low
"ssid: CIA_National_Resources_Division, password: [CLASSIFIED], security: WPA3",high
"bluetooth_pairing: Sony WF-1000XM4, mac: 7A:3C:5F:1E:9D:2B, user: nrd.officer@cia.gov",high
"icd_code: G35, icd_version: 10, diagnosis: Multiple sclerosis, relapsing-remitting, last relapse 2024-12-10, EDSS 2.0, medication: Ocrelizumab 600mg IV every 6 months, last infusion 2025-02-15",high
"Your Capital One 360 account has been accessed from a new device. Verify: http://capitalone-verify-device.com",low
"https://www.noaa.gov/jetstream",low
"County: Boulder, CO; Latitude: 40.0150; Longitude: -105.2705",low
"patient_id: 66789, icd_code: I48.91, icd_version: 10, diagnosis: Unspecified atrial fibrillation, CHA2DS2-VASc score 3, anticoagulation: Apixaban 5mg BID, rate control: Metoprolol succinate 50mg daily",high
"Your PayPal account has been limited due to unusual activity. Verify identity: http://paypal-limit-verify.com",low
"ssid: DIA_Missile_and_Space_Intelligence_Center, password: [SECRET//NOFORN], security: WPA3-Enterprise",high
"bluetooth_device: Apple AirPods Pro 2, mac: 4F:8A:2C:7E:1B:5D, user: msic.analyst@dia.mil",high
"thomas.harris@nasa.gov",high
"Latitude: 40.0150, Longitude: -105.2705, Boulder, CO",low
"icd_code: K57.30, icd_version: 10, diagnosis: Diverticulosis of large intestine without perforation or abscess without bleeding, incidental finding on screening colonoscopy, no treatment indicated",high
"Your Amazon Pay balance of $75.00 is about to expire. Use now: http://amazonpay-use-balance.com",low
"https://www.fema.gov/data",low
"Name: Sonoma, CA; Longitude: -122.7144; Latitude: 38.2911",low
"wifi_config: NSA_Fort_Meadow_Annex, password: [TOP SECRET//SI], security: WPA3-192",high
"bluetooth_pairing: Samsung Galaxy Buds Pro, mac: 5C:2F:8A:7E:1B:4D, user: cryptologic.support@nsa.gov",high
"icd_code: E78.5, icd_version: 10, diagnosis: Hyperlipidemia, unspecified, LDL 175 mg/dL, triglycerides 210 mg/dL, started Atorvastatin 20mg daily, lifestyle counseling",high
"patient_record: MRN: 44567, diagnosis: Parkinson's disease, Hoehn and Yahr stage 2, medication: Carbidopa/Levodopa 25-100mg TID, stable, no dyskinesia",high
"jennifer.garcia@usda.gov",high
"Your Facebook account has been hacked. Secure now: http://facebook-hack-secure.com",low
"Latitude: 38.2911, Longitude: -122.7144, Santa Rosa, CA",low
"ssid: White_House_Transportation_Agency, password: [SENSITIVE], security: WPA3-Enterprise",high
"bluetooth_device: Bose QuietComfort 35 II, mac: 3F:8A:5C:2E:7B:1D, user: whta.operator@whitehouse.gov",high
"icd_code: I10, icd_version: 10, diagnosis: Essential (primary) hypertension, BP 142/88 mmHg, controlled on Lisinopril 20mg daily, Amlodipine 5mg daily",high
"Your Uber receipt for $32.50 is ready. View: http://uber-view-receipt.com",low
"https://www.cdc.gov/nchs/data/ahcd",low
"County: Monmouth, NJ; Latitude: 40.2205; Longitude: -74.0636",low
"patient_id: 99123, icd_code: J45.40, icd_version: 10, diagnosis: Moderate persistent asthma, FEV1 72% predicted, exacerbation 2x year, medication: Fluticasone/Salmeterol 250/50 BID, Montelukast 10mg daily",high
"Your LinkedIn account has been restricted. Verify identity: http://linkedin-restriction-verify.com",low
"ssid: FBI_Counterintelligence_Division, password: [LAW ENFORCEMENT SENSITIVE], security: WPA3",high
"bluetooth_pairing: Sony WH-CH720N, mac: 7F:2A:5C:8E:1B:4D, user: ci.analyst@fbi.gov",high
"christopher.robinson@dea.gov",high
"Latitude: 40.2205, Longitude: -74.0636, Freehold, NJ",low
"icd_code: N40.1, icd_version: 10, diagnosis: Benign prostatic hyperplasia with lower urinary tract symptoms, IPSS score 19, Qmax 11 mL/s, medication: Tamsulosin 0.4mg daily, Dutasteride 0.5mg daily",high
"Congratulations! Your entry in the 2025 Publishers Clearing House has won $5,000 a week for life! Claim: http://pch-lifetime-win.com",low
"https://www.ftc.gov/enforcement/cases-proceedings",low
"Name: Howard, MD; Longitude: -76.8874; Latitude: 39.2130",low
"wifi: Baltimore_Washington_Intl_Airport_Free, password: None, security: Open",low
"bluetooth_device: Garmin Forerunner 265, mac: 5E:2A:7F:8C:1B:4D, user: tsa.k9.handler@dhs.gov",high
"icd_code: M05.70, icd_version: 10, diagnosis: Rheumatoid arthritis with rheumatoid factor of unspecified site without organ or systems involvement, seropositive, RF 280 IU/mL, medication: Methotrexate 25mg weekly, Hydroxychloroquine 400mg daily",high
"patient_record: MRN: 33456, diagnosis: Atrial fibrillation, paroxysmal, asymptomatic, CHA2DS2-VASc 1, no anticoagulation, rate control with Metoprolol 25mg BID",high
"patricia.robinson@dhs.gov",high
"Your UPS delivery has been delayed due to weather. Reschedule: http://ups-weather-reschedule.com",low
"Latitude: 39.2130, Longitude: -76.8874, Columbia, MD",low
"ssid: CIA_Office_of_Scientific_and_Weapons_Intelligence, password: [CLASSIFIED], security: WPA3",high
"bluetooth_pairing: Apple AirPods Max, mac: 4B:8F:2A:7C:5E:1D, user: swi.officer@cia.gov",high
"icd_code: I63.50, icd_version: 10, diagnosis: Cerebral infarction due to unspecified occlusion or stenosis of unspecified cerebral artery, onset 2025-02-01, residual mild left-sided weakness, NIHSS 4, inpatient rehab",high
"Your PayPal account has been credited with $750.00 from a friend. Confirm: http://paypal-confirm-friend.com",low
"https://www.ssa.gov/data",low
"County: Duval, FL; Latitude: 30.3322; Longitude: -81.6557",low
"patient_id: 77801, icd_code: G47.33, icd_version: 10, diagnosis: Obstructive sleep apnea, severe, AHI 45, CPAP 12 cmH2O, adherence 60%, residual AHI 6.5, mask fitting recommended",high
"Your Apple Music subscription has expired. Renew now: http://apple-music-renew.com",low
"ssid: NSA_Threat_Operations_Center_2, password: [TOP SECRET], security: WPA3-192",high
"bluetooth_device: Samsung Galaxy Buds2 Pro, mac: 5D:2F:8A:7E:1C:4B, user: toc.analyst@nsa.gov",high
"charles.thompson@nro.gov",high
"Latitude: 30.3322, Longitude: -81.6557, Jacksonville, FL",low
"icd_code: E11.65, icd_version: 10, diagnosis: Type 2 diabetes mellitus with hyperglycemia, A1C 9.8%, fasting glucose 210 mg/dL, insulin glargine 20 units nightly initiated, Metformin 1000mg BID continued",high
"Your Bank of America mortgage payment is due. Pay now: http://bofa-mortgage-pay.com",low
"https://www.cdc.gov/hearher/data.html",low
"Name: Denton, TX; Longitude: -97.1333; Latitude: 33.2148",low
"wifi_config: DIA_Cyber_Analytics, password: [SECRET], security: WPA3-Enterprise",high
"bluetooth_pairing: Sony WH-1000XM4, mac: 7C:3A:5F:1E:9D:2B, user: cyber.analyst@dia.mil",high
"icd_code: I25.119, icd_version: 10, diagnosis: Atherosclerotic heart disease of native coronary artery with unspecified angina pectoris, s/p DES to RCA 2024-05-10, EF 55%, angina CCS class I",high
"patient_record: MRN: 66734, diagnosis: Crohn's disease, ileocolonic, inflammatory phenotype, medication: Adalimumab 40mg EOW, clinical remission",high
"donald.jackson@usmarshals.gov",high
"Your Facebook page has been unpublished. Appeal: http://facebook-unpublish-appeal.com",low
"Latitude: 33.2148, Longitude: -97.1333, Denton, TX",low
"ssid: White_House_Social_Office, password: [SENSITIVE], security: WPA2-Enterprise",high
"bluetooth_device: Bose SoundLink Revolve, mac: 3F:8A:5C:2E:7B:1D, user: social.secretary@whitehouse.gov",high
"icd_code: F41.1, icd_version: 10, diagnosis: Generalized anxiety disorder, GAD-7 score 15, medication: Sertraline 100mg daily, CBT weekly",high
"Your PayPal business account statement is ready. Download: http://paypal-business-statement.com",low
"https://www.faa.gov/data",low
"County: Seminole, FL; Latitude: 28.7105; Longitude: -81.2379",low
"patient_id: 99145, icd_code: I48.0, icd_version: 10, diagnosis: Paroxysmal atrial fibrillation, symptomatic with palpitations, CHA2DS2-VASc 2, started Apixaban 5mg BID, referred for EP consult",high
"Your Google Drive storage is full. Upgrade to 100GB: http://google-drive-upgrade-100gb.com",low
"ssid: FBI_Evidence_Response_Team_Unit, password: [LAW ENFORCEMENT], security: WPA3",high
"bluetooth_pairing: Beats Studio Pro, mac: 4C:8F:2A:7E:1B:5D, user: ert.supervisor@fbi.gov",high
"sarah.jones@bop.gov",high
"Latitude: 28.7105, Longitude: -81.2379, Altamonte Springs, FL",low
"icd_code: M17.0, icd_version: 10, diagnosis: Bilateral primary osteoarthritis of knee, right greater than left, KL grade 4 right, grade 3 left, scheduled for right TKA 2025-05-20",high
"Your Instagram account has been disabled for impersonation. Appeal: http://instagram-appeal-impersonation.com",low
"https://www.cdc.gov/nchs/products/databriefs/databriefs.htm",low
"Name: Hidalgo, TX; Longitude: -98.2636; Latitude: 26.1906",low
"wifi: McAllen_Miller_Intl_Airport, password: Travel2025, security: WPA2",high
"bluetooth_device: Garmin Vivoactive 5, mac: 5F:2A:8C:1E:7B:4D, user: cbp.officer.mcallen@dhs.gov",high
"icd_code: K29.70, icd_version: 10, diagnosis: Gastritis, unspecified, without bleeding, H. pylori negative, PPI therapy, lifestyle modification",high
"patient_record: MRN: 33478, diagnosis: Type 2 diabetes mellitus, A1C 7.2%, on Metformin 1000mg BID, Empagliflozin 25mg daily, well-controlled",high
"michael.chen@uspto.gov",high
"Your UPS package is being held at the customer center. Pick up: http://ups-pickup-hold.com",low
"Latitude: 26.1906, Longitude: -98.2636, McAllen, TX",low
"ssid: CIA_Information_Operations_Center, password: [CLASSIFIED//HCS], security: WPA3",high
"bluetooth_pairing: Sony WF-1000XM5, mac: 7B:4E:2A:8F:1C:5D, user: ioc.operator@cia.gov",high
"icd_code: J44.0, icd_version: 10, diagnosis: Chronic obstructive pulmonary disease with acute lower respiratory infection, exacerbation, treated with antibiotics, steroids, no hospitalization",high
"Your Amazon order #112-9876543 has shipped. Track: http://amazon-track-shipment.com",low
"https://www.ftc.gov/policy/advocacy-research",low
"County: Washington, OR; Latitude: 45.5289; Longitude: -122.8912",low
"patient_id: 66723, icd_code: I21.4, icd_version: 10, diagnosis: Non-ST elevation (NSTEMI) myocardial infarction, troponin 3.2, PCI to OM1 with DES, EF 50%, discharged on DAPT, statin",high
"Your PayPal account has been logged in from a new browser. Verify: http://paypal-verify-browser.com",low
"ssid: NSA_Remote_Operations_Center_2, password: [TOP SECRET//SI], security: WPA3-192",high
"bluetooth_device: Apple AirPods Pro 2, mac: 5C:2F:8A:7E:1B:4D, user: roc.operator2@nsa.gov",high
"james.wilson@va.gov",high
"Latitude: 45.5289, Longitude: -122.8912, Hillsboro, OR",low
"icd_code: E78.00, icd_version: 10, diagnosis: Pure hypercholesterolemia, unspecified, LDL 210 mg/dL, total cholesterol 290 mg/dL, started Rosuvastatin 20mg daily",high
"Your Facebook account has been locked due to suspicious activity. Unlock: http://facebook-unlock-account.com",low
"https://www.cdc.gov/nchs/fastats/leading-causes-of-death.htm",low
"Name: Johnson, KS; Longitude: -94.7956; Latitude: 38.9585",low
"wifi_config: FBI_Kansas_City_Field_Office, password: [LAW ENFORCEMENT], security: WPA3",high
"bluetooth_pairing: Samsung Galaxy Watch 5, mac: 4F:8A:2C:7E:1B:5D, user: kc.agent@fbi.gov",high
"icd_code: N18.4, icd_version: 10, diagnosis: Chronic kidney disease, stage 4 (severe), eGFR 25 mL/min, etiology: Hypertension, preparation for dialysis education",high
"patient_record: MRN: 99101, diagnosis: Rheumatoid arthritis, seropositive, with joint erosions, failed Methotrexate, started Adalimumab 40mg EOW",high
"elizabeth.green@doi.gov",high
"Your USPS package has been delivered. Confirm: http://usps-confirm-delivery.com",low
"Latitude: 38.9585, Longitude: -94.7956, Overland Park, KS",low
"ssid: White_House_Military_Office, password: [TOP SECRET], security: WPA3-Enterprise",high
"bluetooth_device: Bose QuietComfort Earbuds II, mac: 3D:7F:1A:5C:9E:2B, user: whmo.officer@whitehouse.gov",high
"icd_code: G35, icd_version: 10, diagnosis: Multiple sclerosis, relapsing-remitting, EDSS 1.5, medication: Glatiramer acetate 40mg TIW",high
"Your Spotify Premium subscription has been paused. Reactivate: http://spotify-premium-reactivate.com",low
"https://www.ssa.gov/benefits/medicare/data.html",low
"County: Stark, OH; Latitude: 40.7983; Longitude: -81.3792",low
"patient_id: 77834, icd_code: I10, icd_version: 10, diagnosis: Essential (primary) hypertension, BP 146/90 mmHg, medication: Lisinopril 20mg daily, Amlodipine 5mg daily",high
"Your PayPal account has been credited with $1,200 from a sale. View: http://paypal-view-sale.com",low
"ssid: CIA_Directorate_of_Operations, password: [CLASSIFIED], security: WPA3",high
"bluetooth_pairing: Sony WH-1000XM4, mac: 5E:2A:7F:8C:1B:4D, user: do.officer@cia.gov",high
"christopher.lewis@fcc.gov",high
"Latitude: 40.7983, Longitude: -81.3792, Canton, OH",low
"icd_code: M54.5, icd_version: 10, diagnosis: Low back pain, chronic, MRI shows L4-L5 disc bulge, no radiculopathy, physical therapy, NSAIDs PRN",high
"Your Target RedCard payment is due. Pay $245.67: http://target-redcard-pay.com",low
"https://www.cdc.gov/cancer/dcpc/data/index.htm",low
"Name: Davis, UT; Longitude: -111.9812; Latitude: 40.9872",low
"wifi: Salt_Lake_City_Intl_Airport_Free, password: None, security: Open",low
"bluetooth_device: Garmin Fenix 7S, mac: 4C:8F:2A:7E:1B:5D, user: tsa.officer.slc@dhs.gov",high
"icd_code: E11.21, icd_version: 10, diagnosis: Type 2 diabetes mellitus with diabetic nephropathy, UACR 550 mg/g, eGFR 48 mL/min, medication: Lisinopril 40mg, Empagliflozin 25mg",high
"patient_record: MRN: 44589, diagnosis: Crohn's disease, ileocolonic, fistulizing, seton placement, started Infliximab 5mg/kg IV",high
"donald.thomas@census.gov",high
"Your Amazon Lending payment of $450.00 is due. Pay now: http://amazon-lending-pay.com",low
"Latitude: 40.9872, Longitude: -111.9812, Layton, UT",low
"ssid: NSA_Cryptologic_Center_Texas, password: [TOP SECRET//SI], security: WPA3-192",high
"bluetooth_pairing: Apple AirPods Max, mac: 7B:4E:2A:8F:1C:5D, user: cct.analyst@nsa.gov",high
"icd_code: I25.2, icd_version: 10, diagnosis: Old myocardial infarction, s/q anteroseptal MI 2023-11-15, EF 45%, medication: Aspirin 81mg, Atorvastatin 80mg, Metoprolol 50mg BID",high
"Your LinkedIn account has been viewed by 50 recruiters. See who: http://linkedin-view-recruiters.com",low
"https://www.faa.gov/air_traffic/by_the_numbers",low
"County: Pinellas, FL; Latitude: 27.9478; Longitude: -82.6794",low
"patient_id: 99156, icd_code: G47.33, icd_version: 10, diagnosis: Obstructive sleep apnea, moderate, AHI 22, CPAP 10 cmH2O prescribed, adherence 30%, mask refit needed",high
"Your Apple ID has been used to sign in to an iPhone in Paris. Secure: http://apple-secure-iphone.com",low
"ssid: FBI_Joint_Counterterrorism_Task_Force_LA, password: [LAW ENFORCEMENT SENSITIVE], security: WPA3",high
"bluetooth_device: Samsung Galaxy Buds2, mac: 5F:2A:8C:1E:7B:4D, user: jcttf.la@fbi.gov",high
"jennifer.king@usgs.gov",high
"Latitude: 27.9478, Longitude: -82.6794, Clearwater, FL",low
"icd_code: K57.32, icd_version: 10, diagnosis: Diverticulitis of large intestine with perforation and abscess without bleeding, CT-guided drainage 2025-02-10, IV antibiotics, elective resection scheduled",high
"Your PayPal account has been limited. Provide documents: http://paypal-limit-documents.com",low
"https://www.cdc.gov/nchs/nhis/index.htm",low
"Name: Lehigh, PA; Longitude: -75.5237; Latitude: 40.6109",low
"wifi_config: DIA_Defense_Intelligence_Analysis_Center_2, password: [SECRET//NOFORN], security: WPA3-Enterprise",high
"bluetooth_pairing: Sony WH-CH720N, mac: 4C:8F:2A:7E:1B:5D, user: diac.analyst2@dia.mil",high
"icd_code: F31.9, icd_version: 10, diagnosis: Bipolar disorder, unspecified, currently euthymic, medication: Lithium 900mg daily, Lamotrigine 200mg daily",high
"patient_record: MRN: 33412, diagnosis: Parkinson's disease, Hoehn and Yahr stage 2.5, medication: Carbidopa/Levodopa 25-100mg TID, Ropinirole 2mg daily, mild dyskinesia",high
"richard.martinez@dea.gov",high
"Your UPS package signature is required. Reschedule: http://ups-signature-reschedule.com",low
"Latitude: 40.6109, Longitude: -75.5237, Allentown, PA",low
"ssid: White_House_Visitors_Office, password: WHV0_2025!, security: WPA2",high
"bluetooth_device: Bose SoundLink Flex, mac: 3F:8A:5C:2E:7B:1D, user: visitors.office@whitehouse.gov",high
"icd_code: I48.91, icd_version: 10, diagnosis: Unspecified atrial fibrillation, CHA2DS2-VASc score 4, anticoagulation: Rivaroxaban 20mg daily, rate control: Diltiazem 120mg daily",high
"Your Google Photos storage is almost full. Upgrade: http://google-photos-upgrade.com",low
"https://www.cdc.gov/nchs/data-visualization/mortality-trends",low
"County: Norfolk, MA; Latitude: 42.1624; Longitude: -71.2625",low
"patient_id: 66701, icd_code: J45.909, icd_version: 10, diagnosis: Unspecified asthma, uncomplicated, well-controlled, FEV1 90% predicted, Albuterol HFA PRN",high
"Your Facebook Marketplace listing has been removed. Appeal: http://facebook-marketplace-appeal.com",low
"ssid: CIA_Directorate_of_Science_and_Technology, password: [CLASSIFIED], security: WPA3",high
"bluetooth_pairing: Apple AirPods Pro, mac: 5D:2F:8A:7E:1C:4B, user: dst.officer@cia.gov",high
"linda.jackson@nih.gov",high
"Latitude: 42.1624, Longitude: -71.2625, Quincy, MA",low
"icd_code: E11.9, icd_version: 10, diagnosis: Type 2 diabetes mellitus without complications, A1C 6.8%, on Metformin 1000mg BID, diet-controlled",high
"Your Capital One credit card has been charged $125.00. Verify: http://capitalone-verify-charge.com",low
"https://www.cdc.gov/nchs/data/databriefs/db504-summary.pdf",low
"Name: Kent, RI; Longitude: -71.4767; Latitude: 41.6583",low
"wifi: T.F._Green_Airport, password: PVD2025!, security: WPA2",high
"bluetooth_device: Garmin Venu 2S, mac: 4F:8A:2C:7E:1B:5D, user: faa.safety.inspector@dot.gov",high
"icd_code: M17.12, icd_version: 10, diagnosis: Unilateral primary osteoarthritis, left knee, KL grade 3, scheduled for TKA 2025-06-10",high
"patient_record: MRN: 99178, diagnosis: Ulcerative colitis, left-sided, in remission, medication: Mesalamine 4.8g daily",high
"charles.wilson@usaid.gov",high
"Your PayPal account has received a payment of $95.00 from john.doe@email.com. Confirm: http://paypal-confirm-payment.com",low
"Latitude: 41.6583, Longitude: -71.4767, Warwick, RI",low
"ssid: NSA_Threat_Operations_Center_3, password: [TOP SECRET], security: WPA3-192",high
"bluetooth_pairing: Sony WF-1000XM4, mac: 7C:3A:5F:1E:9D:2B, user: toc.analyst3@nsa.gov",high
"icd_code: G40.209, icd_version: 10, diagnosis: Localization-related (focal) (partial) symptomatic epilepsy and epileptic syndromes with complex partial seizures, not intractable, without status epilepticus, seizure frequency 1-2/month on Lamotrigine 400mg daily",high
"Your Amazon Prime membership will auto-renew tomorrow. Cancel: http://amazon-prime-cancel-auto.com",low
"https://www.cdc.gov/nchs/data/icd/icd-10-cm-tabular-list-2025.pdf",low
"County: Buncombe, NC; Latitude: 35.5951; Longitude: -82.5515",low
"patient_id: 44589, icd_code: I50.9, icd_version: 10, diagnosis: Heart failure, unspecified, EF 45%, NYHA class III, medication: Carvedilol 12.5mg BID, Lisinopril 20mg daily, Furosemide 40mg BID, last hospitalization 2025-01-28",high
"URGENT: Your Citibank account has been locked due to unusual activity. Verify now: http://citibank-verify-activity.com",low
"bluetooth_device: Sony WH-1000XM5, mac_address: 5C:2F:8A:7E:1B:4D, user: jennifer.patel@fda.gov",high
"wifi_config: { 'ssid': 'CDC_Atlanta_Lab_5', 'psk': 'C0nt@!nment2025!', 'encryption': 'WPA3-Enterprise', 'auth': 'EAP-TLS' }",high
"michael.nguyen@treasury.gov",high
"Latitude: 33.7490, Longitude: -84.3880, Atlanta, GA",low
"icd_code: E11.36, icd_version: 10, diagnosis: Type 2 diabetes mellitus with diabetic cataract, right eye, visual acuity 20/70, scheduled for phacoemulsification 2025-04-05",high
"Congratulations! Your entry in the 2025 DSW Lottery has won $1,500,000. Claim now: http://dsw-lottery-claim.com",low
"https://www.cdc.gov/covid/19/data",low
"Name: Seminole, FL; Longitude: -81.2379; Latitude: 28.7105",low
"patient_record: MRN: 66712, diagnosis: Chronic lymphocytic leukemia, Rai stage II, watchful waiting, last CBC: WBC 28.4, Hgb 11.8, Plt 165",high
"Your Amazon account has been compromised. Reset password: http://amazon-reset-password.com",low
"ssid: DOE_Argonne_National_Lab, password: Arg0nn3_R3s3@rch, security: WPA3-Enterprise",high
"bluetooth_pairing: Samsung Galaxy Watch 6, mac: 7D:3A:5F:1E:9C:2B, user: physicist.anl@doe.gov",high
"laura.mitchell@nasa.gov",high
"Coordinates: 29.7604, -95.3698, Houston, TX",low
"icd_code: I63.50, icd_version: 10, diagnosis: Cerebral infarction due to unspecified occlusion or stenosis of unspecified cerebral artery, onset 2025-02-12, residual right-sided weakness, NIHSS 5, inpatient rehabilitation",high
"Your PayPal account has received a chargeback of $250.00. Respond by 03/15: http://paypal-chargeback-respond.com",low
"https://www.ssa.gov/policy/docs/data",low
"Name: Essex, MA; Longitude: -70.9897; Latitude: 42.6334",low
"wifi_config: FBI_Boston_Field_Office, password: [LAW ENFORCEMENT SENSITIVE], security: WPA3",high
"bluetooth_device: Apple AirPods Pro 2, mac: 4B:8F:2A:7C:5E:1D, user: boston.sac@fbi.gov",high
"icd_code: J44.1, icd_version: 10, diagnosis: Chronic obstructive pulmonary disease with acute exacerbation, hospitalized 2025-02-25, treated with IV steroids, antibiotics, discharged on oral prednisone taper",high
"jason.kim@state.gov",high
"Latitude: 42.6334, Longitude: -70.9897, Salem, MA",low
"icd_code: F32.2, icd_version: 10, diagnosis: Major depressive disorder, single episode, severe without psychotic features, PHQ-9 score 25, started Escitalopram 20mg daily, referred for intensive outpatient program",high
"FTC: Your refund from the TurboTax settlement is ready. Claim: http://ftc-turbotax-refund.com",low
"https://www.cdc.gov/nchs/data-visualization/drug-overdose-mortality",low
"County: Baltimore, MD; Latitude: 39.2904; Longitude: -76.6122",low
"patient_id: 33489, icd_code: N18.6, icd_version: 10, diagnosis: End stage renal disease, on hemodialysis via left AV fistula, thrice weekly, last Kt/V 1.4",high
"Your Apple ID has been locked due to security reasons. Unlock: http://apple-id-security-unlock.com",low
"ssid: CIA_Operations_Directorate, password: [CLASSIFIED//HCS], security: WPA3",high
"bluetooth_pairing: Sony WH-1000XM4, mac: 5F:2A:8C:1E:7B:4D, user: do.officer2@cia.gov",high
"richard.martin@dea.gov",high
"Latitude: 39.2904, Longitude: -76.6122, Baltimore, MD",low
"icd_code: G47.33, icd_version: 10, diagnosis: Obstructive sleep apnea, severe, AHI 55, CPAP 14 cmH2O, adherence 75%, residual AHI 4.8",high
"Your Netflix payment of $15.49 has failed. Update billing: http://netflix-billing-update-now.com",low
"https://www.cdc.gov/nchs/nvss/vsrr/provisional-drug-overdose-deaths.htm",low
"Name: El Paso, CO; Longitude: -104.8214; Latitude: 38.8339",low
"wifi: Colorado_Springs_Airport, password: Springs2025, security: WPA2",high
"bluetooth_device: Garmin Forerunner 965, mac: 7E:2A:5C:8F:1B:4D, user: tsa.officer.cos@dhs.gov",high
"icd_code: I25.119, icd_version: 10, diagnosis: Atherosclerotic heart disease of native coronary artery with unspecified angina pectoris, s/p DES to LAD 2024-07-15, EF 50%, angina CCS class I",high
"patient_record: MRN: 77845, diagnosis: Crohn's disease, ileocolonic, stricturing, s/p ileocecal resection 2024-11-10, now with anastomotic stricture, scheduled for endoscopic balloon dilation",high
"patricia.davis@fbi.gov",high
"Your USPS package #9505512345678901234567 is out for delivery. Track: http://usps-track-outfordelivery.com",low
"Latitude: 38.8339, Longitude: -104.8214, Colorado Springs, CO",low
"ssid: NSA_Cryptologic_Center_Georgia_2, password: [TOP SECRET//SI], security: WPA3-192",high
"bluetooth_pairing: Samsung Galaxy Buds2 Pro, mac: 5C:2F:8A:7E:1B:4D, user: ccg.linguist@nsa.gov",high
"icd_code: M05.70, icd_version: 10, diagnosis: Rheumatoid arthritis with rheumatoid factor of unspecified site without organ or systems involvement, seropositive, RF 320 IU/mL, medication: Methotrexate 25mg weekly, Hydroxychloroquine 400mg daily",high
"Your Capital One 360 account has been accessed from a new device. Verify: http://capitalone-verify-newdevice.com",low
"https://www.cdc.gov/nchs/data/statnt/statnt.htm",low
"County: Washtenaw, MI; Latitude: 42.2682; Longitude: -83.7350",low
"patient_id: 99134, icd_code: I48.91, icd_version: 10, diagnosis: Unspecified atrial fibrillation, CHA2DS2-VASc score 3, anticoagulation: Apixaban 5mg BID, rate control: Metoprolol succinate 50mg daily",high
"Your PayPal account has been limited due to policy violations. Appeal: http://paypal-limit-appeal.com",low
"ssid: DIA_National_Intelligence_University, password: [SECRET//NOFORN], security: WPA3-Enterprise",high
"bluetooth_device: Apple AirPods Max, mac: 4F:8A:2C:7E:1B:5D, user: niu.instructor@dia.mil",high
"christopher.brown@odni.gov",high
"Latitude: 42.2682, Longitude: -83.7350, Ann Arbor, MI",low
"icd_code: E78.2, icd_version: 10, diagnosis: Mixed hyperlipidemia, LDL 185 mg/dL, triglycerides 325 mg/dL, HDL 36 mg/dL, medication: Atorvastatin 40mg daily, Fenofibrate 145mg daily",high
"Your Amazon Pay balance of $25.00 is expiring soon. Use now: http://amazonpay-use-now.com",low
"https://www.cdc.gov/nchs/data/dvs/deaths-final-2024.pdf",low
"Name: Luzerne, PA; Longitude: -75.8812; Latitude: 41.2448",low
"wifi_config: DHS_Transportation_Security_Lab, password: [SENSITIVE], security: WPA3",high
"bluetooth_pairing: Sony WH-CH720N, mac: 7B:4E:2A:8F:1C:5D, user: tsl.scientist@dhs.gov",high
"icd_code: G35, icd_version: 10, diagnosis: Multiple sclerosis, relapsing-remitting, EDSS 2.0, medication: Ocrelizumab 600mg IV every 6 months, last infusion 2025-01-20",high
"patient_record: MRN: 66734, diagnosis: Parkinson's disease, Hoehn and Yahr stage 2, medication: Carbidopa/Levodopa 25-100mg TID, Rasagiline 1mg daily",high
"jennifer.wong@uscis.gov",high
"Your UPS delivery has been delayed due to mechanical issue. Reschedule: http://ups-mechanical-delay.com",low
"ssid: White_House_Staff_Mess, password: WH_M3ss_2025!, security: WPA2",high
"bluetooth_device: Bose QuietComfort 45, mac: 3F:8A:5C:2E:7B:1D, user: wh.mess.manager@whitehouse.gov",high
"icd_code: I10, icd_version: 10, diagnosis: Essential (primary) hypertension, BP 138/86 mmHg, controlled on Lisinopril 20mg daily",high
"Your Facebook account has been hacked. Secure now: http://facebook-hack-secure-now.com",low
"https://www.cdc.gov/nchs/fastats/obesity.htm",low
"County: Howard, MD; Latitude: 39.2130; Longitude: -76.8874",low
"patient_id: 77890, icd_code: K21.9, icd_version: 10, diagnosis: Gastro-esophageal reflux disease without esophagitis, medication: Pantoprazole 40mg daily, well-controlled",high
"Your Instagram account has been restricted. Appeal: http://instagram-restriction-appeal.com",low
"ssid: FBI_Hostage_Rescue_Team, password: [LAW ENFORCEMENT SENSITIVE], security: WPA3",high
"bluetooth_pairing: Beats Fit Pro, mac: 5D:2F:8A:7E:1C:4B, user: hrt.operator@fbi.gov",high
"donald.johnson@usss.gov",high
"Latitude: 39.2130, Longitude: -76.8874, Columbia, MD",low
"icd_code: N40.1, icd_version: 10, diagnosis: Benign prostatic hyperplasia with lower urinary tract symptoms, IPSS score 18, Qmax 12 mL/s, medication: Tamsulosin 0.4mg daily, Dutasteride 0.5mg daily",high
"Congratulations! You've won a $500 Amazon gift card from our survey. Claim: http://amazon-survey-giftcard.com",low
"https://www.cdc.gov/nchs/data/icd/icd-10-cm-addenda-2025.pdf",low
"Name: Mahoning, OH; Longitude: -80.7195; Latitude: 41.0722",low
"wifi: Youngstown_Warren_Regional_Airport, password: FlyYNG2025, security: WPA2",high
"bluetooth_device: Garmin Venu 3, mac: 4C:8F:2A:7E:1B:5D, user: faa.tech.ops@dot.gov",high
"icd_code: J45.40, icd_version: 10, diagnosis: Moderate persistent asthma, FEV1 68% predicted, medication: Fluticasone/Salmeterol 250/50 BID, Montelukast 10mg daily",high
"patient_record: MRN: 44501, diagnosis: Type 2 diabetes mellitus, A1C 7.8%, on Metformin 1000mg BID, Empagliflozin 25mg daily",high
"robert.anderson@va.gov",high
"Your PayPal account has been credited with $75.00 from a friend. View: http://paypal-view-credit.com",low
"Latitude: 41.0722, Longitude: -80.7195, Youngstown, OH",low
"ssid: NSA_Remote_Operations_Center_3, password: [TOP SECRET//SI], security: WPA3-192",high
"bluetooth_pairing: Sony WF-1000XM5, mac: 7C:3A:5F:1E:9D:2B, user: roc.operator3@nsa.gov",high
"icd_code: I21.4, icd_version: 10, diagnosis: Non-ST elevation (NSTEMI) myocardial infarction, troponin 4.2, PCI to RCA with DES, EF 55%",high
"Your Spotify account has been logged in from a new device in Brazil. Verify: http://spotify-verify-device-brazil.com",low
"https://www.cdc.gov/nchs/data/ahcd/namcs-summary-2024.pdf",low
"County: Lackawanna, PA; Latitude: 41.4036; Longitude: -75.6610",low
"patient_id: 99112, icd_code: G47.33, icd_version: 10, diagnosis: Obstructive sleep apnea, moderate, AHI 28, CPAP 12 cmH2O prescribed, adherence 45%",high
"Your Apple Music subscription has expired. Renew now: http://apple-music-renew-now.com",low
"ssid: CIA_Directorate_of_Analysis, password: [CLASSIFIED], security: WPA3",high
"bluetooth_device: Samsung Galaxy Watch 5, mac: 5E:2A:7F:8C:1B:4D, user: da.analyst@cia.gov",high
"linda.taylor@nro.gov",high
"Latitude: 41.4036, Longitude: -75.6610, Scranton, PA",low
"icd_code: E11.21, icd_version: 10, diagnosis: Type 2 diabetes mellitus with diabetic nephropathy, UACR 480 mg/g, eGFR 52 mL/min, medication: Lisinopril 40mg, Empagliflozin 25mg",high
"Your Bank of America mortgage payment of $1,850.00 is due. Pay now: http://bofa-mortgage-pay-due.com",low
"https://www.cdc.gov/nchs/data/dvs/xss-data-file-documentation-2024.pdf",low
"Name: Bay, FL; Longitude: -85.6322; Latitude: 30.1792",low
"wifi_config: FBI_Jacksonville_Field_Office, password: [LAW ENFORCEMENT], security: WPA3",high
"bluetooth_pairing: Apple AirPods Pro, mac: 4F:8A:2C:7E:1B:5D, user: jax.agent@fbi.gov",high
"icd_code: M17.11, icd_version: 10, diagnosis: Unilateral primary osteoarthritis, right knee, KL grade 4, scheduled for total knee arthroplasty 2025-05-05",high
"patient_record: MRN: 33456, diagnosis: Ulcerative colitis, left-sided, in remission, medication: Mesalamine 4.8g daily",high
"charles.martinez@dea.gov",high
"Your UPS package is being held at the access point. Pick up: http://ups-access-pickup.com",low
"Latitude: 30.1792, Longitude: -85.6322, Panama City, FL",low
"ssid: White_House_Medical_Unit, password: WH_MD_2025!, security: WPA3-Enterprise",high
"bluetooth_device: Bose QuietComfort Earbuds II, mac: 3D:7F:1A:5C:9E:2B, user: wh.medical.director@whitehouse.gov",high
"icd_code: F41.0, icd_version: 10, diagnosis: Panic disorder, panic attacks 2-3x/week, started Sertraline 50mg daily, referred for CBT",high
"Your LinkedIn Premium trial ends today. Cancel: http://linkedin-premium-cancel.com",low
"https://www.cdc.gov/nchs/fastats/accidental-injury.htm",low
"County: Merrimack, NH; Latitude: 43.0633; Longitude: -71.4663",low
"patient_id: 66789, icd_code: I48.0, icd_version: 10, diagnosis: Paroxysmal atrial fibrillation, symptomatic, CHA2DS2-VASc 2, started Apixaban 5mg BID, referred for ablation",high
"Your Google Drive storage is 95% full. Upgrade to 2TB: http://google-drive-upgrade-2tb-now.com",low
"ssid: NSA_Cryptologic_Center_Texas_2, password: [TOP SECRET//SI], security: WPA3-192",high
"bluetooth_pairing: Sony WH-1000XM4, mac: 5C:2F:8A:7E:1B:4D, user: cct.analyst2@nsa.gov",high
"richard.thompson@usaf.mil",high
"Latitude: 43.0633, Longitude: -71.4663, Concord, NH",low
"icd_code: K57.30, icd_version: 10, diagnosis: Diverticulosis of large intestine without perforation or abscess without bleeding, incidental finding, no treatment",high
"Your PayPal account has been logged in from a new device in Canada. Verify: http://paypal-verify-device-canada.com",low
"https://www.cdc.gov/nchs/data/dvs/provisional-drug-overdose-death-counts-2025.pdf",low
"Name: Hampden, MA; Longitude: -72.5712; Latitude: 42.1384",low
"wifi: Bradley_International_Airport, password: BDL2025!, security: WPA2",high
"bluetooth_device: Garmin Forerunner 265, mac: 7B:4E:2A:8F:1C:5D, user: tsa.officer.bdl@dhs.gov",high
"icd_code: E78.5, icd_version: 10, diagnosis: Hyperlipidemia, unspecified, LDL 165 mg/dL, started Atorvastatin 20mg daily",high
"patient_record: MRN: 99156, diagnosis: Crohn's disease, ileocolonic, stricturing, on Adalimumab 40mg EOW, stable",high
"elizabeth.carter@fda.gov",high
"Your Amazon order #112-3456789 has shipped. Track: http://amazon-track-shipment-now.com",low
"Latitude: 42.1384, Longitude: -72.5712, Springfield, MA",low
"ssid: CIA_Office_of_Technical_Service, password: [CLASSIFIED], security: WPA3",high
"bluetooth_pairing: Samsung Galaxy Buds2, mac: 4F:8A:2C:7E:1B:5D, user: ots.officer@cia.gov",high
"icd_code: I25.110, icd_version: 10, diagnosis: Atherosclerotic heart disease of native coronary artery with unstable angina pectoris, s/p DES to LCx, EF 50%",high
"Your Capital One credit card has been charged $89.99. Verify: http://capitalone-verify-charge-online.com",low
"https://www.cdc.gov/nchs/data/statmortality-report-2025.pdf",low
"County: Westchester, NY; Latitude: 41.1215; Longitude: -73.7549",low
"patient_id: 77834, icd_code: I10, icd_version: 10, diagnosis: Essential (primary) hypertension, BP 144/88 mmHg, medication: Lisinopril 20mg daily, Amlodipine 5mg daily",high
"Your Facebook account has been disabled. Appeal: http://facebook-disable-appeal.com",low
"ssid: FBI_Counterterrorism_Division, password: [LAW ENFORCEMENT SENSITIVE], security: WPA3",high
"bluetooth_device: Apple AirPods Max, mac: 5D:2F:8A:7E:1C:4B, user: ctd.analyst@fbi.gov",high
"james.white@dhs.gov",high
"Latitude: 41.1215, Longitude: -73.7549, White Plains, NY",low
"icd_code: J44.0, icd_version: 10, diagnosis: Chronic obstructive pulmonary disease with acute lower respiratory infection, exacerbation, outpatient management, antibiotics, steroids",high
"Your PayPal account has been credited with $1,500 from a sale. View: http://paypal-view-sale-details.com",low
"https://www.cdc.gov/nchs/data/nhcs/telehealth-use-2025.pdf",low
"Name: Kent, MI; Longitude: -85.6681; Latitude: 42.9634",low
"wifi_config: DHS_Cyber_Crime_Center, password: [SENSITIVE], security: WPA3",high
"bluetooth_pairing: Sony WH-CH720N, mac: 7C:3A:5F:1E:9D:2B, user: c4.analyst@dhs.gov",high
"icd_code: G47.33, icd_version: 10, diagnosis: Obstructive sleep apnea, severe, AHI 42, CPAP 14 cmH2O, adherence 80%",high
"patient_record: MRN: 44523, diagnosis: Rheumatoid arthritis, seropositive, on Methotrexate 20mg weekly, Hydroxychloroquine 400mg daily",high
"sarah.johnson@nih.gov",high
"Your UPS delivery has been rescheduled for tomorrow. Confirm: http://ups-reschedule-confirm.com",low
"Latitude: 42.9634, Longitude: -85.6681, Grand Rapids, MI",low
"ssid: White_House_Communications_Office, password: WH_COM_2025!, security: WPA3-Enterprise",high
"bluetooth_device: Bose SoundLink Revolve II, mac: 3F:8A:5C:2E:7B:1D, user: wh.comms.director@whitehouse.gov",high
"icd_code: M54.5, icd_version: 10, diagnosis: Low back pain, chronic, MRI shows L5-S1 disc degeneration, physical therapy, NSAIDs PRN",high
"Your Instagram account has been hacked. Recover now: http://instagram-hack-recover-now.com",low
"https://www.cdc.gov/nchs/fastats/health-insurance.htm",low
"County: Gwinnett, GA; Latitude: 33.9565; Longitude: -84.0257",low
"patient_id: 99167, icd_code: I63.9, icd_version: 10, diagnosis: Cerebral infarction, unspecified, onset 2025-02-18, residual mild aphasia, speech therapy 2x/week",high
"Your Apple ID has been used to sign in to a new iPad in London. Secure: http://apple-secure-ipad-london.com",low
"ssid: NSA_Threat_Operations_Center_4, password: [TOP SECRET], security: WPA3-192",high
"bluetooth_pairing: Sony WF-1000XM4, mac: 5E:2A:7F:8C:1B:4D, user: toc.analyst4@nsa.gov",high
"robert.moore@usmarshals.gov",high
"Latitude: 33.9565, Longitude: -84.0257, Lawrenceville, GA",low
"icd_code: E11.22, icd_version: 10, diagnosis: Type 2 diabetes mellitus with diabetic chronic kidney disease, stage 3b, eGFR 42, UACR 520, medication: Lisinopril 40mg, Empagliflozin 25mg",high
"Your Netflix payment of $17.99 has failed. Update payment method: http://netflix-update-payment-failed.com",low
"https://www.cdc.gov/nchs/data/dvs/mortality-data-summary-2025.pdf",low
"Name: Weber, UT; Longitude: -111.9812; Latitude: 41.2565",low
"wifi: Ogden_Hinckley_Airport, password: OGD2025!, security: WPA2",high
"bluetooth_device: Garmin Venu 2S, mac: 4C:8F:2A:7E:1B:5D, user: faa.airport.ops@dot.gov",high
"icd_code: K29.70, icd_version: 10, diagnosis: Gastritis, unspecified, without bleeding, H. pylori positive, on quadruple therapy",high
"patient_record: MRN: 33478, diagnosis: Parkinson's disease, Hoehn and Yahr stage 2.5, medication: Carbidopa/Levodopa 25-100mg TID, Ropinirole 2mg daily",high
"patricia.garcia@dea.gov",high
"Your PayPal account has been limited. Provide documents to resolve: http://paypal-limited-resolve.com",low
"Latitude: 41.2565, Longitude: -111.9812, Ogden, UT",low
"ssid: CIA_Counterintelligence_Center, password: [CLASSIFIED], security: WPA3",high
"bluetooth_pairing: Apple AirPods Pro 2, mac: 5F:2A:8C:1E:7B:4D, user: cic.officer@cia.gov",high
"icd_code: G35, icd_version: 10, diagnosis: Multiple sclerosis, relapsing-remitting, EDSS 1.5, medication: Glatiramer acetate 40mg TIW",high
"Your Amazon Pay balance of $50.00 is expiring. Use now: http://amazonpay-use-expiring.com",low
"https://www.cdc.gov/nchs/data/databriefs/db502-summary.pdf",low
"County: Polk, IA; Latitude: 41.5868; Longitude: -93.6506",low
"patient_id: 66701, icd_code: I50.32, icd_version: 10, diagnosis: Chronic diastolic (congestive) heart failure, EF 60%, NYHA class II, medication: Furosemide 40mg daily, Spironolactone 25mg daily",high
"Your Facebook Marketplace listing has been approved. View: http://facebook-marketplace-approved.com",low
"ssid: DIA_Cyber_Threat_Analytics, password: [SECRET//NOFORN], security: WPA3-Enterprise",high
"bluetooth_device: Samsung Galaxy Buds Pro, mac: 7B:4E:2A:8F:1C:5D, user: cta.analyst@dia.mil",high
"christopher.evans@nro.gov",high
"Latitude: 41.5868, Longitude: -93.6506, Des Moines, IA",low
"icd_code: I48.91, icd_version: 10, diagnosis: Unspecified atrial fibrillation, CHA2DS2-VASc score 3, anticoagulation: Rivaroxaban 20mg daily, rate control: Metoprolol succinate 50mg daily",high
"Your Spotify account has been logged in from a new device in Mexico. Verify: http://spotify-verify-device-mexico.com",low
"https://www.cdc.gov/nchs/fastats/heart-disease.htm",low
"Name: Snohomish, WA; Longitude: -122.3321; Latitude: 47.9288",low
"wifi_config: FBI_Seattle_Field_Office, password: [LAW ENFORCEMENT], security: WPA3",high
"bluetooth_pairing: Sony WH-1000XM5, mac: 5C:2F:8A:7E:1B:4D, user: seattle.agent@fbi.gov",high
"icd_code: J45.909, icd_version: 10, diagnosis: Unspecified asthma, uncomplicated, well-controlled, Albuterol HFA PRN",high
"patient_record: MRN: 99189, diagnosis: Ulcerative colitis, pancolitis, on Vedolizumab 300mg IV every 8 weeks, remission",high
"elizabeth.martinez@usda.gov",high
"Your UPS package signature is required. Schedule: http://ups-signature-schedule-online.com",low
"Latitude: 47.9288, Longitude: -122.3321, Everett, WA",low
"ssid: White_House_Counsel's_Office, password: WH_COUNS3L_2025!, security: WPA3-Enterprise",high
"bluetooth_device: Bose QuietComfort 35 II, mac: 3D:7F:1A:5C:9E:2B, user: wh.counsel@whitehouse.gov",high
"icd_code: F31.9, icd_version: 10, diagnosis: Bipolar disorder, unspecified, currently euthymic, medication: Lamotrigine 200mg daily",high
"Your Capital One 360 account has been accessed from a new location. Verify: http://capitalone-verify-location.com",low
"https://www.cdc.gov/nchs/data/nvsr/nvsr74-01-2025.pdf",low
"County: Larimer, CO; Latitude: 40.5583; Longitude: -105.1072",low
"patient_id: 77812, icd_code: I21.01, icd_version: 10, diagnosis: ST elevation (STEMI) myocardial infarction involving left main coronary artery, primary PCI with DES to LM, EF 40%",high
"Your Apple Music family plan has expired. Renew: http://apple-music-family-renew.com",low
"ssid: NSA_Cryptologic_Center_Hawaii, password: [TOP SECRET//SI], security: WPA3-192",high
"bluetooth_pairing: Samsung Galaxy Watch 6, mac: 4F:8A:2C:7E:1B:5D, user: cch.analyst@nsa.gov",high
"james.robinson@af.mil",high
"Latitude: 40.5583, Longitude: -105.1072, Fort Collins, CO",low
"icd_code: M17.0, icd_version: 10, diagnosis: Bilateral primary osteoarthritis of knee, right > left, KL grade 4 right, grade 3 left, scheduled for right TKA 2025-06-15",high
"Your PayPal account has been credited with $250.00 from a refund. View: http://paypal-view-refund-credit.com",low
"https://www.cdc.gov/nchs/data/databriefs/db501-summary.pdf",low
"Name: Lake, IN; Longitude: -87.3653; Latitude: 41.4102",low
"wifi: Gary_Chicago_International_Airport, password: GYY2025!, security: WPA2",high
"bluetooth_device: Garmin Forerunner 965, mac: 7C:3A:5F:1E:9D:2B, user: tsa.officer.gyy@dhs.gov",high
"icd_code: E78.00, icd_version: 10, diagnosis: Pure hypercholesterolemia, unspecified, LDL 205 mg/dL, started Rosuvastatin 20mg daily",high
"patient_record: MRN: 44545, diagnosis: Crohn's disease, ileocolonic, inflammatory, on Adalimumab 40mg EOW, mild symptoms",high
"patricia.wilson@fbi.gov",high
"Your Amazon order #112-7890123 is out for delivery. Track: http://amazon-track-outfordelivery.com",low
"Latitude: 41.4102, Longitude: -87.3653, Gary, IN",low
"ssid: CIA_Directorate_of_Digital_Innovation, password: [CLASSIFIED], security: WPA3",high
"bluetooth_pairing: Apple AirPods Max, mac: 5E:2A:7F:8C:1B:4D, user: ddi.officer@cia.gov",high
"icd_code: I25.2, icd_version: 10, diagnosis: Old myocardial infarction, s/p inferior wall MI 2023-08-20, EF 45%",high
"Your Facebook account has been locked due to suspicious activity. Unlock: http://facebook-lock-unlock.com",low
"https://www.cdc.gov/nchs/fastats/chronic-kidney-disease.htm",low
"County: Cumberland, PA; Latitude: 40.1903; Longitude: -77.1867",low
"patient_id: 99101, icd_code: G47.33, icd_version: 10, diagnosis: Obstructive sleep apnea, severe, AHI 48, CPAP 14 cmH2O, adherence 65%",high
"Your LinkedIn account has been viewed by 30 recruiters. See who: http://linkedin-see-recruiters.com",low
"ssid: FBI_Critical_Incident_Response_Group, password: [LAW ENFORCEMENT SENSITIVE], security: WPA3",high
"bluetooth_device: Sony WH-CH720N, mac: 5F:2A:8C:1E:7B:4D, user: cirg.operator@fbi.gov",high
"richard.carter@dea.gov",high
"Latitude: 40.1903, Longitude: -77.1867, Carlisle, PA",low
"icd_code: N18.4, icd_version: 10, diagnosis: Chronic kidney disease, stage 4 (severe), eGFR 22 mL/min, preparation for dialysis",high
"Your PayPal account has received a chargeback of $125.00. Respond: http://paypal-chargeback-respond-now.com",low
"https://www.cdc.gov/nchs/data/statmortality-report-2025-supplement.pdf",low
"Name: Monroe, NY; Longitude: -77.5840; Latitude: 43.1483",low
"wifi_config: DHS_Transportation_Security_Administration_HQ, password: [SENSITIVE], security: WPA3",high
"bluetooth_pairing: Samsung Galaxy Buds2 Pro, mac: 7B:4E:2A:8F:1C:5D, user: tsa.hq.analyst@dhs.gov",high
"icd_code: I10, icd_version: 10, diagnosis: Essential (primary) hypertension, BP 142/86 mmHg, controlled on Lisinopril 20mg daily",high
"patient_record: MRN: 66723, diagnosis: Type 2 diabetes mellitus, A1C 7.1%, on Metformin 1000mg BID",high
"jennifer.lee@nih.gov",high
"Your UPS delivery has been delayed due to weather. Track: http://ups-weather-delay-track.com",low
"Latitude: 43.1483, Longitude: -77.5840, Rochester, NY",low
"ssid: White_House_Press_Office, password: WH_PR3SS_2025!, security: WPA2-Enterprise",high
"bluetooth_device: Bose SoundLink Flex, mac: 3F:8A:5C:2E:7B:1D, user: wh.press.secretary@whitehouse.gov",high
"icd_code: F41.1, icd_version: 10, diagnosis: Generalized anxiety disorder, GAD-7 score 14, medication: Sertraline 100mg daily",high
"Your Instagram account has been disabled. Appeal: http://instagram-disable-appeal.com",low
"https://www.cdc.gov/nchs/fastats/cancer.htm",low
"County: Salt Lake, UT; Latitude: 40.7608; Longitude: -111.8910",low
"patient_id: 33489, icd_code: I63.50, icd_version: 10, diagnosis: Cerebral infarction due to unspecified occlusion or stenosis of unspecified cerebral artery, onset 2025-02-25, residual mild left-sided weakness",high
"Your Apple ID has been locked due to security reasons. Unlock: http://apple-id-security-unlock-now.com",low
"ssid: NSA_Remote_Operations_Center_4, password: [TOP SECRET//SI], security: WPA3-192",high
"bluetooth_pairing: Sony WF-1000XM4, mac: 5C:2F:8A:7E:1B:4D, user: roc.operator4@nsa.gov",high
"donald.king@nro.gov",high
"Latitude: 40.7608, Longitude: -111.8910, Salt Lake City, UT",low
"icd_code: E11.65, icd_version: 10, diagnosis: Type 2 diabetes mellitus with hyperglycemia, A1C 9.2%, insulin glargine 20 units nightly initiated",high
"Your Amazon Pay balance of $100.00 is expiring soon. Use now: http://amazonpay-use-balance-soon.com",low
"https://www.cdc.gov/nchs/data/dvs/mortality-micro-data-documentation-2025.pdf",low
"Name: Dutchess, NY; Longitude: -73.9254; Latitude: 41.7056",low
"wifi: Stewart_International_Airport, password: SWF2025!, security: WPA2",high
"bluetooth_device: Garmin Venu 3, mac: 4C:8F:2A:7E:1B:5D, user: faa.airport.ops.swf@dot.gov",high
"icd_code: K57.32, icd_version: 10, diagnosis: Diverticulitis of large intestine with perforation and abscess without bleeding, CT-guided drainage 2025-02-20",high
"patient_record: MRN: 99178, diagnosis: Rheumatoid arthritis, seropositive, on Methotrexate 25mg weekly, Adalimumab 40mg EOW",high
"charles.williams@usss.gov",high
"Your PayPal account has been limited due to policy violations. Appeal: http://paypal-policy-appeal.com",low
"Latitude: 41.7056, Longitude: -73.9254, Poughkeepsie, NY",low
"ssid: CIA_Clandestine_Service, password: [CLASSIFIED//HCS], security: WPA3",high
"bluetooth_pairing: Apple AirPods Pro 2, mac: 5D:2F:8A:7E:1C:4B, user: cs.officer@cia.gov",high
"icd_code: I48.91, icd_version: 10, diagnosis: Unspecified atrial fibrillation, CHA2DS2-VASc score 2, anticoagulation: Apixaban 5mg BID",high
"Your Facebook account has been hacked. Secure now: http://facebook-hack-secure-now-online.com",low
"https://www.cdc.gov/nchs/data/nvsr/nvsr73-08-2025.pdf",low
"County: Bernalillo, NM; Latitude: 35.0844; Longitude: -106.5523",low
"patient_id: 77856, icd_code: I21.4, icd_version: 10, diagnosis: Non-ST elevation (NSTEMI) myocardial infarction, troponin 3.8, PCI to OM2 with DES",high
"Your Spotify account has been logged in from a new device in France. Verify: http://spotify-verify-device-france.com",low
"ssid: FBI_Evidence_Response_Team_Unit_2, password: [LAW ENFORCEMENT], security: WPA3",high
"bluetooth_pairing: Beats Fit Pro, mac: 7C:3A:5F:1E:9D:2B, user: ert.supervisor2@fbi.gov",high
"jason.wilson@dea.gov",high
"Latitude: 35.0844, Longitude: -106.5523, Albuquerque, NM",low
"icd_code: J44.1, icd_version: 10, diagnosis: Chronic obstructive pulmonary disease with acute exacerbation, hospitalized 2025-02-28, treated with IV steroids, antibiotics",high
"Your Capital One credit card has been charged $45.67. Verify: http://capitalone-verify-charge-online-now.com",low
"https://www.cdc.gov/nchs/fastats/diabetes.htm",low
"Name: Spokane, WA; Longitude: -117.4260; Latitude: 47.6588",low
"wifi_config: DHS_Cybersecurity_and_Infrastructure_Security_Agency, password: [SENSITIVE], security: WPA3",high
"bluetooth_pairing: Sony WH-1000XM5, mac: 5E:2A:7F:8C:1B:4D, user: cisa.analyst.region10@dhs.gov",high
"icd_code: M54.5, icd_version: 10, diagnosis: Low back pain, chronic, MRI shows L4-L5 disc bulge, no radiculopathy",high
"patient_record: MRN: 44567, diagnosis: Crohn's disease, ileocolonic, fistulizing, seton placement, started Infliximab 5mg/kg IV",high
"elizabeth.robinson@fda.gov",high
"Your Amazon order #113-9876543 has been delayed. Track: http://amazon-delay-track.com",low
"Latitude: 47.6588, Longitude: -117.4260, Spokane, WA",low
"ssid: White_House_Office_of_Management_and_Budget, password: WH_0MB_2025!, security: WPA3-Enterprise",high
"bluetooth_device: Bose QuietComfort 45, mac: 3D:7F:1A:5C:9E:2B, user: wh.omb.director@whitehouse.gov",high
"icd_code: G35, icd_version: 10, diagnosis: Multiple sclerosis, relapsing-remitting, EDSS 2.0, medication: Ocrelizumab 600mg IV every 6 months",high
"Your Netflix account has been hacked. Recover: http://netflix-hack-recover-account.com",low
"https://www.cdc.gov/nchs/data/databriefs/db500-summary.pdf",low
"County: Polk, FL; Longitude: -81.9499; Latitude: 27.9969",low
"patient_id: 99134, icd_code: G47.33, icd_version: 10, diagnosis: Obstructive sleep apnea, moderate, AHI 25, CPAP 12 cmH2O prescribed",high
"Your Apple Music subscription has expired. Renew now: http://apple-music-renew-subscription.com",low
"ssid: NSA_Cryptologic_Center_Colorado, password: [TOP SECRET//SI], security: WPA3-192",high
"bluetooth_device: Samsung Galaxy Watch 5, mac: 4F:8A:2C:7E:1B:5D, user: ccc.analyst@nsa.gov",high
"jennifer.white@usaf.mil",high
"Latitude: 27.9969, Longitude: -81.9499, Lakeland, FL",low
"icd_code: I25.119, icd_version: 10, diagnosis: Atherosclerotic heart disease of native coronary artery with unspecified angina pectoris, s/p DES to RCA 2024-09-12",high
"Your PayPal account has been credited with $75.00 from a friend. Confirm: http://paypal-confirm-friend-credit.com",low
"https://www.cdc.gov/nchs/data/nhcs/mental-health-telehealth-2025.pdf",low
"Name: Cabarrus, NC; Longitude: -80.5637; Latitude: 35.3865",low
"wifi: Charlotte_Douglas_International_Airport, password: CLT2025!, security: WPA2",high
"bluetooth_device: Garmin Forerunner 265, mac: 7B:4E:2A:8F:1C:5D, user: tsa.officer.clt@dhs.gov",high
"icd_code: E78.2, icd_version: 10, diagnosis: Mixed hyperlipidemia, LDL 195 mg/dL, triglycerides 280 mg/dL, started Atorvastatin 40mg daily",high
"patient_record: MRN: 33412, diagnosis: Parkinson's disease, Hoehn and Yahr stage 2, medication: Carbidopa/Levodopa 25-100mg TID",high
"christopher.lee@uscis.gov",high
"Your UPS delivery has been rescheduled. Confirm: http://ups-reschedule-confirm-online.com",low
"Latitude: 35.3865, Longitude: -80.5637, Concord, NC",low
"ssid: CIA_Directorate_of_Support, password: [CLASSIFIED], security: WPA3",high
"bluetooth_pairing: Apple AirPods Max, mac: 5F:2A:8C:1E:7B:4D, user: ds.officer@cia.gov",high
"icd_code: I10, icd_version: 10, diagnosis: Essential (primary) hypertension, BP 138/84 mmHg, on Lisinopril 10mg daily",high
"Your LinkedIn account has been restricted. Verify identity: http://linkedin-restriction-verify-now.com",low
"https://www.cdc.gov/nchs/fastats/hiv-aids.htm",low
"County: Stark, IL; Longitude: -89.6137; Latitude: 41.0867",low
"patient_id: 66745, icd_code: I48.0, icd_version: 10, diagnosis: Paroxysmal atrial fibrillation, symptomatic, CHA2DS2-VASc 2, started Apixaban 5mg BID",high
"Your Facebook Marketplace listing has been removed. Appeal: http://facebook-marketplace-removal-appeal.com",low
"ssid: FBI_Joint_Terrorism_Task_Force_Chicago, password: [LAW ENFORCEMENT SENSITIVE], security: WPA3",high
"bluetooth_pairing: Sony WH-CH720N, mac: 5C:2F:8A:7E:1B:4D, user: jttf.chi.agent@fbi.gov",high
"richard.moore@odni.gov",high
"Latitude: 41.0867, Longitude: -89.6137, Toulon, IL",low
"icd_code: K21.9, icd_version: 10, diagnosis: Gastro-esophageal reflux disease without esophagitis, medication: Omeprazole 20mg daily",high
"Your Amazon Pay balance of $15.00 is expiring. Use now: http://amazonpay-use-expiring-balance.com",low
"https://www.cdc.gov/nchs/data/databriefs/db503-summary.pdf",low
"Name: Luzerne, PA; Longitude: -75.8812; Latitude: 41.2448",low
"wifi_config: DHS_Transportation_Security_Administration_R&D, password: [SENSITIVE], security: WPA3",high
"bluetooth_pairing: Samsung Galaxy Buds2, mac: 7C:3A:5F:1E:9D:2B, user: tsa.rd.engineer@dhs.gov",high
"icd_code: M17.11, icd_version: 10, diagnosis: Unilateral primary osteoarthritis, right knee, KL grade 4, scheduled for TKA 2025-07-01",high
"patient_record: MRN: 99156, diagnosis: Ulcerative colitis, left-sided, on Mesalamine 4.8g daily, remission",high
"jennifer.jackson@va.gov",high
"Your PayPal account has been logged in from a new device in Germany. Verify: http://paypal-verify-device-germany.com",low
"ssid: White_House_Office_of_National_Drug_Control_Policy, password: WH_0NDCP_2025!, security: WPA3-Enterprise",high
"bluetooth_device: Bose SoundLink Flex, mac: 3F:8A:5C:2E:7B:1D, user: wh.ondcp.director@whitehouse.gov",high
"icd_code: F32.1, icd_version: 10, diagnosis: Major depressive disorder, single episode, moderate, PHQ-9 score 15, started Escitalopram 10mg daily",high
"Your Instagram account has been hacked. Recover now: http://instagram-hack-recover-now-online.com",low
"https://www.cdc.gov/nchs/data/nvsr/nvsr73-09-2025.pdf",low
"County: Coconino, AZ; Latitude: 35.1982; Longitude: -111.6513",low
"patient_id: 77823, icd_code: I63.9, icd_version: 10, diagnosis: Cerebral infarction, unspecified, onset 2025-03-01, residual mild dysarthria",high
"Your Apple ID has been used to sign in to a new Mac in Canada. Secure: http://apple-secure-mac-canada.com",low
"ssid: NSA_Threat_Operations_Center_5, password: [TOP SECRET], security: WPA3-192",high
"bluetooth_pairing: Sony WF-1000XM5, mac: 5E:2A:7F:8C:1B:4D, user: toc.analyst5@nsa.gov",high
"donald.martinez@nro.gov",high
"Latitude: 35.1982, Longitude: -111.6513, Flagstaff, AZ",low
"icd_code: E11.21, icd_version: 10, diagnosis: Type 2 diabetes mellitus with diabetic nephropathy, UACR 380 mg/g, eGFR 58 mL/min",high
"Your Capital One 360 account has been accessed from a new browser. Verify: http://capitalone-verify-browser-online.com",low
"https://www.cdc.gov/nchs/fastats/immunization.htm",low
"Name: Bonner, ID; Longitude: -116.6047; Latitude: 48.2466",low
"wifi: Spokane_International_Airport, password: GEG2025!, security: WPA2",high
"bluetooth_device: Garmin Venu 3, mac: 4C:8F:2A:7E:1B:5D, user: faa.airport.ops.geg@dot.gov",high
"icd_code: J45.40, icd_version: 10, diagnosis: Moderate persistent asthma, FEV1 70% predicted, medication: Fluticasone/Salmeterol 250/50 BID",high
"patient_record: MRN: 44589, diagnosis: Crohn's disease, ileocolonic, stricturing, s/p ileocecal resection, anastomotic stricture, scheduled for dilation",high
"charles.taylor@fbi.gov",high
"Your Amazon order #112-4567890 has shipped. Track: http://amazon-track-shipment-online.com",low
"Latitude: 48.2466, Longitude: -116.6047, Sandpoint, ID",low
"ssid: CIA_Office_of_Military_Affairs, password: [CLASSIFIED], security: WPA3",high
"bluetooth_pairing: Apple AirPods Pro 2, mac: 5F:2A:8C:1E:7B:4D, user: oma.officer@cia.gov",high
"icd_code: I25.110, icd_version: 10, diagnosis: Atherosclerotic heart disease of native coronary artery with unstable angina pectoris, s/p DES to LAD",high
"Your Netflix payment of $17.99 has failed. Update billing: http://netflix-billing-update-failed.com",low
"https://www.cdc.gov/nchs/data/databriefs/db504-summary.pdf",low
"County: Deschutes, OR; Latitude: 44.0560; Longitude: -121.3007",low
"patient_id: 99123, icd_code: G47.33, icd_version: 10, diagnosis: Obstructive sleep apnea, severe, AHI 52, CPAP 15 cmH2O prescribed",high
"Your Facebook account has been disabled. Appeal now: http://facebook-disabled-appeal-now.com",low
"ssid: FBI_Critical_Incident_Response_Group_2, password: [LAW ENFORCEMENT SENSITIVE], security: WPA3",high
"bluetooth_pairing: Beats Fit Pro, mac: 7B:4E:2A:8F:1C:5D, user: cirg.operator2@fbi.gov",high
"jason.johnson@dea.gov",high
"Latitude: 44.0560, Longitude: -121.3007, Bend, OR",low
"icd_code: N40.1, icd_version: 10, diagnosis: Benign prostatic hyperplasia with lower urinary tract symptoms, IPSS score 20, medication: Tamsulosin 0.4mg daily",high
"Your PayPal account has been credited with $1,000 from a sale. View: http://paypal-view-sale-credit.com",low
"https://www.cdc.gov/nchs/data/nhcs/primary-care-telehealth-2025.pdf",low
"Name: Johnson, IA; Longitude: -91.6365; Latitude: 41.6612",low
"wifi_config: DHS_Cyber_Crime_Center_2, password: [SENSITIVE], security: WPA3",high
"bluetooth_pairing: Sony WH-1000XM4, mac: 5C:2F:8A:7E:1B:4D, user: c4.analyst2@dhs.gov",high
"icd_code: I48.91, icd_version: 10, diagnosis: Unspecified atrial fibrillation, CHA2DS2-VASc score 3, anticoagulation: Rivaroxaban 20mg daily",high
"patient_record: MRN: 33467, diagnosis: Rheumatoid arthritis, seropositive, on Methotrexate 20mg weekly, Hydroxychloroquine 400mg daily",high
"elizabeth.davis@usda.gov",high
"Your UPS delivery has been delayed due to mechanical issue. Reschedule: http://ups-mechanical-reschedule.com",low
"Latitude: 41.6612, Longitude: -91.6365, Iowa City, IA",low
"ssid: White_House_Office_of_Intergovernmental_Affairs, password: WH_0IA_2025!, security: WPA2-Enterprise",high
"bluetooth_device: Bose QuietComfort Earbuds II, mac: 3D:7F:1A:5C:9E:2B, user: wh.oia.director@whitehouse.gov",high
"icd_code: G35, icd_version: 10, diagnosis: Multiple sclerosis, relapsing-remitting, EDSS 1.5, medication: Glatiramer acetate 40mg TIW",high
"Your Spotify account has been logged in from a new device in Australia. Verify: http://spotify-verify-device-australia.com",low
"https://www.cdc.gov/nchs/fastats/mental-health.htm",low
"County: Missoula, MT; Latitude: 46.8721; Longitude: -114.0023",low
"patient_id: 66778, icd_code: I10, icd_version: 10, diagnosis: Essential (primary) hypertension, BP 146/90 mmHg, medication: Lisinopril 20mg daily, Amlodipine 5mg daily",high
"Your Apple Music subscription has expired. Renew now: http://apple-music-renew-now-online.com",low
"ssid: NSA_Cryptologic_Center_Denver, password: [TOP SECRET//SI], security: WPA3-192",high
"bluetooth_device: Samsung Galaxy Watch 6 Classic, mac: 4F:8A:2C:7E:1B:5D, user: ccd.analyst@nsa.gov",high
"christopher.anderson@usaf.mil",high
"Latitude: 46.8721, Longitude: -114.0023, Missoula, MT",low
"icd_code: E11.22, icd_version: 10, diagnosis: Type 2 diabetes mellitus with diabetic chronic kidney disease, stage 3a, eGFR 55, UACR 320",high
"Your Amazon Pay balance of $35.00 is expiring soon. Use now: http://amazonpay-use-expiring-soon.com",low
"https://www.cdc.gov/nchs/data/nvsr/nvsr73-10-2025.pdf",low
"Name: Yellowstone, MT; Longitude: -108.5507; Latitude: 45.8021",low
"wifi: Billings_Logan_International_Airport, password: BIL2025!, security: WPA2",high
"bluetooth_device: Garmin Forerunner 965, mac: 7C:3A:5F:1E:9D:2B, user: tsa.officer.bil@dhs.gov",high
"icd_code: K29.70, icd_version: 10, diagnosis: Gastritis, unspecified, without bleeding, H. pylori negative, on PPI",high
"patient_record: MRN: 99189, diagnosis: Parkinson's disease, Hoehn and Yahr stage 2.5, medication: Carbidopa/Levodopa 25-100mg TID, Rasagiline 1mg daily",high
"patricia.thomas@dea.gov",high
"Your PayPal account has been limited. Provide documents to resolve: http://paypal-limited-resolve-documents.com",low
"Latitude: 45.8021, Longitude: -108.5507, Billings, MT",low
"ssid: CIA_Counterproliferation_Division, password: [CLASSIFIED], security: WPA3",high
"bluetooth_pairing: Apple AirPods Max, mac: 5E:2A:7F:8C:1B:4D, user: cpd.officer@cia.gov",high
"icd_code: M17.0, icd_version: 10, diagnosis: Bilateral primary osteoarthritis of knee, KL grade 4 right, grade 3 left, scheduled for right TKA",high
"Your Facebook account has been hacked. Secure now: http://facebook-hack-secure-now-online.com",low
"https://www.cdc.gov/nchs/data/databriefs/db505-summary.pdf",low
"County: Ada, ID; Latitude: 43.6137; Longitude: -116.2026",low
"patient_id: 77890, icd_code: I21.01, icd_version: 10, diagnosis: ST elevation (STEMI) myocardial infarction involving left main coronary artery, primary PCI with DES to LM, EF 45%",high
"Your LinkedIn account has been restricted. Verify identity: http://linkedin-restriction-verify-online.com",low
"ssid: FBI_Joint_Counterterrorism_Task_Force_LA_2, password: [LAW ENFORCEMENT SENSITIVE], security: WPA3",high
"bluetooth_pairing: Sony WH-CH720N, mac: 5F:2A:8C:1E:7B:4D, user: jcttf.la.agent2@fbi.gov",high
"james.miller@odni.gov",high
"Latitude: 43.6137, Longitude: -116.2026, Boise, ID",low
"icd_code: J44.0, icd_version: 10, diagnosis: Chronic obstructive pulmonary disease with acute lower respiratory infection, exacerbation, outpatient treatment",high
"Your Capital One credit card has been charged $125.50. Verify: http://capitalone-verify-charge-online-security.com",low
"https://www.cdc.gov/nchs/fastats/alzheimers-disease.htm",low
"Name: Leon, FL; Longitude: -84.2726; Latitude: 30.4567",low
"wifi_config: DHS_Transportation_Security_Administration_CANINE, password: [SENSITIVE], security: WPA3",high
"bluetooth_pairing: Samsung Galaxy Buds2 Pro, mac: 7B:4E:2A:8F:1C:5D, user: tsa.canine.handler@dhs.gov",high
"icd_code: E78.5, icd_version: 10, diagnosis: Hyperlipidemia, unspecified, LDL 158 mg/dL, started Atorvastatin 20mg daily",high
"patient_record: MRN: 44501, diagnosis: Ulcerative colitis, pancolitis, on Vedolizumab 300mg IV every 8 weeks",high
"elizabeth.johnson@fda.gov",high
"Your Amazon order #112-5678901 is out for delivery. Track: http://amazon-track-outfordelivery-now.com",low
"Latitude: 30.4567, Longitude: -84.2726, Tallahassee, FL",low
"ssid: White_House_Office_of_Science_and_Technology_Policy, password: WH_0STP_2025!, security: WPA3-Enterprise",high
"bluetooth_device: Bose QuietComfort 45, mac: 3D:7F:1A:5C:9E:2B, user: wh.ostp.director@whitehouse.gov",high
"icd_code: F41.0, icd_version: 10, diagnosis: Panic disorder, panic attacks 2x/week, started Sertraline 50mg daily",high
"Your Instagram account has been disabled. Appeal now: http://instagram-disabled-appeal-now.com",low
"https://www.cdc.gov/nchs/data/nhcs/telehealth-use-2025-supplement.pdf",low
"County: Chester, SC; Longitude: -81.1609; Latitude: 34.7054",low
"patient_id: 33456, icd_code: I63.50, icd_version: 10, diagnosis: Cerebral infarction due to unspecified occlusion or stenosis of unspecified cerebral artery, onset 2025-03-05, residual mild weakness",high
"Your Apple ID has been locked due to security reasons. Unlock now: http://apple-id-security-unlock-online.com",low
"ssid: NSA_Remote_Operations_Center_5, password: [TOP SECRET//SI], security: WPA3-192",high
"bluetooth_pairing: Sony WF-1000XM4, mac: 5C:2F:8A:7E:1B:4D, user: roc.operator5@nsa.gov",high
"robert.brown@nro.gov",high
"Latitude: 34.7054, Longitude: -81.1609, Chester, SC",low
"icd_code: I25.2, icd_version: 10, diagnosis: Old myocardial infarction, s/p inferior wall MI 2024-01-15, EF 50%",high
"Your Netflix payment of $15.49 has failed. Update billing: http://netflix-billing-update-failed-now.com",low
"https://www.cdc.gov/nchs/data/databriefs/db506-summary.pdf",low
"Name: Chemung, NY; Longitude: -76.8097; Latitude: 42.0989",low
"wifi: Elmira_Corning_Regional_Airport, password: ELM2025!, security: WPA2",high
"bluetooth_device: Garmin Venu 2S, mac: 4C:8F:2A:7E:1B:5D, user: faa.airport.ops.elm@dot.gov",high
"icd_code: J45.909, icd_version: 10, diagnosis: Unspecified asthma, uncomplicated, well-controlled, Albuterol HFA PRN",high
"patient_record: MRN: 99101, diagnosis: Crohn's disease, ileocolonic, inflammatory, on Adalimumab 40mg EOW",high
"charles.garcia@fbi.gov",high
"Your PayPal account has been credited with $50.00 from a refund. View: http://paypal-view-refund-credit-online.com",low
"Latitude: 42.0989, Longitude: -76.8097, Elmira, NY",low
"ssid: CIA_Office_of_General_Counsel, password: [CLASSIFIED], security: WPA3",high
"bluetooth_pairing: Apple AirPods Pro, mac: 5F:2A:8C:1E:7B:4D, user: ogc.officer@cia.gov",high
"icd_code: G47.33, icd_version: 10, diagnosis: Obstructive sleep apnea, severe, AHI 38, CPAP 13 cmH2O, adherence 70%",high
"Your Facebook account has been locked due to suspicious activity. Unlock: http://facebook-lock-unlock-now.com",low
"https://www.cdc.gov/nchs/fastats/suicide.htm",low
"County: Spokane, WA; Latitude: 47.6588; Longitude: -117.4260",low
"patient_id: 66789, icd_code: I48.0, icd_version: 10, diagnosis: Paroxysmal atrial fibrillation, symptomatic, CHA2DS2-VASc 2, started Apixaban 5mg BID",high
"Your Spotify account has been logged in from a new device in Japan. Verify: http://spotify-verify-device-japan.com",low
"ssid: FBI_Counterintelligence_Division_2, password: [LAW ENFORCEMENT SENSITIVE], security: WPA3",high
"bluetooth_pairing: Beats Fit Pro, mac: 7C:3A:5F:1E:9D:2B, user: ci.analyst2@fbi.gov",high
"jason.williams@dea.gov",high
"icd_code: M54.5, icd_version: 10, diagnosis: Low back pain, chronic, MRI shows L5-S1 disc degeneration, physical therapy",high
"Your Amazon Pay balance of $60.00 is expiring soon. Use now: http://amazonpay-use-expiring-soon-online.com",low
"https://www.cdc.gov/nchs/data/nvsr/nvsr73-11-2025.pdf",low
"Name: Yellowstone, MT; Longitude: -108.5507; Latitude: 45.8021",low
"wifi_config: DHS_Cybersecurity_Advisory_Committee, password: [SENSITIVE], security: WPA3",high
"bluetooth_pairing: Sony WH-1000XM5, mac: 5E:2A:7F:8C:1B:4D, user: cac.member@dhs.gov",high
"icd_code: I10, icd_version: 10, diagnosis: Essential (primary) hypertension, BP 142/86 mmHg, on Lisinopril 20mg daily",high
"patient_record: MRN: 77834, diagnosis: Type 2 diabetes mellitus, A1C 7.2%, on Metformin 1000mg BID",high
"elizabeth.thomas@usss.gov",high
"Your UPS delivery has been delayed due to weather. Track: http://ups-weather-delay-track-online.com",low
"Latitude: 45.8021, Longitude: -108.5507, Billings, MT",low
"ssid: White_House_Office_of_Legislative_Affairs, password: WH_0LA_2025!, security: WPA2-Enterprise",high
"bluetooth_device: Bose SoundLink Flex, mac: 3F:8A:5C:2E:7B:1D, user: wh.ola.director@whitehouse.gov",high
"icd_code: F32.1, icd_version: 10, diagnosis: Major depressive disorder, single episode, moderate, PHQ-9 score 14",high
"Your Apple Music subscription has expired. Renew now: http://apple-music-renew-now-online-again.com",low
"https://www.cdc.gov/nchs/data/databriefs/db507-summary.pdf",low
"County: Ada, ID; Latitude: 43.6137; Longitude: -116.2026",low
"patient_id: 99145, icd_code: I21.4, icd_version: 10, diagnosis: Non-ST elevation (NSTEMI) myocardial infarction, troponin 2.8, PCI to RCA with DES",high
"Your Facebook Marketplace listing has been approved. View: http://facebook-marketplace-approved-online.com",low
"ssid: NSA_Cryptologic_Center_San_Antonio, password: [TOP SECRET//SI], security: WPA3-192",high
"bluetooth_device: Samsung Galaxy Watch 6, mac: 4F:8A:2C:7E:1B:5D, user: ccs.analyst@nsa.gov",high
"donald.jones@usaf.mil",high
"Latitude: 43.6137, Longitude: -116.2026, Boise, ID",low
"icd_code: E11.65, icd_version: 10, diagnosis: Type 2 diabetes mellitus with hyperglycemia, A1C 9.5%, insulin glargine 25 units nightly",high
"Your PayPal account has been logged in from a new device in Spain. Verify: http://paypal-verify-device-spain.com",low
"https://www.cdc.gov/nchs/fastats/arthritis.htm",low
"Name: Yakima, WA; Longitude: -120.5076; Latitude: 46.6015",low
"wifi: Yakima_Air_Terminal, password: YKM2025!, security: WPA2",high
"bluetooth_device: Garmin Forerunner 265, mac: 7B:4E:2A:8F:1C:5D, user: faa.airport.ops.ykm@dot.gov",high
"icd_code: K57.30, icd_version: 10, diagnosis: Diverticulosis of large intestine without perforation or abscess without bleeding",high
"patient_record: MRN: 33489, diagnosis: Rheumatoid arthritis, seropositive, on Methotrexate 20mg weekly",high
"charles.white@nih.gov",high
"Your Amazon order #113-1234567 has shipped. Track: http://amazon-track-shipment-online-now.com",low
"Latitude: 46.6015, Longitude: -120.5076, Yakima, WA",low
"ssid: CIA_Office_of_Inspector_General, password: [CLASSIFIED], security: WPA3",high
"bluetooth_pairing: Apple AirPods Max, mac: 5C:2F:8A:7E:1B:4D, user: oig.officer@cia.gov",high
"icd_code: I25.119, icd_version: 10, diagnosis: Atherosclerotic heart disease of native coronary artery with unspecified angina pectoris",high
"Your Capital One 360 account has been accessed from a new location. Verify: http://capitalone-verify-location-online.com",low
"https://www.cdc.gov/nchs/data/nhcs/mental-health-telehealth-2025-supplement.pdf",low
"County: Wood, OH; Longitude: -83.5682; Latitude: 41.4561",low
"patient_id: 66712, icd_code: G47.33, icd_version: 10, diagnosis: Obstructive sleep apnea, moderate, AHI 26, CPAP 11 cmH2O prescribed",high
"Your LinkedIn account has been viewed by 45 recruiters. See who: http://linkedin-see-recruiters-now.com",low
"ssid: FBI_Joint_Terrorism_Task_Force_Miami, password: [LAW ENFORCEMENT SENSITIVE], security: WPA3",high
"bluetooth_pairing: Sony WH-CH720N, mac: 5F:2A:8C:1E:7B:4D, user: jttf.mia.agent@fbi.gov",high
"james.harris@odni.gov",high
"Latitude: 41.4561, Longitude: -83.5682, Bowling Green, OH",low
"icd_code: I48.91, icd_version: 10, diagnosis: Unspecified atrial fibrillation, CHA2DS2-VASc score 3, anticoagulation: Apixaban 5mg BID",high
"Your Apple ID has been locked due to security reasons. Unlock: http://apple-id-security-unlock-online-again.com",low
"https://www.cdc.gov/nchs/data/nvsr/nvsr73-12-2025.pdf",low
"Name: Stark, OH; Longitude: -81.3792; Latitude: 40.7983",low
"wifi_config: DHS_Transportation_Security_Administration_National_Explosives_Detection_Canine_Team, password: [SENSITIVE], security: WPA3",high
"bluetooth_pairing: Samsung Galaxy Buds2, mac: 7C:3A:5F:1E:9D:2B, user: ts.nedct.handler@dhs.gov",high
"icd_code: J44.1, icd_version: 10, diagnosis: Chronic obstructive pulmonary disease with acute exacerbation, outpatient treatment",high
"patient_record: MRN: 99178, diagnosis: Crohn's disease, ileocolonic, fistulizing, on Infliximab 5mg/kg IV",high
"elizabeth.wilson@va.gov",high
"Your Netflix payment of $17.99 has failed. Update billing: http://netflix-billing-update-failed-online.com",low
"Latitude: 40.7983, Longitude: -81.3792, Canton, OH",low
"ssid: White_House_Office_of_Administration, password: WH_0A_2025!, security: WPA2-Enterprise",high
"bluetooth_device: Bose QuietComfort 35 II, mac: 3D:7F:1A:5C:9E:2B, user: wh.oa.director@whitehouse.gov",high
"icd_code: G35, icd_version: 10, diagnosis: Multiple sclerosis, relapsing-remitting, EDSS 2.0, medication: Ocrelizumab 600mg IV",high
"Your Instagram account has been hacked. Recover now: http://instagram-hack-recover-now-online-again.com",low
"https://www.cdc.gov/nchs/fastats/obesity.htm",low
"County: Montgomery, PA; Latitude: 40.1334; Longitude: -75.3505",low
"patient_id: 44578, icd_code: I63.9, icd_version: 10, diagnosis: Cerebral infarction, unspecified, onset 2025-03-08, residual mild aphasia",high
"Your Spotify account has been logged in from a new device in Italy. Verify: http://spotify-verify-device-italy.com",low
"ssid: NSA_Remote_Operations_Center_6, password: [TOP SECRET//SI], security: WPA3-192",high
"bluetooth_pairing: Sony WF-1000XM5, mac: 5E:2A:7F:8C:1B:4D, user: roc.operator6@nsa.gov",high
"robert.smith@nro.gov",high
"Latitude: 40.1334, Longitude: -75.3505, Norristown, PA",low
"icd_code: E11.21, icd_version: 10, diagnosis: Type 2 diabetes mellitus with diabetic nephropathy, UACR 420 mg/g, eGFR 54 mL/min",high
"Your Amazon Pay balance of $80.00 is expiring soon. Use now: http://amazonpay-use-expiring-soon-online-again.com",low
"https://www.cdc.gov/nchs/data/databriefs/db508-summary.pdf",low
"Name: Luzerne, PA; Longitude: -75.8812; Latitude: 41.2448",low
"wifi: Wilkes-Barre_Scranton_International_Airport, password: AVP2025!, security: WPA2",high
"bluetooth_device: Garmin Venu 3, mac: 4C:8F:2A:7E:1B:5D, user: faa.airport.ops.avp@dot.gov",high
"icd_code: M17.11, icd_version: 10, diagnosis: Unilateral primary osteoarthritis, right knee, KL grade 4, scheduled for TKA 2025-07-15",high
"patient_record: MRN: 33423, diagnosis: Parkinson's disease, Hoehn and Yahr stage 2, medication: Carbidopa/Levodopa 25-100mg TID",high
"charles.brown@fbi.gov",high
"Your PayPal account has been credited with $200.00 from a sale. View: http://paypal-view-sale-credit-online.com",low
"ssid: CIA_Office_of_Public_Affairs, password: [CLASSIFIED], security: WPA3",high
"bluetooth_pairing: Apple AirPods Pro 2, mac: 5F:2A:8C:1E:7B:4D, user: opa.officer@cia.gov",high
"icd_code: I10, icd_version: 10, diagnosis: Essential (primary) hypertension, BP 138/82 mmHg, on Lisinopril 10mg daily",high
"Your Facebook account has been disabled. Appeal now: http://facebook-disabled-appeal-now-online.com",low
"https://www.cdc.gov/nchs/data/nhcs/telehealth-use-2025-final.pdf",low
"County: Yellowstone, MT; Longitude: -108.5507; Latitude: 45.8021",low
"patient_id: 99167, icd_code: I50.32, icd_version: 10, diagnosis: Chronic diastolic (congestive) heart failure, EF 55%, NYHA class II",high
"Your Apple Music subscription has expired. Renew now: http://apple-music-renew-now-online-last.com",low
"ssid: FBI_Critical_Incident_Response_Group_3, password: [LAW ENFORCEMENT SENSITIVE], security: WPA3",high
"bluetooth_pairing: Beats Fit Pro, mac: 7B:4E:2A:8F:1C:5D, user: cirg.operator3@fbi.gov",high
"jason.davis@dea.gov",high
"Latitude: 45.8021, Longitude: -108.5507, Billings, MT",low
"icd_code: J45.40, icd_version: 10, diagnosis: Moderate persistent asthma, FEV1 72% predicted, medication: Fluticasone/Salmeterol 250/50 BID",high
"Your Capital One 360 account has been accessed from a new browser. Verify: http://capitalone-verify-browser-online-now.com",low
"https://www.cdc.gov/nchs/fastats/child-health.htm",low
"Name: Ada, ID; Longitude: -116.2026; Latitude: 43.6137",low
"wifi_config: DHS_Cyber_Crime_Center_3, password: [SENSITIVE], security: WPA3",high
"bluetooth_pairing: Sony WH-1000XM4, mac: 5C:2F:8A:7E:1B:4D, user: c4.analyst3@dhs.gov",high
"icd_code: K21.9, icd_version: 10, diagnosis: Gastro-esophageal reflux disease without esophagitis, medication: Pantoprazole 40mg daily",high
"patient_record: MRN: 77856, diagnosis: Ulcerative colitis, left-sided, on Mesalamine 4.8g daily, remission",high
"elizabeth.martin@usss.gov",high
"Your UPS delivery has been delayed due to mechanical issue. Track: http://ups-mechanical-delay-track.com",low
"Latitude: 43.6137, Longitude: -116.2026, Boise, ID",low
"ssid: White_House_Office_of_Faith-Based_and_Neighborhood_Partnerships, password: WH_0FBNP_2025!, security: WPA2-Enterprise",high
"bluetooth_device: Bose SoundLink Flex, mac: 3F:8A:5C:2E:7B:1D, user: wh.ofbnp.director@whitehouse.gov",high
"icd_code: F41.1, icd_version: 10, diagnosis: Generalized anxiety disorder, GAD-7 score 12, medication: Sertraline 100mg daily",high
"Your Amazon order #112-6789012 has shipped. Track: http://amazon-track-shipment-online-last.com",low
"https://www.cdc.gov/nchs/data/nvsr/nvsr74-01-2026.pdf",low
"County: Spokane, WA; Latitude: 47.6588; Longitude: -117.4260",low
"patient_id: 44590, icd_code: I48.91, icd_version: 10, diagnosis: Unspecified atrial fibrillation, CHA2DS2-VASc score 2, anticoagulation: Rivaroxaban 20mg daily",high
"Your LinkedIn account has been restricted. Verify identity: http://linkedin-restriction-verify-online-now.com",low
"ssid: NSA_Cryptologic_Center_Georgia_3, password: [TOP SECRET//SI], security: WPA3-192",high
"bluetooth_device: Samsung Galaxy Watch 5, mac: 4F:8A:2C:7E:1B:5D, user: ccg.analyst3@nsa.gov",high
"christopher.wilson@usaf.mil",high
"icd_code: N40.1, icd_version: 10, diagnosis: Benign prostatic hyperplasia with lower urinary tract symptoms, IPSS score 17, on Tamsulosin 0.4mg daily",high
"Your Netflix payment of $15.49 has failed. Update billing: http://netflix-billing-update-failed-online-now.com",low
"https://www.cdc.gov/nchs/data/databriefs/db509-summary.pdf",low
"Name: Yellowstone, MT; Longitude: -108.5507; Latitude: 45.8021",low
"wifi: Billings_Logan_International_Airport_2, password: BIL2026!, security: WPA2",high
"bluetooth_device: Garmin Forerunner 965, mac: 7C:3A:5F:1E:9D:2B, user: tsa.officer.bil2@dhs.gov",high
"icd_code: E78.00, icd_version: 10, diagnosis: Pure hypercholesterolemia, unspecified, LDL 200 mg/dL, started Rosuvastatin 20mg daily",high
"patient_record: MRN: 99123, diagnosis: Crohn's disease, ileocolonic, stricturing, s/p ileocecal resection, anastomotic stricture, scheduled for dilation",high
"charles.davis@fbi.gov",high
"Your PayPal account has been logged in from a new device in Brazil. Verify: http://paypal-verify-device-brazil-again.com",low
"Latitude: 45.8021, Longitude: -108.5507, Billings, MT",low
"ssid: CIA_Office_of_Congressional_Affairs, password: [CLASSIFIED], security: WPA3",high
"bluetooth_pairing: Apple AirPods Max, mac: 5E:2A:7F:8C:1B:4D, user: oca.officer@cia.gov",high
"icd_code: I25.110, icd_version: 10, diagnosis: Atherosclerotic heart disease of native coronary artery with unstable angina pectoris, s/p DES to LAD",high
"Your Facebook account has been hacked. Secure now: http://facebook-hack-secure-now-online-last.com",low
"https://www.cdc.gov/nchs/fastats/older-adult-health.htm",low
"County: Ada, ID; Latitude: 43.6137; Longitude: -116.2026",low
"patient_id: 66734, icd_code: G47.33, icd_version: 10, diagnosis: Obstructive sleep apnea, severe, AHI 48, CPAP 14 cmH2O, adherence 68%",high
"Your Apple ID has been locked due to security reasons. Unlock now: http://apple-id-security-unlock-online-last.com",low
"ssid: FBI_Joint_Terrorism_Task_Force_San_Francisco, password: [LAW ENFORCEMENT SENSITIVE], security: WPA3",high
"bluetooth_pairing: Sony WH-CH720N, mac: 5F:2A:8C:1E:7B:4D, user: jttf.sfo.agent@fbi.gov",high
"jason.martinez@odni.gov",high
"Latitude: 43.6137, Longitude: -116.2026, Boise, ID",low
"icd_code: E11.22, icd_version: 10, diagnosis: Type 2 diabetes mellitus with diabetic chronic kidney disease, stage 3a, eGFR 56, UACR 350",high
"Your Amazon Pay balance of $45.00 is expiring soon. Use now: http://amazonpay-use-expiring-soon-online-last.com",low
"https://www.cdc.gov/nchs/data/nhcs/primary-care-telehealth-2025-final.pdf",low
"Name: Luzerne, PA; Longitude: -75.8812; Latitude: 41.2448",low
"wifi_config: DHS_Transportation_Security_Administration_R&D_2, password: [SENSITIVE], security: WPA3",high
"bluetooth_pairing: Samsung Galaxy Buds2 Pro, mac: 7B:4E:2A:8F:1C:5D, user: tsa.rd.engineer2@dhs.gov",high
"icd_code: M54.5, icd_version: 10, diagnosis: Low back pain, chronic, MRI shows L4-L5 disc bulge",high
"patient_record: MRN: 33456, diagnosis: Rheumatoid arthritis, seropositive, on Methotrexate 25mg weekly",high
"elizabeth.thompson@va.gov",high
"Your Capital One credit card has been charged $95.50. Verify: http://capitalone-verify-charge-online-security-last.com",low
"ssid: White_House_Office_of_National_AIDS_Policy, password: WH_0NAP_2025!, security: WPA2-Enterprise",high
"bluetooth_device: Bose QuietComfort 45, mac: 3D:7F:1A:5C:9E:2B, user: wh.onap.director@whitehouse.gov",high
"icd_code: F32.1, icd_version: 10, diagnosis: Major depressive disorder, single episode, moderate, PHQ-9 score 16",high
"Your Instagram account has been disabled. Appeal now: http://instagram-disabled-appeal-now-online.com",low
"https://www.cdc.gov/nchs/data/nvsr/nvsr73-13-2025.pdf",low
"County: Spokane, WA; Latitude: 47.6588; Longitude: -117.4260",low
"patient_id: 99189, icd_code: I21.01, icd_version: 10, diagnosis: ST elevation (STEMI) myocardial infarction involving left main coronary artery, primary PCI with DES to LM, EF 40%",high
"Your Spotify account has been logged in from a new device in Argentina. Verify: http://spotify-verify-device-argentina.com",low
"ssid: NSA_Remote_Operations_Center_7, password: [TOP SECRET//SI], security: WPA3-192",high
"bluetooth_device: Samsung Galaxy Watch 6 Classic, mac: 4F:8A:2C:7E:1B:5D, user: roc.operator7@nsa.gov",high
"robert.jones@nro.gov",high
"icd_code: I10, icd_version: 10, diagnosis: Essential (primary) hypertension, BP 140/84 mmHg, on Lisinopril 20mg daily",high
"Your UPS delivery has been rescheduled. Confirm: http://ups-reschedule-confirm-online-last.com",low
"https://www.cdc.gov/nchs/data/databriefs/db510-summary.pdf",low
"Name: Yellowstone, MT; Longitude: -108.5507; Latitude: 45.8021",low
"wifi: Billings_Logan_International_Airport_3, password: BIL2027!, security: WPA2",high
"bluetooth_device: Garmin Venu 3, mac: 7C:3A:5F:1E:9D:2B, user: faa.airport.ops.bil3@dot.gov",high
"icd_code: J44.0, icd_version: 10, diagnosis: Chronic obstructive pulmonary disease with acute lower respiratory infection, exacerbation",high
"patient_record: MRN: 44501, diagnosis: Parkinson's disease, Hoehn and Yahr stage 2.5, medication: Carbidopa/Levodopa 25-100mg TID",high
"charles.wilson@fbi.gov",high
"Your PayPal account has been credited with $150.00 from a friend. Confirm: http://paypal-confirm-friend-credit-online.com",low
"Latitude: 45.8021, Longitude: -108.5507, Billings, MT",low
"ssid: CIA_Office_of_the_CIO, password: [CLASSIFIED], security: WPA3",high
"bluetooth_pairing: Apple AirPods Pro, mac: 5C:2F:8A:7E:1B:4D, user: ocio.officer@cia.gov",high
"icd_code: I25.2, icd_version: 10, diagnosis: Old myocardial infarction, s/p anterior wall MI 2023-12-10, EF 50%",high
"Your Facebook account has been locked due to suspicious activity. Unlock: http://facebook-lock-unlock-now-online.com",low
"https://www.cdc.gov/nchs/fastats/influenza.htm",low
"County: Ada, ID; Latitude: 43.6137; Longitude: -116.2026",low
"patient_id: 77890, icd_code: I48.0, icd_version: 10, diagnosis: Paroxysmal atrial fibrillation, symptomatic, CHA2DS2-VASc 1, no anticoagulation",high
"Your Apple Music subscription has expired. Renew now: http://apple-music-renew-now-online-last-chance.com",low
"ssid: FBI_Counterintelligence_Division_3, password: [LAW ENFORCEMENT SENSITIVE], security: WPA3",high
"bluetooth_pairing: Beats Fit Pro, mac: 5F:2A:8C:1E:7B:4D, user: ci.analyst3@fbi.gov",high
"jason.thomas@dea.gov",high
"Latitude: 43.6137, Longitude: -116.2026, Boise, ID",low
"icd_code: K29.70, icd_version: 10, diagnosis: Gastritis, unspecified, without bleeding, H. pylori negative, on PPI",high
"Your Amazon order #113-2345678 is out for delivery. Track: http://amazon-track-outfordelivery-online-last.com",low
"https://www.cdc.gov/nchs/data/nhcs/telehealth-use-2026-preliminary.pdf",low
"Name: Luzerne, PA; Longitude: -75.8812; Latitude: 41.2448",low
"wifi_config: DHS_Cybersecurity_and_Infrastructure_Security_Agency_2, password: [SENSITIVE], security: WPA3",high
"bluetooth_pairing: Sony WH-1000XM5, mac: 7B:4E:2A:8F:1C:5D, user: cisa.analyst2@dhs.gov",high
"icd_code: G35, icd_version: 10, diagnosis: Multiple sclerosis, relapsing-remitting, EDSS 2.0, medication: Glatiramer acetate",high
"patient_record: MRN: 99156, diagnosis: Ulcerative colitis, pancolitis, on Vedolizumab 300mg IV",high
"elizabeth.garcia@usss.gov",high
"Your PayPal account has been limited. Provide documents to resolve: http://paypal-limited-resolve-documents-online.com",low
"ssid: White_House_Office_of_Urban_Affairs, password: WH_0UA_2025!, security: WPA2-Enterprise",high
"bluetooth_device: Bose SoundLink Revolve II, mac: 3F:8A:5C:2E:7B:1D, user: wh.oua.director@whitehouse.gov",high
"icd_code: F41.0, icd_version: 10, diagnosis: Panic disorder, panic attacks 1x/week, on Sertraline 100mg daily",high
"Your LinkedIn account has been restricted. Verify identity: http://linkedin-restriction-verify-online-last.com",low
"https://www.cdc.gov/nchs/data/nvsr/nvsr73-14-2025.pdf",low
"County: Spokane, WA; Latitude: 47.6588; Longitude: -117.4260",low
"patient_id: 66701, icd_code: I63.50, icd_version: 10, diagnosis: Cerebral infarction due to unspecified occlusion or stenosis of unspecified cerebral artery, onset 2025-03-12",high
"Your Netflix payment of $17.99 has failed. Update billing: http://netflix-billing-update-failed-online-last.com",low
"ssid: NSA_Cryptologic_Center_Colorado_2, password: [TOP SECRET//SI], security: WPA3-192",high
"bluetooth_device: Samsung Galaxy Watch 5, mac: 4F:8A:2C:7E:1B:5D, user: ccc.analyst2@nsa.gov",high
"christopher.brown@usaf.mil",high
"icd_code: E78.5, icd_version: 10, diagnosis: Hyperlipidemia, unspecified, LDL 170 mg/dL, started Atorvastatin 20mg daily",high
"Your Capital One 360 account has been accessed from a new location. Verify: http://capitalone-verify-location-online-last.com",low
"https://www.cdc.gov/nchs/data/databriefs/db511-summary.pdf",low
"Name: Yellowstone, MT; Longitude: -108.5507; Latitude: 45.8021",low
"wifi: Billings_Logan_International_Airport_4, password: BIL2028!, security: WPA2",high
"bluetooth_device: Garmin Forerunner 265, mac: 7C:3A:5F:1E:9D:2B, user: tsa.officer.bil4@dhs.gov",high
"icd_code: J45.909, icd_version: 10, diagnosis: Unspecified asthma, uncomplicated, well-controlled",high
"patient_record: MRN: 33478, diagnosis: Crohn's disease, ileocolonic, inflammatory, on Adalimumab 40mg EOW",high
"charles.anderson@fbi.gov",high
"Your Apple ID has been locked due to security reasons. Unlock now: http://apple-id-security-unlock-online-final.com",low
"Latitude: 45.8021, Longitude: -108.5507, Billings, MT",low
"ssid: CIA_Office_of_Legal_Counsel, password: [CLASSIFIED], security: WPA3",high
"bluetooth_pairing: Apple AirPods Max, mac: 5E:2A:7F:8C:1B:4D, user: olc.officer@cia.gov",high
"icd_code: I25.119, icd_version: 10, diagnosis: Atherosclerotic heart disease of native coronary artery with unspecified angina pectoris",high
"Your Facebook account has been disabled. Appeal now: http://facebook-disabled-appeal-now-online-final.com",low
"https://www.cdc.gov/nchs/fastats/stroke.htm",low
"County: Ada, ID; Latitude: 43.6137; Longitude: -116.2026",low
"patient_id: 99101, icd_code: G47.33, icd_version: 10, diagnosis: Obstructive sleep apnea, moderate, AHI 24, CPAP 11 cmH2O prescribed",high
"Your Spotify account has been logged in from a new device in Chile. Verify: http://spotify-verify-device-chile.com",low
"ssid: FBI_Joint_Terrorism_Task_Force_Seattle, password: [LAW ENFORCEMENT SENSITIVE], security: WPA3",high
"bluetooth_pairing: Sony WH-CH720N, mac: 5F:2A:8C:1E:7B:4D, user: jttf.sea.agent@fbi.gov",high
"jason.robinson@odni.gov",high
"Latitude: 43.6137, Longitude: -116.2026, Boise, ID",low
"icd_code: E11.65, icd_version: 10, diagnosis: Type 2 diabetes mellitus with hyperglycemia, A1C 8.9%, insulin glargine 20 units nightly",high
"Your Amazon Pay balance of $30.00 is expiring soon. Use now: http://amazonpay-use-expiring-soon-online-final.com",low
"https://www.cdc.gov/nchs/data/nhcs/mental-health-telehealth-2026-preliminary.pdf",low
"Name: Luzerne, PA; Longitude: -75.8812; Latitude: 41.2448",low
"wifi_config: DHS_Transportation_Security_Administration_National_Explosives_Detection_Canine_Team_2, password: [SENSITIVE], security: WPA3",high
"bluetooth_pairing: Samsung Galaxy Buds2, mac: 7B:4E:2A:8F:1C:5D, user: ts.nedct.handler2@dhs.gov",high
"icd_code: M17.0, icd_version: 10, diagnosis: Bilateral primary osteoarthritis of knee, scheduled for right TKA 2025-08-01",high
"patient_record: MRN: 44567, diagnosis: Rheumatoid arthritis, seropositive, on Methotrexate 20mg weekly",high
"elizabeth.rodriguez@va.gov",high
"Your UPS delivery has been delayed due to weather. Track: http://ups-weather-delay-track-online-final.com",low
"ssid: White_House_Office_of_Intergovernmental_Affairs_2, password: WH_0IA2_2025!, security: WPA2-Enterprise",high
"bluetooth_device: Bose QuietComfort Earbuds II, mac: 3D:7F:1A:5C:9E:2B, user: wh.oia.deputy@whitehouse.gov",high
"icd_code: F32.1, icd_version: 10, diagnosis: Major depressive disorder, single episode, moderate, PHQ-9 score 15",high
"Your Instagram account has been hacked. Recover now: http://instagram-hack-recover-now-online-final.com",low
"https://www.cdc.gov/nchs/data/nvsr/nvsr73-15-2025.pdf",low
"County: Spokane, WA; Latitude: 47.6588; Longitude: -117.4260",low
"patient_id: 77834, icd_code: I48.91, icd_version: 10, diagnosis: Unspecified atrial fibrillation, CHA2DS2-VASc score 3, anticoagulation: Apixaban 5mg BID",high
"Your Apple Music subscription has expired. Renew now: http://apple-music-renew-now-online-final.com",low
"ssid: NSA_Remote_Operations_Center_8, password: [TOP SECRET//SI], security: WPA3-192",high
"bluetooth_device: Samsung Galaxy Watch 6, mac: 4F:8A:2C:7E:1B:5D, user: roc.operator8@nsa.gov",high
"robert.miller@nro.gov",high
"icd_code: I10, icd_version: 10, diagnosis: Essential (primary) hypertension, BP 142/86 mmHg, on Lisinopril 20mg daily",high
"Your PayPal account has been credited with $85.00 from a refund. View: http://paypal-view-refund-credit-online-final.com",low
"https://www.cdc.gov/nchs/data/databriefs/db512-summary.pdf",low
"Name: Yellowstone, MT; Longitude: -108.5507; Latitude: 45.8021",low
"wifi: Billings_Logan_International_Airport_5, password: BIL2029!, security: WPA2",high
"bluetooth_device: Garmin Venu 2S, mac: 7C:3A:5F:1E:9D:2B, user: faa.airport.ops.bil5@dot.gov",high
"icd_code: K57.30, icd_version: 10, diagnosis: Diverticulosis of large intestine without perforation or abscess without bleeding",high
"patient_record: MRN: 99123, diagnosis: Parkinson's disease, Hoehn and Yahr stage 2, medication: Carbidopa/Levodopa 25-100mg TID",high
"charles.thomas@fbi.gov",high
"Your Facebook account has been locked due to suspicious activity. Unlock: http://facebook-lock-unlock-now-online-final.com",low
"Latitude: 45.8021, Longitude: -108.5507, Billings, MT",low
"ssid: CIA_Office_of_Military_Affairs_2, password: [CLASSIFIED], security: WPA3",high
"bluetooth_pairing: Apple AirPods Pro 2, mac: 5C:2F:8A:7E:1B:4D, user: oma.officer2@cia.gov",high
"icd_code: J44.1, icd_version: 10, diagnosis: Chronic obstructive pulmonary disease with acute exacerbation, outpatient treatment",high
"Your Capital One credit card has been charged $65.75. Verify: http://capitalone-verify-charge-online-security-final.com",low
"https://www.cdc.gov/nchs/fastats/immunization-child.htm",low
"County: Ada, ID; Latitude: 43.6137; Longitude: -116.2026",low
"patient_id: 66789, icd_code: I21.4, icd_version: 10, diagnosis: Non-ST elevation (NSTEMI) myocardial infarction, troponin 2.5, PCI to RCA with DES",high
"Your LinkedIn account has been viewed by 60 recruiters. See who: http://linkedin-see-recruiters-now-online.com",low
"ssid: FBI_Critical_Incident_Response_Group_4, password: [LAW ENFORCEMENT SENSITIVE], security: WPA3",high
"bluetooth_pairing: Beats Fit Pro, mac: 5F:2A:8C:1E:7B:4D, user: cirg.operator4@fbi.gov",high
"jason.wilson@dea.gov",high
"Latitude: 43.6137, Longitude: -116.2026, Boise, ID",low
"icd_code: E11.21, icd_version: 10, diagnosis: Type 2 diabetes mellitus with diabetic nephropathy, UACR 400 mg/g, eGFR 55 mL/min",high
"Your Amazon order #113-3456789 has shipped. Track: http://amazon-track-shipment-online-final.com",low
"https://www.cdc.gov/nchs/data/nhcs/telehealth-use-2026-final.pdf",low
"Name: Luzerne, PA; Longitude: -75.8812; Latitude: 41.2448",low
"wifi_config: DHS_Cyber_Crime_Center_4, password: [SENSITIVE], security: WPA3",high
"bluetooth_pairing: Sony WH-1000XM4, mac: 7B:4E:2A:8F:1C:5D, user: c4.analyst4@dhs.gov",high
"icd_code: G47.33, icd_version: 10, diagnosis: Obstructive sleep apnea, severe, AHI 42, CPAP 14 cmH2O, adherence 72%",high
"patient_record: MRN: 33489, diagnosis: Ulcerative colitis, left-sided, on Mesalamine 4.8g daily",high
"elizabeth.harris@usss.gov",high
"Your Netflix payment of $17.99 has failed. Update billing: http://netflix-billing-update-failed-online-final.com",low
"Latitude: 41.2448, Longitude: -75.8812, Wilkes-Barre, PA",low
"ssid: White_House_Office_of_Science_and_Technology_Policy_2, password: WH_0STP2_2025!, security: WPA3-Enterprise",high
"bluetooth_device: Bose SoundLink Flex, mac: 3F:8A:5C:2E:7B:1D, user: wh.ostp.deputy@whitehouse.gov",high
"icd_code: F41.1, icd_version: 10, diagnosis: Generalized anxiety disorder, GAD-7 score 13, medication: Sertraline 100mg daily",high
"Your Apple ID has been locked due to security reasons. Unlock: http://apple-id-security-unlock-online-ultimate.com",low
"https://www.cdc.gov/nchs/data/nvsr/nvsr73-16-2025.pdf",low
"County: Spokane, WA; Latitude: 47.6588; Longitude: -117.4260",low
"patient_id: 44512, icd_code: I63.9, icd_version: 10, diagnosis: Cerebral infarction, unspecified, onset 2025-03-15, residual mild weakness",high
"Your Spotify account has been logged in from a new device in Colombia. Verify: http://spotify-verify-device-colombia.com",low
"ssid: NSA_Cryptologic_Center_Texas_3, password: [TOP SECRET//SI], security: WPA3-192",high
"bluetooth_device: Samsung Galaxy Watch 5, mac: 4F:8A:2C:7E:1B:5D, user: cct.analyst3@nsa.gov",high
"christopher.davis@usaf.mil",high
"Latitude: 47.6588, Longitude: -117.4260, Spokane, WA",low
"icd_code: M54.5, icd_version: 10, diagnosis: Low back pain, chronic, MRI shows L5-S1 disc degeneration, physical therapy",high
"Your PayPal account has been limited. Provide documents to resolve: http://paypal-limited-resolve-documents-online-final.com",low
"https://www.cdc.gov/nchs/data/databriefs/db513-summary.pdf",low
"Name: Yellowstone, MT; Longitude: -108.5507; Latitude: 45.8021",low
"wifi: Billings_Logan_International_Airport_6, password: BIL2030!, security: WPA2",high
"bluetooth_device: Garmin Forerunner 965, mac: 7C:3A:5F:1E:9D:2B, user: tsa.officer.bil6@dhs.gov",high
"icd_code: J45.40, icd_version: 10, diagnosis: Moderate persistent asthma, FEV1 71% predicted, medication: Fluticasone/Salmeterol 250/50 BID",high
"patient_record: MRN: 99178, diagnosis: Crohn's disease, ileocolonic, fistulizing, on Infliximab 5mg/kg IV",high
"charles.jackson@fbi.gov",high
"Your Facebook account has been disabled. Appeal now: http://facebook-disabled-appeal-now-online-ultimate.com",low
"Latitude: 45.8021, Longitude: -108.5507, Billings, MT",low
"ssid: CIA_Office_of_General_Counsel_2, password: [CLASSIFIED], security: WPA3",high
"bluetooth_pairing: Apple AirPods Max, mac: 5E:2A:7F:8C:1B:4D, user: ogc.officer2@cia.gov",high
"icd_code: I25.110, icd_version: 10, diagnosis: Atherosclerotic heart disease of native coronary artery with unstable angina pectoris",high
"Your Instagram account has been disabled. Appeal now: http://instagram-disabled-appeal-now-online-ultimate.com",low
"https://www.cdc.gov/nchs/fastats/health-expenditures.htm",low
"County: Ada, ID; Latitude: 43.6137; Longitude: -116.2026",low
"patient_id: 99156, icd_code: G47.33, icd_version: 10, diagnosis: Obstructive sleep apnea, moderate, AHI 23, CPAP 11 cmH2O prescribed",high
"Your Amazon Pay balance of $20.00 is expiring soon. Use now: http://amazonpay-use-expiring-soon-online-ultimate.com",low
"ssid: FBI_Joint_Terrorism_Task_Force_Boston, password: [LAW ENFORCEMENT SENSITIVE], security: WPA3",high
"bluetooth_pairing: Sony WH-CH720N, mac: 5F:2A:8C:1E:7B:4D, user: jttf.bos.agent@fbi.gov",high
"jason.moore@odni.gov",high
"Latitude: 43.6137, Longitude: -116.2026, Boise, ID",low
"icd_code: E78.00, icd_version: 10, diagnosis: Pure hypercholesterolemia, unspecified, LDL 195 mg/dL, started Rosuvastatin 20mg daily",high
"Your UPS delivery has been rescheduled. Confirm: http://ups-reschedule-confirm-online-ultimate.com",low
"https://www.cdc.gov/nchs/data/nhcs/primary-care-telehealth-2026-preliminary.pdf",low
"Name: Luzerne, PA; Longitude: -75.8812; Latitude: 41.2448",low
"wifi_config: DHS_Transportation_Security_Administration_CANINE_2, password: [SENSITIVE], security: WPA3",high
"bluetooth_pairing: Samsung Galaxy Buds2 Pro, mac: 7B:4E:2A:8F:1C:5D, user: tsa.canine.handler2@dhs.gov",high
"icd_code: K21.9, icd_version: 10, diagnosis: Gastro-esophageal reflux disease without esophagitis, medication: Omeprazole 20mg daily",high
"patient_record: MRN: 33456, diagnosis: Rheumatoid arthritis, seropositive, on Methotrexate 25mg weekly",high
"elizabeth.nelson@va.gov",high
"Your Capital One 360 account has been accessed from a new browser. Verify: http://capitalone-verify-browser-online-ultimate.com",low
"Latitude: 41.2448, Longitude: -75.8812, Wilkes-Barre, PA",low
"ssid: White_House_Office_of_National_Drug_Control_Policy_2, password: WH_0NDCP2_2025!, security: WPA3-Enterprise",high
"bluetooth_device: Bose QuietComfort 35 II, mac: 3D:7F:1A:5C:9E:2B, user: wh.ondcp.deputy@whitehouse.gov",high
"icd_code: F32.1, icd_version: 10, diagnosis: Major depressive disorder, single episode, moderate, PHQ-9 score 14",high
"Your LinkedIn account has been restricted. Verify identity: http://linkedin-restriction-verify-online-ultimate.com",low
"https://www.cdc.gov/nchs/data/nvsr/nvsr73-17-2025.pdf",low
"County: Spokane, WA; Latitude: 47.6588; Longitude: -117.4260",low
"patient_id: 77801, icd_code: I48.0, icd_version: 10, diagnosis: Paroxysmal atrial fibrillation, symptomatic, CHA2DS2-VASc 2, started Apixaban 5mg BID",high
"Your Apple Music subscription has expired. Renew now: http://apple-music-renew-now-online-ultimate.com",low
"ssid: NSA_Remote_Operations_Center_9, password: [TOP SECRET//SI], security: WPA3-192",high
"bluetooth_device: Samsung Galaxy Watch 6 Classic, mac: 4F:8A:2C:7E:1B:5D, user: roc.operator9@nsa.gov",high
"robert.anderson@nro.gov",high
"Latitude: 47.6588, Longitude: -117.4260, Spokane, WA",low
"icd_code: I10, icd_version: 10, diagnosis: Essential (primary) hypertension, BP 138/84 mmHg, on Lisinopril 10mg daily",high
"Your PayPal account has been credited with $60.00 from a friend. Confirm: http://paypal-confirm-friend-credit-online-ultimate.com",low
"https://www.cdc.gov/nchs/data/databriefs/db514-summary.pdf",low
"Name: Yellowstone, MT; Longitude: -108.5507; Latitude: 45.8021",low
"wifi: Billings_Logan_International_Airport_7, password: BIL2031!, security: WPA2",high
"bluetooth_device: Garmin Venu 3, mac: 7C:3A:5F:1E:9D:2B, user: faa.airport.ops.bil7@dot.gov",high
"icd_code: J44.1, icd_version: 10, diagnosis: Chronic obstructive pulmonary disease with acute exacerbation, outpatient treatment",high
"patient_record: MRN: 44589, diagnosis: Parkinson's disease, Hoehn and Yahr stage 2, medication: Carbidopa/Levodopa 25-100mg TID",high
"charles.white@fbi.gov",high
"Your Netflix payment of $15.49 has failed. Update billing: http://netflix-billing-update-failed-online-ultimate.com",low
"Latitude: 45.8021, Longitude: -108.5507, Billings, MT",low
"ssid: CIA_Office_of_Inspector_General_2, password: [CLASSIFIED], security: WPA3",high
"bluetooth_pairing: Apple AirPods Pro, mac: 5C:2F:8A:7E:1B:4D, user: oig.officer2@cia.gov",high
"icd_code: I25.2, icd_version: 10, diagnosis: Old myocardial infarction, s/p inferior wall MI 2024-03-20, EF 50%",high
"Your Facebook account has been hacked. Secure now: http://facebook-hack-secure-now-online-ultimate.com",low
"https://www.cdc.gov/nchs/fastats/leading-causes-of-death-2025.htm",low
"County: Ada, ID; Latitude: 43.6137; Longitude: -116.2026",low
"patient_id: 66734, icd_code: I21.01, icd_version: 10, diagnosis: ST elevation (STEMI) myocardial infarction involving left main coronary artery, primary PCI with DES to LM, EF 45%",high
"Your Spotify account has been logged in from a new device in Peru. Verify: http://spotify-verify-device-peru.com",low
"ssid: FBI_Counterterrorism_Division_2, password: [LAW ENFORCEMENT SENSITIVE], security: WPA3",high
"bluetooth_pairing: Beats Fit Pro, mac: 5F:2A:8C:1E:7B:4D, user: ctd.analyst2@fbi.gov",high
"jason.taylor@dea.gov",high
"Latitude: 43.6137, Longitude: -116.2026, Boise, ID",low
"icd_code: E11.22, icd_version: 10, diagnosis: Type 2 diabetes mellitus with diabetic chronic kidney disease, stage 3a, eGFR 57, UACR 330",high
"Your Amazon order #113-4567890 has shipped. Track: http://amazon-track-shipment-online-ultimate.com",low
"https://www.cdc.gov/nchs/data/nhcs/telehealth-use-2027-preliminary.pdf",low
"Name: Luzerne, PA; Longitude: -75.8812; Latitude: 41.2448",low
"wifi_config: DHS_Cybersecurity_and_Infrastructure_Security_Agency_3, password: [SENSITIVE], security: WPA3",high
"bluetooth_pairing: Sony WH-1000XM5, mac: 7B:4E:2A:8F:1C:5D, user: cisa.analyst3@dhs.gov",high
"icd_code: G35, icd_version: 10, diagnosis: Multiple sclerosis, relapsing-remitting, EDSS 1.5, medication: Glatiramer acetate",high
"patient_record: MRN: 99101, diagnosis: Ulcerative colitis, left-sided, on Mesalamine 4.8g daily",high
"elizabeth.carter@usss.gov",high
"Your Apple ID has been locked due to security reasons. Unlock now: http://apple-id-security-unlock-online-ultimate-final.com",low
"Latitude: 41.2448, Longitude: -75.8812, Wilkes-Barre, PA",low
"ssid: White_House_Office_of_Legislative_Affairs_2, password: WH_0LA2_2025!, security: WPA2-Enterprise",high
"bluetooth_device: Bose SoundLink Revolve II, mac: 3F:8A:5C:2E:7B:1D, user: wh.ola.deputy@whitehouse.gov",high
"icd_code: F41.0, icd_version: 10, diagnosis: Panic disorder, panic attacks 2x/week, on Sertraline 100mg daily",high
"Your Instagram account has been hacked. Recover now: http://instagram-hack-recover-now-online-ultimate.com",low
"https://www.cdc.gov/nchs/data/nvsr/nvsr73-18-2025.pdf",low
"County: Spokane, WA; Latitude: 47.6588; Longitude: -117.4260",low
"patient_id: 99189, icd_code: I63.50, icd_version: 10, diagnosis: Cerebral infarction due to unspecified occlusion or stenosis of unspecified cerebral artery, onset 2025-03-18",high
"Your Amazon Pay balance of $25.00 is expiring soon. Use now: http://amazonpay-use-expiring-soon-online-ultimate-final.com",low
"ssid: NSA_Cryptologic_Center_Georgia_4, password: [TOP SECRET//SI], security: WPA3-192",high
"bluetooth_device: Samsung Galaxy Watch 6, mac: 4F:8A:2C:7E:1B:5D, user: ccg.analyst4@nsa.gov",high
"christopher.williams@usaf.mil",high
"Latitude: 47.6588, Longitude: -117.4260, Spokane, WA",low
"icd_code: M54.5, icd_version: 10, diagnosis: Low back pain, chronic, MRI shows L4-L5 disc bulge, physical therapy",high
"Your PayPal account has been limited. Provide documents to resolve: http://paypal-limited-resolve-documents-online-ultimate-final.com",low
"https://www.cdc.gov/nchs/data/databriefs/db515-summary.pdf",low
"Name: Yellowstone, MT; Longitude: -108.5507; Latitude: 45.8021",low
"wifi: Billings_Logan_International_Airport_8, password: BIL2032!, security: WPA2",high
"bluetooth_device: Garmin Forerunner 265, mac: 7C:3A:5F:1E:9D:2B, user: tsa.officer.bil8@dhs.gov",high
"icd_code: J45.909, icd_version: 10, diagnosis: Unspecified asthma, uncomplicated, well-controlled",high
"patient_record: MRN: 33412, diagnosis: Crohn's disease, ileocolonic, inflammatory, on Adalimumab 40mg EOW",high
"charles.harris@fbi.gov",high
"Your Capital One credit card has been charged $78.25. Verify: http://capitalone-verify-charge-online-security-ultimate.com",low
"Latitude: 45.8021, Longitude: -108.5507, Billings, MT",low
"ssid: CIA_Office_of_Public_Affairs_2, password: [CLASSIFIED], security: WPA3",high
"bluetooth_pairing: Apple AirPods Max, mac: 5E:2A:7F:8C:1B:4D, user: opa.officer2@cia.gov",high
"icd_code: I25.119, icd_version: 10, diagnosis: Atherosclerotic heart disease of native coronary artery with unspecified angina pectoris",high
"Your Facebook account has been locked due to suspicious activity. Unlock: http://facebook-lock-unlock-now-online-ultimate.com",low
"https://www.cdc.gov/nchs/fastats/immunization-adult.htm",low
"County: Ada, ID; Latitude: 43.6137; Longitude: -116.2026",low
"patient_id: 77856, icd_code: I48.91, icd_version: 10, diagnosis: Unspecified atrial fibrillation, CHA2DS2-VASc score 2, anticoagulation: Rivaroxaban 20mg daily",high
"Your LinkedIn account has been viewed by 75 recruiters. See who: http://linkedin-see-recruiters-now-online-ultimate.com",low
"ssid: FBI_Joint_Terrorism_Task_Force_Philadelphia, password: [LAW ENFORCEMENT SENSITIVE], security: WPA3",high
"bluetooth_pairing: Sony WH-CH720N, mac: 5F:2A:8C:1E:7B:4D, user: jttf.phi.agent@fbi.gov",high
"jason.anderson@odni.gov",high
"Latitude: 43.6137, Longitude: -116.2026, Boise, ID",low
"icd_code: E78.5, icd_version: 10, diagnosis: Hyperlipidemia, unspecified, LDL 162 mg/dL, started Atorvastatin 20mg daily",high
"Your UPS delivery has been delayed due to weather. Track: http://ups-weather-delay-track-online-ultimate.com",low
"https://www.cdc.gov/nchs/data/nhcs/mental-health-telehealth-2027-preliminary.pdf",low
"Name: Luzerne, PA; Longitude: -75.8812; Latitude: 41.2448",low
"wifi_config: DHS_Transportation_Security_Administration_R&D_3, password: [SENSITIVE], security: WPA3",high
"bluetooth_pairing: Samsung Galaxy Buds2, mac: 7B:4E:2A:8F:1C:5D, user: tsa.rd.engineer3@dhs.gov",high
"icd_code: K29.70, icd_version: 10, diagnosis: Gastritis, unspecified, without bleeding, H. pylori negative, on PPI",high
"patient_record: MRN: 44523, diagnosis: Rheumatoid arthritis, seropositive, on Methotrexate 20mg weekly",high
"elizabeth.mitchell@va.gov",high
"Your Netflix payment of $17.99 has failed. Update billing: http://netflix-billing-update-failed-online-ultimate-final.com",low
"Latitude: 41.2448, Longitude: -75.8812, Wilkes-Barre, PA",low
"ssid: White_House_Office_of_Administration_2, password: WH_0A2_2025!, security: WPA2-Enterprise",high
"bluetooth_device: Bose QuietComfort 45, mac: 3D:7F:1A:5C:9E:2B, user: wh.oa.deputy@whitehouse.gov",high
"icd_code: F32.1, icd_version: 10, diagnosis: Major depressive disorder, single episode, moderate, PHQ-9 score 15",high
"Your Apple ID has been locked due to security reasons. Unlock: http://apple-id-security-unlock-online-absolute-final.com",low
"https://www.cdc.gov/nchs/data/nvsr/nvsr73-19-2025.pdf",low
"County: Spokane, WA; Latitude: 47.6588; Longitude: -117.4260",low
"patient_id: 66712, icd_code: G47.33, icd_version: 10, diagnosis: Obstructive sleep apnea, severe, AHI 45, CPAP 14 cmH2O, adherence 70%",high
"Your Spotify account has been logged in from a new device in Venezuela. Verify: http://spotify-verify-device-venezuela.com",low
"ssid: NSA_Remote_Operations_Center_10, password: [TOP SECRET//SI], security: WPA3-192",high
"bluetooth_device: Samsung Galaxy Watch 5, mac: 4F:8A:2C:7E:1B:5D, user: roc.operator10@nsa.gov",high
"robert.thomas@nro.gov",high
"Latitude: 47.6588, Longitude: -117.4260, Spokane, WA",low
"icd_code: I10, icd_version: 10, diagnosis: Essential (primary) hypertension, BP 140/82 mmHg, on Lisinopril 20mg daily",high
"Your PayPal account has been credited with $45.00 from a refund. View: http://paypal-view-refund-credit-online-absolute-final.com",low
"https://www.cdc.gov/nchs/data/databriefs/db516-summary.pdf",low
"Name: Yellowstone, MT; Longitude: -108.5507; Latitude: 45.8021",low
"wifi: Billings_Logan_International_Airport_9, password: BIL2033!, security: WPA2",high
"bluetooth_device: Garmin Venu 2S, mac: 7C:3A:5F:1E:9D:2B, user: faa.airport.ops.bil9@dot.gov",high
"icd_code: J44.0, icd_version: 10, diagnosis: Chronic obstructive pulmonary disease with acute lower respiratory infection, exacerbation",high
"patient_record: MRN: 99134, diagnosis: Parkinson's disease, Hoehn and Yahr stage 2, medication: Carbidopa/Levodopa 25-100mg TID",high
"charles.martin@fbi.gov",high
"Your Amazon order #113-5678901 is out for delivery. Track: http://amazon-track-outfordelivery-online-absolute-final.com",low
"Latitude: 45.8021, Longitude: -108.5507, Billings, MT",low
"ssid: CIA_Office_of_the_CIO_2, password: [CLASSIFIED], security: WPA3",high
"bluetooth_pairing: Apple AirPods Pro 2, mac: 5C:2F:8A:7E:1B:4D, user: ocio.officer2@cia.gov",high
"icd_code: I21.4, icd_version: 10, diagnosis: Non-ST elevation (NSTEMI) myocardial infarction, troponin 3.1, PCI to OM2 with DES",high
"Your Facebook account has been disabled. Appeal now: http://facebook-disabled-appeal-now-online-absolute-final.com",low
"https://www.cdc.gov/nchs/fastats/obesity-adult.htm",low
"County: Ada, ID; Latitude: 43.6137; Longitude: -116.2026",low
"patient_id: 99178, icd_code: I50.32, icd_version: 10, diagnosis: Chronic diastolic (congestive) heart failure, EF 55%, NYHA class II",high
"Your Amazon Pay balance of $15.00 is expiring soon. Use now: http://amazonpay-use-expiring-soon-online-absolute-final.com",low
"ssid: FBI_Critical_Incident_Response_Group_5, password: [LAW ENFORCEMENT SENSITIVE], security: WPA3",high
"bluetooth_pairing: Beats Fit Pro, mac: 5F:2A:8C:1E:7B:4D, user: cirg.operator5@fbi.gov",high
"jason.thompson@dea.gov",high
"Latitude: 43.6137, Longitude: -116.2026, Boise, ID",low
"icd_code: E11.65, icd_version: 10, diagnosis: Type 2 diabetes mellitus with hyperglycemia, A1C 8.8%, insulin glargine 22 units nightly",high
"Your Capital One 360 account has been accessed from a new location. Verify: http://capitalone-verify-location-online-absolute-final.com",low
"https://www.cdc.gov/nchs/data/nhcs/primary-care-telehealth-2027-preliminary.pdf",low
"Name: Luzerne, PA; Longitude: -75.8812; Latitude: 41.2448",low
"wifi_config: DHS_Cyber_Crime_Center_5, password: [SENSITIVE], security: WPA3",high
"bluetooth_pairing: Sony WH-1000XM4, mac: 7B:4E:2A:8F:1C:5D, user: c4.analyst5@dhs.gov",high
"icd_code: G47.33, icd_version: 10, diagnosis: Obstructive sleep apnea, moderate, AHI 27, CPAP 12 cmH2O prescribed",high
"patient_record: MRN: 33478, diagnosis: Ulcerative colitis, left-sided, on Mesalamine 4.8g daily",high
"elizabeth.roberts@usss.gov",high
"Your UPS delivery has been rescheduled. Confirm: http://ups-reschedule-confirm-online-absolute-final.com",low
"Latitude: 41.2448, Longitude: -75.8812, Wilkes-Barre, PA",low
"ssid: White_House_Office_of_Faith-Based_and_Neighborhood_Partnerships_2, password: WH_0FBNP2_2025!, security: WPA2-Enterprise",high
"bluetooth_device: Bose SoundLink Flex, mac: 3F:8A:5C:2E:7B:1D, user: wh.ofbnp.deputy@whitehouse.gov",high
"icd_code: F41.1, icd_version: 10, diagnosis: Generalized anxiety disorder, GAD-7 score 12, medication: Sertraline 100mg daily",high
"Your Instagram account has been disabled. Appeal now: http://instagram-disabled-appeal-now-online-absolute-final.com",low
"https://www.cdc.gov/nchs/data/nvsr/nvsr73-20-2025.pdf",low
"County: Spokane, WA; Latitude: 47.6588; Longitude: -117.4260",low
"patient_id: 44567, icd_code: I48.0, icd_version: 10, diagnosis: Paroxysmal atrial fibrillation, symptomatic, CHA2DS2-VASc 2, started Apixaban 5mg BID",high
"Your Apple Music subscription has expired. Renew now: http://apple-music-renew-now-online-absolute-final.com",low
"ssid: NSA_Cryptologic_Center_Colorado_3, password: [TOP SECRET//SI], security: WPA3-192",high
"bluetooth_device: Samsung Galaxy Watch 6 Classic, mac: 4F:8A:2C:7E:1B:5D, user: ccc.analyst3@nsa.gov",high
"christopher.martinez@usaf.mil",high
"Latitude: 47.6588, Longitude: -117.4260, Spokane, WA",low
"icd_code: M17.11, icd_version: 10, diagnosis: Unilateral primary osteoarthritis, right knee, KL grade 4, scheduled for TKA 2025-08-15",high
"Your PayPal account has been logged in from a new device in Ecuador. Verify: http://paypal-verify-device-ecuador.com",low
"https://www.cdc.gov/nchs/data/databriefs/db517-summary.pdf",low
"Name: Yellowstone, MT; Longitude: -108.5507; Latitude: 45.8021",low
"wifi: Billings_Logan_International_Airport_10, password: BIL2034!, security: WPA2",high
"bluetooth_device: Garmin Forerunner 965, mac: 7C:3A:5F:1E:9D:2B, user: tsa.officer.bil10@dhs.gov",high
"icd_code: J45.40, icd_version: 10, diagnosis: Moderate persistent asthma, FEV1 69% predicted, medication: Fluticasone/Salmeterol 250/50 BID",high
"patient_record: MRN: 99145, diagnosis: Crohn's disease, ileocolonic, stricturing, s/p ileocecal resection, anastomotic stricture",high
"charles.lee@fbi.gov",high
"Your Netflix payment of $15.49 has failed. Update billing: http://netflix-billing-update-failed-online-absolute-final.com",low
"Latitude: 45.8021, Longitude: -108.5507, Billings, MT",low
"ssid: CIA_Office_of_Congressional_Affairs_2, password: [CLASSIFIED], security: WPA3",high
"bluetooth_pairing: Apple AirPods Max, mac: 5E:2A:7F:8C:1B:4D, user: oca.officer2@cia.gov",high
"icd_code: I25.110, icd_version: 10, diagnosis: Atherosclerotic heart disease of native coronary artery with unstable angina pectoris",high
"Your Facebook account has been hacked. Secure now: http://facebook-hack-secure-now-online-absolute-final.com",low
"https://www.cdc.gov/nchs/fastats/diabetes-adult.htm",low
"County: Ada, ID; Latitude: 43.6137; Longitude: -116.2026",low
"patient_id: 66789, icd_code: I63.9, icd_version: 10, diagnosis: Cerebral infarction, unspecified, onset 2025-03-20, residual mild dysarthria",high
"Your LinkedIn account has been restricted. Verify identity: http://linkedin-restriction-verify-online-absolute-final.com",low
"ssid: FBI_Joint_Terrorism_Task_Force_Washington_Field_Office, password: [LAW ENFORCEMENT SENSITIVE], security: WPA3",high
"bluetooth_pairing: Sony WH-CH720N, mac: 5F:2A:8C:1E:7B:4D, user: jttf.wfo.agent@fbi.gov",high
"jason.white@odni.gov",high
"Latitude: 43.6137, Longitude: -116.2026, Boise, ID",low
"icd_code: E11.21, icd_version: 10, diagnosis: Type 2 diabetes mellitus with diabetic nephropathy, UACR 360 mg/g, eGFR 59 mL/min",high
"Your Amazon order #113-6789012 has shipped. Track: http://amazon-track-shipment-online-absolute-final.com",low
"https://www.cdc.gov/nchs/data/nhcs/telehealth-use-2028-preliminary.pdf",low
"Name: Luzerne, PA; Longitude: -75.8812; Latitude: 41.2448",low
"wifi_config: DHS_Transportation_Security_Administration_National_Explosives_Detection_Canine_Team_3, password: [SENSITIVE], security: WPA3",high
"bluetooth_pairing: Samsung Galaxy Buds2 Pro, mac: 7B:4E:2A:8F:1C:5D, user: ts.nedct.handler3@dhs.gov",high
"icd_code: K57.30, icd_version: 10, diagnosis: Diverticulosis of large intestine without perforation or abscess without bleeding",high
"patient_record: MRN: 99101, diagnosis: Rheumatoid arthritis, seropositive, on Methotrexate 25mg weekly",high
"elizabeth.walker@va.gov",high
"Your Apple ID has been locked due to security reasons. Unlock: http://apple-id-security-unlock-online-truly-final.com",low
"Latitude: 41.2448, Longitude: -75.8812, Wilkes-Barre, PA",low
"ssid: White_House_Office_of_Urban_Affairs_2, password: WH_0UA2_2025!, security: WPA2-Enterprise",high
"bluetooth_device: Bose QuietComfort Earbuds II, mac: 3D:7F:1A:5C:9E:2B, user: wh.oua.deputy@whitehouse.gov",high
"icd_code: F32.1, icd_version: 10, diagnosis: Major depressive disorder, single episode, moderate, PHQ-9 score 16",high
"Your Capital One credit card has been charged $55.50. Verify: http://capitalone-verify-charge-online-security-truly-final.com",low
"https://www.cdc.gov/nchs/data/nvsr/nvsr73-21-2025.pdf",low
"County: Spokane, WA; Latitude: 47.6588; Longitude: -117.4260",low
"patient_id: 77890, icd_code: I21.01, icd_version: 10, diagnosis: ST elevation (STEMI) myocardial infarction involving left main coronary artery, primary PCI with DES to LM, EF 42%",high
"Your Spotify account has been logged in from a new device in Uruguay. Verify: http://spotify-verify-device-uruguay.com",low
"ssid: NSA_Remote_Operations_Center_11, password: [TOP SECRET//SI], security: WPA3-192",high
"bluetooth_device: Samsung Galaxy Watch 5, mac: 4F:8A:2C:7E:1B:5D, user: roc.operator11@nsa.gov",high
"robert.jackson@nro.gov",high
"Latitude: 47.6588, Longitude: -117.4260, Spokane, WA",low
"icd_code: I10, icd_version: 10, diagnosis: Essential (primary) hypertension, BP 136/82 mmHg, on Lisinopril 10mg daily",high
"Your PayPal account has been credited with $95.00 from a friend. Confirm: http://paypal-confirm-friend-credit-online-truly-final.com",low
"https://www.cdc.gov/nchs/data/databriefs/db518-summary.pdf",low
"Name: Yellowstone, MT; Longitude: -108.5507; Latitude: 45.8021",low
"wifi: Billings_Logan_International_Airport_11, password: BIL2035!, security: WPA2",high
"bluetooth_device: Garmin Venu 3, mac: 7C:3A:5F:1E:9D:2B, user: faa.airport.ops.bil11@dot.gov",high
"icd_code: J44.1, icd_version: 10, diagnosis: Chronic obstructive pulmonary disease with acute exacerbation, outpatient treatment",high
"patient_record: MRN: 33456, diagnosis: Parkinson's disease, Hoehn and Yahr stage 2.5, medication: Carbidopa/Levodopa 25-100mg TID",high
"charles.perez@fbi.gov",high
"Your Amazon Pay balance of $40.00 is expiring soon. Use now: http://amazonpay-use-expiring-soon-online-truly-final.com",low
"Latitude: 45.8021, Longitude: -108.5507, Billings, MT",low
"ssid: CIA_Office_of_Military_Affairs_3, password: [CLASSIFIED], security: WPA3",high
"bluetooth_pairing: Apple AirPods Pro, mac: 5C:2F:8A:7E:1B:4D, user: oma.officer3@cia.gov",high
"icd_code: I25.2, icd_version: 10, diagnosis: Old myocardial infarction, s/p anterior wall MI 2024-06-18, EF 48%",high
"Your Facebook account has been locked due to suspicious activity. Unlock: http://facebook-lock-unlock-now-online-truly-final.com",low
"https://www.cdc.gov/nchs/fastats/hypertension-adult.htm",low
"County: Ada, ID; Latitude: 43.6137; Longitude: -116.2026",low
"patient_id: 99123, icd_code: G47.33, icd_version: 10, diagnosis: Obstructive sleep apnea, moderate, AHI 26, CPAP 11 cmH2O prescribed",high
"Your Instagram account has been hacked. Recover now: http://instagram-hack-recover-now-online-truly-final.com",low
"ssid: FBI_Counterintelligence_Division_4, password: [LAW ENFORCEMENT SENSITIVE], security: WPA3",high
"bluetooth_pairing: Beats Fit Pro, mac: 5F:2A:8C:1E:7B:4D, user: ci.analyst4@fbi.gov",high
"jason.harris@dea.gov",high
"Latitude: 43.6137, Longitude: -116.2026, Boise, ID",low
"icd_code: E78.2, icd_version: 10, diagnosis: Mixed hyperlipidemia, LDL 185 mg/dL, triglycerides 290 mg/dL, started Atorvastatin 40mg daily",high
"Your UPS delivery has been delayed due to weather. Track: http://ups-weather-delay-track-online-truly-final.com",low
"https://www.cdc.gov/nchs/data/nhcs/mental-health-telehealth-2028-preliminary.pdf",low
"Name: Luzerne, PA; Longitude: -75.8812; Latitude: 41.2448",low
"wifi_config: DHS_Cybersecurity_and_Infrastructure_Security_Agency_4, password: [SENSITIVE], security: WPA3",high
"bluetooth_pairing: Sony WH-1000XM5, mac: 7B:4E:2A:8F:1C:5D, user: cisa.analyst4@dhs.gov",high
"icd_code: G35, icd_version: 10, diagnosis: Multiple sclerosis, relapsing-remitting, EDSS 2.0, medication: Ocrelizumab 600mg IV",high
"patient_record: MRN: 44578, diagnosis: Ulcerative colitis, pancolitis, on Vedolizumab 300mg IV",high
"elizabeth.green@usss.gov",high
"Your Netflix payment of $17.99 has failed. Update billing: http://netflix-billing-update-failed-online-truly-final.com",low
"Latitude: 41.2448, Longitude: -75.8812, Wilkes-Barre, PA",low
"ssid: White_House_Office_of_Intergovernmental_Affairs_3, password: WH_0IA3_2025!, security: WPA2-Enterprise",high
"bluetooth_device: Bose SoundLink Revolve II, mac: 3F:8A:5C:2E:7B:1D, user: wh.oia.specialist@whitehouse.gov",high
"icd_code: F41.0, icd_version: 10, diagnosis: Panic disorder, panic attacks 1x/week, on Sertraline 100mg daily",high
"Your Apple ID has been locked due to security reasons. Unlock now: http://apple-id-security-unlock-online-really-final.com",low
"https://www.cdc.gov/nchs/data/nvsr/nvsr73-22-2025.pdf",low
"County: Spokane, WA; Latitude: 47.6588; Longitude: -117.4260",low
"patient_id: 66734, icd_code: I48.91, icd_version: 10, diagnosis: Unspecified atrial fibrillation, CHA2DS2-VASc score 3, anticoagulation: Apixaban 5mg BID",high
"Your LinkedIn account has been viewed by 80 recruiters. See who: http://linkedin-see-recruiters-now-online-truly-final.com",low
"ssid: NSA_Cryptologic_Center_Texas_4, password: [TOP SECRET//SI], security: WPA3-192",high
"bluetooth_device: Samsung Galaxy Watch 6, mac: 4F:8A:2C:7E:1B:5D, user: cct.analyst4@nsa.gov",high
"christopher.robinson@usaf.mil",high
"Latitude: 47.6588, Longitude: -117.4260, Spokane, WA",low
"icd_code: M54.5, icd_version: 10, diagnosis: Low back pain, chronic, MRI shows L5-S1 disc degeneration, physical therapy",high
"Your PayPal account has been limited. Provide documents to resolve: http://paypal-limited-resolve-documents-online-really-final.com",low
"https://www.cdc.gov/nchs/data/databriefs/db519-summary.pdf",low
"Name: Yellowstone, MT; Longitude: -108.5507; Latitude: 45.8021",low
"wifi: Billings_Logan_International_Airport_12, password: BIL2036!, security: WPA2",high
"bluetooth_device: Garmin Forerunner 265, mac: 7C:3A:5F:1E:9D:2B, user: tsa.officer.bil12@dhs.gov",high
"icd_code: J45.909, icd_version: 10, diagnosis: Unspecified asthma, uncomplicated, well-controlled",high
"patient_record: MRN: 99167, diagnosis: Crohn's disease, ileocolonic, inflammatory, on Adalimumab 40mg EOW",high
"charles.sanchez@fbi.gov",high
"Your Amazon order #113-7890123 is out for delivery. Track: http://amazon-track-outfordelivery-online-really-final.com",low
"Latitude: 45.8021, Longitude: -108.5507, Billings, MT",low
"ssid: CIA_Office_of_General_Counsel_3, password: [CLASSIFIED], security: WPA3",high
"bluetooth_pairing: Apple AirPods Max, mac: 5E:2A:7F:8C:1B:4D, user: ogc.officer3@cia.gov",high
"icd_code: I25.119, icd_version: 10, diagnosis: Atherosclerotic heart disease of native coronary artery with unspecified angina pectoris",high
"Your Capital One 360 account has been accessed from a new browser. Verify: http://capitalone-verify-browser-online-really-final.com",low
"https://www.cdc.gov/nchs/fastats/cancer-adult.htm",low
"County: Ada, ID; Latitude: 43.6137; Longitude: -116.2026",low
"patient_id: 77823, icd_code: I21.4, icd_version: 10, diagnosis: Non-ST elevation (NSTEMI) myocardial infarction, troponin 2.9, PCI to RCA with DES",high
"Your Spotify account has been logged in from a new device in Bolivia. Verify: http://spotify-verify-device-bolivia.com",low
"ssid: FBI_Joint_Terrorism_Task_Force_Dallas, password: [LAW ENFORCEMENT SENSITIVE], security: WPA3",high
"bluetooth_pairing: Sony WH-CH720N, mac: 5F:2A:8C:1E:7B:4D, user: jttf.dal.agent@fbi.gov",high
"jason.martin@odni.gov",high
"Latitude: 43.6137, Longitude: -116.2026, Boise, ID",low
"icd_code: E11.22, icd_version: 10, diagnosis: Type 2 diabetes mellitus with diabetic chronic kidney disease, stage 3a, eGFR 58, UACR 340",high
"Your Amazon Pay balance of $55.00 is expiring soon. Use now: http://amazonpay-use-expiring-soon-online-really-final.com",low
"https://www.cdc.gov/nchs/data/nhcs/telehealth-use-2029-preliminary.pdf",low
"Name: Luzerne, PA; Longitude: -75.8812; Latitude: 41.2448",low
"wifi_config: DHS_Transportation_Security_Administration_CANINE_3, password: [SENSITIVE], security: WPA3",high
"bluetooth_pairing: Samsung Galaxy Buds2, mac: 7B:4E:2A:8F:1C:5D, user: tsa.canine.handler3@dhs.gov",high
"icd_code: K21.9, icd_version: 10, diagnosis: Gastro-esophageal reflux disease without esophagitis, medication: Pantoprazole 40mg daily",high
"patient_record: MRN: 33489, diagnosis: Rheumatoid arthritis, seropositive, on Methotrexate 20mg weekly",high
"elizabeth.lewis@va.gov",high
"Your UPS delivery has been rescheduled. Confirm: http://ups-reschedule-confirm-online-really-final.com",low
"Latitude: 41.2448, Longitude: -75.8812, Wilkes-Barre, PA",low
"ssid: White_House_Office_of_National_Drug_Control_Policy_3, password: WH_0NDCP3_2025!, security: WPA3-Enterprise",high
"bluetooth_device: Bose QuietComfort 35 II, mac: 3D:7F:1A:5C:9E:2B, user: wh.ondcp.policy.advisor@whitehouse.gov",high
"icd_code: F32.1, icd_version: 10, diagnosis: Major depressive disorder, single episode, moderate, PHQ-9 score 15",high
"Your Facebook account has been disabled. Appeal now: http://facebook-disabled-appeal-now-online-really-final.com",low
"https://www.cdc.gov/nchs/data/nvsr/nvsr73-23-2025.pdf",low
"County: Spokane, WA; Latitude: 47.6588; Longitude: -117.4260",low
"patient_id: 99145, icd_code: I63.50, icd_version: 10, diagnosis: Cerebral infarction due to unspecified occlusion or stenosis of unspecified cerebral artery, onset 2025-03-22",high
"Your Apple Music subscription has expired. Renew now: http://apple-music-renew-now-online-really-final.com",low
"ssid: NSA_Remote_Operations_Center_12, password: [TOP SECRET//SI], security: WPA3-192",high
"bluetooth_device: Samsung Galaxy Watch 5, mac: 4F:8A:2C:7E:1B:5D, user: roc.operator12@nsa.gov",high
"robert.hall@nro.gov",high
"Latitude: 47.6588, Longitude: -117.4260, Spokane, WA",low
"icd_code: I10, icd_version: 10, diagnosis: Essential (primary) hypertension, BP 142/84 mmHg, on Lisinopril 20mg daily",high
"Your PayPal account has been credited with $70.00 from a refund. View: http://paypal-view-refund-credit-online-really-final.com",low
"https://www.cdc.gov/nchs/data/databriefs/db520-summary.pdf",low
"Name: Yellowstone, MT; Longitude: -108.5507; Latitude: 45.8021",low
"wifi: Billings_Logan_International_Airport_13, password: BIL2037!, security: WPA2",high
"bluetooth_device: Garmin Venu 2S, mac: 7C:3A:5F:1E:9D:2B, user: faa.airport.ops.bil13@dot.gov",high
"icd_code: J44.0, icd_version: 10, diagnosis: Chronic obstructive pulmonary disease with acute lower respiratory infection, exacerbation",high
"patient_record: MRN: 33412, diagnosis: Parkinson's disease, Hoehn and Yahr stage 2, medication: Carbidopa/Levodopa 25-100mg TID",high
"charles.young@fbi.gov",high
"Your Netflix payment of $15.49 has failed. Update billing: http://netflix-billing-update-failed-online-really-final.com",low
"Latitude: 45.8021, Longitude: -108.5507, Billings, MT",low
"ssid: CIA_Office_of_Public_Affairs_3, password: [CLASSIFIED], security: WPA3",high
"bluetooth_pairing: Apple AirPods Pro 2, mac: 5C:2F:8A:7E:1B:4D, user: opa.officer3@cia.gov",high
"icd_code: I25.110, icd_version: 10, diagnosis: Atherosclerotic heart disease of native coronary artery with unstable angina pectoris",high
"Your Instagram account has been disabled. Appeal now: http://instagram-disabled-appeal-now-online-really-final.com",low
"https://www.cdc.gov/nchs/fastats/heart-disease-adult.htm",low
"County: Ada, ID; Latitude: 43.6137; Longitude: -116.2026",low
"patient_id: 66701, icd_code: G47.33, icd_version: 10, diagnosis: Obstructive sleep apnea, severe, AHI 44, CPAP 14 cmH2O, adherence 73%",high
"Your Capital One credit card has been charged $42.30. Verify: http://capitalone-verify-charge-online-security-really-final.com",low
"ssid: FBI_Critical_Incident_Response_Group_6, password: [LAW ENFORCEMENT SENSITIVE], security: WPA3",high
"bluetooth_pairing: Beats Fit Pro, mac: 5F:2A:8C:1E:7B:4D, user: cirg.operator6@fbi.gov",high
"jason.lee@dea.gov",high
"Latitude: 43.6137, Longitude: -116.2026, Boise, ID",low
"icd_code: E78.5, icd_version: 10, diagnosis: Hyperlipidemia, unspecified, LDL 168 mg/dL, started Atorvastatin 20mg daily",high
"Your Amazon order #113-8901234 has shipped. Track: http://amazon-track-shipment-online-really-final.com",low
"https://www.cdc.gov/nchs/data/nhcs/mental-health-telehealth-2029-preliminary.pdf",low
"Name: Luzerne, PA; Longitude: -75.8812; Latitude: 41.2448",low
"wifi_config: DHS_Cyber_Crime_Center_6, password: [SENSITIVE], security: WPA3",high
"bluetooth_pairing: Sony WH-1000XM4, mac: 7B:4E:2A:8F:1C:5D, user: c4.analyst6@dhs.gov",high
"icd_code: G47.33, icd_version: 10, diagnosis: Obstructive sleep apnea, moderate, AHI 28, CPAP 12 cmH2O prescribed",high
"patient_record: MRN: 99178, diagnosis: Ulcerative colitis, left-sided, on Mesalamine 4.8g daily",high
"elizabeth.hall@usss.gov",high
"Your Apple ID has been locked due to security reasons. Unlock: http://apple-id-security-unlock-online-final-version.com",low
"Latitude: 41.2448, Longitude: -75.8812, Wilkes-Barre, PA",low
"ssid: White_House_Office_of_Science_and_Technology_Policy_3, password: WH_0STP3_2025!, security: WPA3-Enterprise",high
"bluetooth_device: Bose SoundLink Flex, mac: 3F:8A:5C:2E:7B:1D, user: wh.ostp.senior.advisor@whitehouse.gov",high
"icd_code: F41.1, icd_version: 10, diagnosis: Generalized anxiety disorder, GAD-7 score 13, medication: Sertraline 100mg daily",high
"Your LinkedIn account has been restricted. Verify identity: http://linkedin-restriction-verify-online-final-version.com",low
"https://www.cdc.gov/nchs/data/nvsr/nvsr73-24-2025.pdf",low
"County: Spokane, WA; Latitude: 47.6588; Longitude: -117.4260",low
"patient_id: 44590, icd_code: I48.0, icd_version: 10, diagnosis: Paroxysmal atrial fibrillation, symptomatic, CHA2DS2-VASc 1, no anticoagulation",high
"Your Spotify account has been logged in from a new device in Paraguay. Verify: http://spotify-verify-device-paraguay.com",low
"ssid: NSA_Cryptologic_Center_Georgia_5, password: [TOP SECRET//SI], security: WPA3-192",high
"bluetooth_device: Samsung Galaxy Watch 6 Classic, mac: 4F:8A:2C:7E:1B:5D, user: ccg.analyst5@nsa.gov",high
"christopher.moore@usaf.mil",high
"Latitude: 47.6588, Longitude: -117.4260, Spokane, WA",low
"icd_code: M17.11, icd_version: 10, diagnosis: Unilateral primary osteoarthritis, right knee, KL grade 4, scheduled for TKA 2025-09-01",high
"Your PayPal account has been logged in from a new device in Costa Rica. Verify: http://paypal-verify-device-costarica.com",low
"https://www.cdc.gov/nchs/data/databriefs/db521-summary.pdf",low
"Name: Yellowstone, MT; Longitude: -108.5507; Latitude: 45.8021",low
"wifi: Billings_Logan_International_Airport_14, password: BIL2038!, security: WPA2",high
"bluetooth_device: Garmin Forerunner 965, mac: 7C:3A:5F:1E:9D:2B, user: tsa.officer.bil14@dhs.gov",high
"icd_code: J45.40, icd_version: 10, diagnosis: Moderate persistent asthma, FEV1 70% predicted, medication: Fluticasone/Salmeterol 250/50 BID",high
"patient_record: MRN: 99189, diagnosis: Crohn's disease, ileocolonic, fistulizing, on Infliximab 5mg/kg IV",high
"charles.king@fbi.gov",high
"Your Amazon Pay balance of $35.00 is expiring soon. Use now: http://amazonpay-use-expiring-soon-online-final-version.com",low
"Latitude: 45.8021, Longitude: -108.5507, Billings, MT",low
"ssid: CIA_Office_of_Inspector_General_3, password: [CLASSIFIED], security: WPA3",high
"bluetooth_pairing: Apple AirPods Max, mac: 5E:2A:7F:8C:1B:4D, user: oig.officer3@cia.gov",high
"icd_code: I21.4, icd_version: 10, diagnosis: Non-ST elevation (NSTEMI) myocardial infarction, troponin 3.0, PCI to OM2 with DES",high
"Your Facebook account has been hacked. Secure now: http://facebook-hack-secure-now-online-final-version.com",low
"https://www.cdc.gov/nchs/fastats/chronic-kidney-disease-adult.htm",low
"County: Ada, ID; Latitude: 43.6137; Longitude: -116.2026",low
"patient_id: 77845, icd_code: I50.32, icd_version: 10, diagnosis: Chronic diastolic (congestive) heart failure, EF 55%, NYHA class II",high
"Your UPS delivery has been delayed due to weather. Track: http://ups-weather-delay-track-online-final-version.com",low
"ssid: FBI_Joint_Terrorism_Task_Force_Houston, password: [LAW ENFORCEMENT SENSITIVE], security: WPA3",high
"bluetooth_pairing: Sony WH-CH720N, mac: 5F:2A:8C:1E:7B:4D, user: jttf.hou.agent@fbi.gov",high
"jason.wright@odni.gov",high
"Latitude: 43.6137, Longitude: -116.2026, Boise, ID",low
"icd_code: E11.65, icd_version: 10, diagnosis: Type 2 diabetes mellitus with hyperglycemia, A1C 9.0%, insulin glargine 24 units nightly",high
"Your Netflix payment of $17.99 has failed. Update billing: http://netflix-billing-update-failed-online-final-version.com",low
"https://www.cdc.gov/nchs/data/nhcs/primary-care-telehealth-2029-preliminary.pdf",low
"Name: Luzerne, PA; Longitude: -75.8812; Latitude: 41.2448",low
"wifi_config: DHS_Transportation_Security_Administration_R&D_4, password: [SENSITIVE], security: WPA3",high
"bluetooth_pairing: Samsung Galaxy Buds2 Pro, mac: 7B:4E:2A:8F:1C:5D, user: tsa.rd.engineer4@dhs.gov",high
"icd_code: K57.32, icd_version: 10, diagnosis: Diverticulitis of large intestine with perforation and abscess without bleeding, CT-guided drainage 2025-03-01",high
"patient_record: MRN: 33456, diagnosis: Rheumatoid arthritis, seropositive, on Methotrexate 25mg weekly",high
"elizabeth.allen@va.gov",high
"Your Capital One 360 account has been accessed from a new location. Verify: http://capitalone-verify-location-online-final-version.com",low
"Latitude: 41.2448, Longitude: -75.8812, Wilkes-Barre, PA",low
"ssid: White_House_Office_of_Legislative_Affairs_3, password: WH_0LA3_2025!, security: WPA2-Enterprise",high
"bluetooth_device: Bose QuietComfort Earbuds II, mac: 3D:7F:1A:5C:9E:2B, user: wh.ola.counsel@whitehouse.gov",high
"icd_code: F32.1, icd_version: 10, diagnosis: Major depressive disorder, single episode, moderate, PHQ-9 score 14",high
"Your Instagram account has been hacked. Recover now: http://instagram-hack-recover-now-online-final-version.com",low
"https://www.cdc.gov/nchs/data/nvsr/nvsr73-25-2025.pdf",low
"County: Spokane, WA; Latitude: 47.6588; Longitude: -117.4260",low
"patient_id: 99101, icd_code: I25.119, icd_version: 10, diagnosis: Atherosclerotic heart disease of native coronary artery with unspecified angina pectoris, s/p DES to LAD 2024-08-22",high
"Your Apple Music subscription has expired. Renew now: http://apple-music-renew-now-online-final-version.com",low
"ssid: NSA_Remote_Operations_Center_13, password: [TOP SECRET//SI], security: WPA3-192",high
"bluetooth_device: Samsung Galaxy Watch 5, mac: 4F:8A:2C:7E:1B:5D, user: roc.operator13@nsa.gov",high
"robert.adams@nro.gov",high
"Latitude: 47.6588, Longitude: -117.4260, Spokane, WA",low
"icd_code: I10, icd_version: 10, diagnosis: Essential (primary) hypertension, BP 138/80 mmHg, on Lisinopril 10mg daily",high
"Your PayPal account has been credited with $110.00 from a sale. View: http://paypal-view-sale-credit-online-final-version.com",low
"https://www.cdc.gov/nchs/data/databriefs/db522-summary.pdf",low
"Name: Yellowstone, MT; Longitude: -108.5507; Latitude: 45.8021",low
"wifi: Billings_Logan_International_Airport_15, password: BIL2039!, security: WPA2",high
"bluetooth_device: Garmin Venu 3, mac: 7C:3A:5F:1E:9D:2B, user: faa.airport.ops.bil15@dot.gov",high
"icd_code: J44.1, icd_version: 10, diagnosis: Chronic obstructive pulmonary disease with acute exacerbation, outpatient treatment",high
"patient_record: MRN: 44512, diagnosis: Parkinson's disease, Hoehn and Yahr stage 2, medication: Carbidopa/Levodopa 25-100mg TID",high
"charles.lewis@fbi.gov",high
"Your Amazon order #113-9012345 is out for delivery. Track: http://amazon-track-outfordelivery-online-final-version.com",low
"Latitude: 45.8021, Longitude: -108.5507, Billings, MT",low
"ssid: CIA_Office_of_Congressional_Affairs_3, password: [CLASSIFIED], security: WPA3",high
"bluetooth_pairing: Apple AirPods Pro, mac: 5C:2F:8A:7E:1B:4D, user: oca.officer3@cia.gov",high
"icd_code: I25.2, icd_version: 10, diagnosis: Old myocardial infarction, s/p inferior wall MI 2024-09-05, EF 52%",high
"Your Facebook account has been locked due to suspicious activity. Unlock: http://facebook-lock-unlock-now-online-final-version.com",low
"https://www.cdc.gov/nchs/fastats/stroke-adult.htm",low
"County: Ada, ID; Latitude: 43.6137; Longitude: -116.2026",low
"patient_id: 66723, icd_code: G47.33, icd_version: 10, diagnosis: Obstructive sleep apnea, severe, AHI 46, CPAP 14 cmH2O, adherence 71%",high
"Your LinkedIn account has been viewed by 90 recruiters. See who: http://linkedin-see-recruiters-now-online-final-version.com",low
"ssid: FBI_Counterterrorism_Division_3, password: [LAW ENFORCEMENT SENSITIVE], security: WPA3",high
"bluetooth_pairing: Beats Fit Pro, mac: 5F:2A:8C:1E:7B:4D, user: ctd.analyst3@fbi.gov",high
"jason.scott@dea.gov",high
"Latitude: 43.6137, Longitude: -116.2026, Boise, ID",low
"icd_code: E11.21, icd_version: 10, diagnosis: Type 2 diabetes mellitus with diabetic nephropathy, UACR 390 mg/g, eGFR 56 mL/min",high
"Your Amazon Pay balance of $65.00 is expiring soon. Use now: http://amazonpay-use-expiring-soon-online-final-version-now.com",low
"https://www.cdc.gov/nchs/data/nhcs/telehealth-use-2030-preliminary.pdf",low
"Name: Luzerne, PA; Longitude: -75.8812; Latitude: 41.2448",low
"wifi_config: DHS_Cybersecurity_and_Infrastructure_Security_Agency_5, password: [SENSITIVE], security: WPA3",high
"bluetooth_pairing: Sony WH-1000XM5, mac: 7B:4E:2A:8F:1C:5D, user: cisa.analyst5@dhs.gov",high
"icd_code: G35, icd_version: 10, diagnosis: Multiple sclerosis, relapsing-remitting, EDSS 1.5, medication: Glatiramer acetate 40mg TIW",high
"patient_record: MRN: 99134, diagnosis: Ulcerative colitis, left-sided, on Mesalamine 4.8g daily",high
"elizabeth.young@usss.gov",high
"Your UPS delivery has been rescheduled. Confirm: http://ups-reschedule-confirm-online-final-version.com",low
"Latitude: 41.2448, Longitude: -75.8812, Wilkes-Barre, PA",low
"ssid: White_House_Office_of_Administration_3, password: WH_0A3_2025!, security: WPA2-Enterprise",high
"bluetooth_device: Bose SoundLink Revolve II, mac: 3F:8A:5C:2E:7B:1D, user: wh.oa.associate.director@whitehouse.gov",high
"icd_code: F41.0, icd_version: 10, diagnosis: Panic disorder, panic attacks 2x/week, on Sertraline 100mg daily",high
"Your Apple ID has been locked due to security reasons. Unlock now: http://apple-id-security-unlock-online-finally.com",low
"https://www.cdc.gov/nchs/data/nvsr/nvsr73-26-2025.pdf",low
"County: Spokane, WA; Latitude: 47.6588; Longitude: -117.4260",low
"patient_id: 77856, icd_code: I63.9, icd_version: 10, diagnosis: Cerebral infarction, unspecified, onset 2025-03-25, residual mild weakness",high
"Your Spotify account has been logged in from a new device in Panama. Verify: http://spotify-verify-device-panama.com",low
"ssid: NSA_Cryptologic_Center_Colorado_4, password: [TOP SECRET//SI], security: WPA3-192",high
"bluetooth_device: Samsung Galaxy Watch 6, mac: 4F:8A:2C:7E:1B:5D, user: ccc.analyst4@nsa.gov",high
"christopher.taylor@usaf.mil",high
"Latitude: 47.6588, Longitude: -117.4260, Spokane, WA",low
"icd_code: M54.5, icd_version: 10, diagnosis: Low back pain, chronic, MRI shows L4-L5 disc bulge, physical therapy",high
"Your PayPal account has been limited. Provide documents to resolve: http://paypal-limited-resolve-documents-online-finally.com",low
"https://www.cdc.gov/nchs/data/databriefs/db523-summary.pdf",low
"Name: Yellowstone, MT; Longitude: -108.5507; Latitude: 45.8021",low
"wifi: Billings_Logan_International_Airport_16, password: BIL2040!, security: WPA2",high
"bluetooth_device: Garmin Forerunner 265, mac: 7C:3A:5F:1E:9D:2B, user: tsa.officer.bil16@dhs.gov",high
"icd_code: J45.909, icd_version: 10, diagnosis: Unspecified asthma, uncomplicated, well-controlled",high
"patient_record: MRN: 33478, diagnosis: Crohn's disease, ileocolonic, inflammatory, on Adalimumab 40mg EOW",high
"charles.walker@fbi.gov",high
"Your Netflix payment of $15.49 has failed. Update billing: http://netflix-billing-update-failed-online-finally.com",low
"Latitude: 45.8021, Longitude: -108.5507, Billings, MT",low
"ssid: CIA_Office_of_Military_Affairs_4, password: [CLASSIFIED], security: WPA3",high
"bluetooth_pairing: Apple AirPods Max, mac: 5E:2A:7F:8C:1B:4D, user: oma.officer4@cia.gov",high
"icd_code: I25.119, icd_version: 10, diagnosis: Atherosclerotic heart disease of native coronary artery with unspecified angina pectoris",high
"Your Capital One credit card has been charged $88.75. Verify: http://capitalone-verify-charge-online-security-finally.com",low
"https://www.cdc.gov/nchs/fastats/alzheimers-disease-adult.htm",low
"County: Ada, ID; Latitude: 43.6137; Longitude: -116.2026",low
"patient_id: 99156, icd_code: I48.91, icd_version: 10, diagnosis: Unspecified atrial fibrillation, CHA2DS2-VASc score 2, anticoagulation: Rivaroxaban 20mg daily",high
"Your Instagram account has been disabled. Appeal now: http://instagram-disabled-appeal-now-online-finally.com",low
"ssid: FBI_Joint_Terrorism_Task_Force_Phoenix, password: [LAW ENFORCEMENT SENSITIVE], security: WPA3",high
"bluetooth_pairing: Sony WH-CH720N, mac: 5F:2A:8C:1E:7B:4D, user: jttf.phx.agent@fbi.gov",high
"jason.young@odni.gov",high
"Latitude: 43.6137, Longitude: -116.2026, Boise, ID",low
"icd_code: E78.00, icd_version: 10, diagnosis: Pure hypercholesterolemia, unspecified, LDL 198 mg/dL, started Rosuvastatin 20mg daily",high
"Your Amazon order #113-0123456 has shipped. Track: http://amazon-track-shipment-online-finally.com",low
"https://www.cdc.gov/nchs/data/nhcs/mental-health-telehealth-2030-preliminary.pdf",low
"Name: Luzerne, PA; Longitude: -75.8812; Latitude: 41.2448",low
"wifi_config: DHS_Transportation_Security_Administration_National_Explosives_Detection_Canine_Team_4, password: [SENSITIVE], security: WPA3",high
"bluetooth_pairing: Samsung Galaxy Buds2, mac: 7B:4E:2A:8F:1C:5D, user: ts.nedct.handler4@dhs.gov",high
"icd_code: K29.70, icd_version: 10, diagnosis: Gastritis, unspecified, without bleeding, H. pylori negative, on PPI",high
"patient_record: MRN: 44567, diagnosis: Rheumatoid arthritis, seropositive, on Methotrexate 20mg weekly",high
"elizabeth.harris@va.gov",high
"Your Apple ID has been locked due to security reasons. Unlock: http://apple-id-security-unlock-online-ultimately.com",low
"Latitude: 41.2448, Longitude: -75.8812, Wilkes-Barre, PA",low
"ssid: White_House_Office_of_National_AIDS_Policy_2, password: WH_0NAP2_2025!, security: WPA2-Enterprise",high
"bluetooth_device: Bose QuietComfort 45, mac: 3D:7F:1A:5C:9E:2B, user: wh.onap.deputy@whitehouse.gov",high
"icd_code: F32.1, icd_version: 10, diagnosis: Major depressive disorder, single episode, moderate, PHQ-9 score 16",high
"Your Facebook account has been disabled. Appeal now: http://facebook-disabled-appeal-now-online-ultimately.com",low
"https://www.cdc.gov/nchs/data/nvsr/nvsr73-27-2025.pdf",low
"County: Spokane, WA; Latitude: 47.6588; Longitude: -117.4260",low
"patient_id: 66778, icd_code: I21.01, icd_version: 10, diagnosis: ST elevation (STEMI) myocardial infarction involving left main coronary artery, primary PCI with DES to LM, EF 44%",high
"Your PayPal account has been credited with $135.00 from a refund. View: http://paypal-view-refund-credit-online-ultimately.com",low
"ssid: NSA_Remote_Operations_Center_14, password: [TOP SECRET//SI], security: WPA3-192",high
"bluetooth_device: Samsung Galaxy Watch 5, mac: 4F:8A:2C:7E:1B:5D, user: roc.operator14@nsa.gov",high
"robert.nelson@nro.gov",high
"Latitude: 47.6588, Longitude: -117.4260, Spokane, WA",low
"icd_code: I10, icd_version: 10, diagnosis: Essential (primary) hypertension, BP 140/86 mmHg, on Lisinopril 20mg daily",high
"Your Spotify account has been logged in from a new device in Honduras. Verify: http://spotify-verify-device-honduras.com",low
"https://www.cdc.gov/nchs/data/databriefs/db524-summary.pdf",low
"Name: Yellowstone, MT; Longitude: -108.5507; Latitude: 45.8021",low
"wifi: Billings_Logan_International_Airport_17, password: BIL2041!, security: WPA2",high
"bluetooth_device: Garmin Venu 2S, mac: 7C:3A:5F:1E:9D:2B, user: faa.airport.ops.bil17@dot.gov",high
"icd_code: J44.0, icd_version: 10, diagnosis: Chronic obstructive pulmonary disease with acute lower respiratory infection, exacerbation",high
"patient_record: MRN: 99123, diagnosis: Parkinson's disease, Hoehn and Yahr stage 2, medication: Carbidopa/Levodopa 25-100mg TID",high
"charles.allen@fbi.gov",high
"Your Amazon Pay balance of $45.00 is expiring soon. Use now: http://amazonpay-use-expiring-soon-online-ultimately.com",low
"Latitude: 45.8021, Longitude: -108.5507, Billings, MT",low
"ssid: CIA_Office_of_General_Counsel_4, password: [CLASSIFIED], security: WPA3",high
"bluetooth_pairing: Apple AirPods Pro 2, mac: 5C:2F:8A:7E:1B:4D, user: ogc.officer4@cia.gov",high
"icd_code: I25.110, icd_version: 10, diagnosis: Atherosclerotic heart disease of native coronary artery with unstable angina pectoris",high
"Your LinkedIn account has been restricted. Verify identity: http://linkedin-restriction-verify-online-ultimately.com",low
"https://www.cdc.gov/nchs/fastats/immunization-child-2025.htm",low
"County: Ada, ID; Latitude: 43.6137; Longitude: -116.2026",low
"patient_id: 77801, icd_code: G47.33, icd_version: 10, diagnosis: Obstructive sleep apnea, moderate, AHI 25, CPAP 11 cmH2O prescribed",high
"Your UPS delivery has been delayed due to weather. Track: http://ups-weather-delay-track-online-ultimately.com",low
"ssid: FBI_Critical_Incident_Response_Group_7, password: [LAW ENFORCEMENT SENSITIVE], security: WPA3",high
"bluetooth_pairing: Beats Fit Pro, mac: 5F:2A:8C:1E:7B:4D, user: cirg.operator7@fbi.gov",high
"jason.king@dea.gov",high
"Latitude: 43.6137, Longitude: -116.2026, Boise, ID",low
"icd_code: E11.22, icd_version: 10, diagnosis: Type 2 diabetes mellitus with diabetic chronic kidney disease, stage 3a, eGFR 59, UACR 310",high
"Your Netflix payment of $17.99 has failed. Update billing: http://netflix-billing-update-failed-online-ultimately.com",low
"https://www.cdc.gov/nchs/data/nhcs/telehealth-use-2031-preliminary.pdf",low
"Name: Luzerne, PA; Longitude: -75.8812; Latitude: 41.2448",low
"wifi_config: DHS_Cyber_Crime_Center_7, password: [SENSITIVE], security: WPA3",high
"bluetooth_pairing: Sony WH-1000XM4, mac: 7B:4E:2A:8F:1C:5D, user: c4.analyst7@dhs.gov",high
"icd_code: G47.33, icd_version: 10, diagnosis: Obstructive sleep apnea, severe, AHI 43, CPAP 14 cmH2O, adherence 74%",high
"patient_record: MRN: 99145, diagnosis: Ulcerative colitis, pancolitis, on Vedolizumab 300mg IV",high
"elizabeth.wright@usss.gov",high
"Your Capital One 360 account has been accessed from a new browser. Verify: http://capitalone-verify-browser-online-ultimately.com",low
"Latitude: 41.2448, Longitude: -75.8812, Wilkes-Barre, PA",low
"ssid: White_House_Office_of_Faith-Based_and_Neighborhood_Partnerships_3, password: WH_0FBNP3_2025!, security: WPA2-Enterprise",high
"bluetooth_device: Bose SoundLink Flex, mac: 3F:8A:5C:2E:7B:1D, user: wh.ofbnp.regional.coordinator@whitehouse.gov",high
"icd_code: F41.1, icd_version: 10, diagnosis: Generalized anxiety disorder, GAD-7 score 12, medication: Sertraline 100mg daily",high
"Your Apple ID has been locked due to security reasons. Unlock now: http://apple-id-security-unlock-online-complete-final.com",low
"https://www.cdc.gov/nchs/data/nvsr/nvsr73-28-2025.pdf",low
"County: Spokane, WA; Latitude: 47.6588; Longitude: -117.4260",low
"patient_id: 99189, icd_code: I63.50, icd_version: 10, diagnosis: Cerebral infarction due to unspecified occlusion or stenosis of unspecified cerebral artery, onset 2025-03-28",high
"Your Instagram account has been hacked. Recover now: http://instagram-hack-recover-now-online-complete-final.com",low
"ssid: NSA_Cryptologic_Center_Texas_5, password: [TOP SECRET//SI], security: WPA3-192",high
"bluetooth_device: Samsung Galaxy Watch 6 Classic, mac: 4F:8A:2C:7E:1B:5D, user: cct.analyst5@nsa.gov",high
"christopher.anderson@usaf.mil",high
"Latitude: 47.6588, Longitude: -117.4260, Spokane, WA",low
"icd_code: M17.11, icd_version: 10, diagnosis: Unilateral primary osteoarthritis, right knee, KL grade 4, scheduled for TKA 2025-09-15",high
"Your PayPal account has been logged in from a new device in Guatemala. Verify: http://paypal-verify-device-guatemala.com",low
"https://www.cdc.gov/nchs/data/databriefs/db525-summary.pdf",low
"Name: Yellowstone, MT; Longitude: -108.5507; Latitude: 45.8021",low
"wifi: Billings_Logan_International_Airport_18, password: BIL2042!, security: WPA2",high
"bluetooth_device: Garmin Forerunner 965, mac: 7C:3A:5F:1E:9D:2B, user: tsa.officer.bil18@dhs.gov",high
"icd_code: J45.40, icd_version: 10, diagnosis: Moderate persistent asthma, FEV1 71% predicted, medication: Fluticasone/Salmeterol 250/50 BID",high
"patient_record: MRN: 33412, diagnosis: Crohn's disease, ileocolonic, stricturing, s/p ileocecal resection, anastomotic stricture",high
"charles.young@fbi.gov",high
"Your Amazon order #113-1234567 is out for delivery. Track: http://amazon-track-outfordelivery-online-complete-final.com",low
"Latitude: 45.8021, Longitude: -108.5507, Billings, MT",low
"ssid: CIA_Office_of_Public_Affairs_4, password: [CLASSIFIED], security: WPA3",high
"bluetooth_pairing: Apple AirPods Max, mac: 5E:2A:7F:8C:1B:4D, user: opa.officer4@cia.gov",high
"icd_code: I21.4, icd_version: 10, diagnosis: Non-ST elevation (NSTEMI) myocardial infarction, troponin 2.7, PCI to OM1 with DES",high
"Your Facebook account has been hacked. Secure now: http://facebook-hack-secure-now-online-complete-final.com",low
"https://www.cdc.gov/nchs/fastats/health-insurance-adult.htm",low
"County: Ada, ID; Latitude: 43.6137; Longitude: -116.2026",low
"patient_id: 66745, icd_code: I48.0, icd_version: 10, diagnosis: Paroxysmal atrial fibrillation, symptomatic, CHA2DS2-VASc 2, started Apixaban 5mg BID",high
"Your LinkedIn account has been viewed by 100 recruiters. See who: http://linkedin-see-recruiters-now-online-complete-final.com",low
"ssid: FBI_Joint_Terrorism_Task_Force_Detroit, password: [LAW ENFORCEMENT SENSITIVE], security: WPA3",high
"bluetooth_pairing: Sony WH-CH720N, mac: 5F:2A:8C:1E:7B:4D, user: jttf.det.agent@fbi.gov",high
"jason.hill@odni.gov",high
"Latitude: 43.6137, Longitude: -116.2026, Boise, ID",low
"icd_code: E78.5, icd_version: 10, diagnosis: Hyperlipidemia, unspecified, LDL 172 mg/dL, started Atorvastatin 20mg daily",high
"Your Amazon Pay balance of $25.00 is expiring soon. Use now: http://amazonpay-use-expiring-soon-online-complete-final.com",low
"https://www.cdc.gov/nchs/data/nhcs/mental-health-telehealth-2031-preliminary.pdf",low
"Name: Luzerne, PA; Longitude: -75.8812; Latitude: 41.2448",low
"wifi_config: DHS_Transportation_Security_Administration_CANINE_4, password: [SENSITIVE], security: WPA3",high
"bluetooth_pairing: Samsung Galaxy Buds2 Pro, mac: 7B:4E:2A:8F:1C:5D, user: tsa.canine.handler4@dhs.gov",high
"icd_code: K57.30, icd_version: 10, diagnosis: Diverticulosis of large intestine without perforation or abscess without bleeding",high
"patient_record: MRN: 99167, diagnosis: Rheumatoid arthritis, seropositive, on Methotrexate 25mg weekly",high
"elizabeth.scott@va.gov",high
"Your UPS delivery has been rescheduled. Confirm: http://ups-reschedule-confirm-online-complete-final.com",low
"Latitude: 41.2448, Longitude: -75.8812, Wilkes-Barre, PA",low
"ssid: White_House_Office_of_Intergovernmental_Affairs_4, password: WH_0IA4_2025!, security: WPA2-Enterprise",high
"bluetooth_device: Bose QuietComfort Earbuds II, mac: 3D:7F:1A:5C:9E:2B, user: wh.oia.deputy.director@whitehouse.gov",high
"icd_code: F32.1, icd_version: 10, diagnosis: Major depressive disorder, single episode, moderate, PHQ-9 score 15",high
"Your Netflix payment of $15.49 has failed. Update billing: http://netflix-billing-update-failed-online-complete-final.com",low
"https://www.cdc.gov/nchs/data/nvsr/nvsr73-29-2025.pdf",low
"County: Spokane, WA; Latitude: 47.6588; Longitude: -117.4260",low
"patient_id: 77890, icd_code: I25.2, icd_version: 10, diagnosis: Old myocardial infarction, s/p inferior wall MI 2024-10-12, EF 50%",high
"Your Apple Music subscription has expired. Renew now: http://apple-music-renew-now-online-complete-final.com",low
"ssid: NSA_Remote_Operations_Center_15, password: [TOP SECRET//SI], security: WPA3-192",high
"bluetooth_device: Samsung Galaxy Watch 5, mac: 4F:8A:2C:7E:1B:5D, user: roc.operator15@nsa.gov",high
"robert.carter@nro.gov",high
"Latitude: 47.6588, Longitude: -117.4260, Spokane, WA",low
"icd_code: I10, icd_version: 10, diagnosis: Essential (primary) hypertension, BP 136/80 mmHg, on Lisinopril 10mg daily",high
"Your PayPal account has been credited with $95.00 from a friend. Confirm: http://paypal-confirm-friend-credit-online-complete-final.com",low
"https://www.cdc.gov/nchs/data/databriefs/db526-summary.pdf",low
"Name: Yellowstone, MT; Longitude: -108.5507; Latitude: 45.8021",low
"wifi: Billings_Logan_International_Airport_19, password: BIL2043!, security: WPA2",high
"bluetooth_device: Garmin Venu 3, mac: 7C:3A:5F:1E:9D:2B, user: faa.airport.ops.bil19@dot.gov",high
"icd_code: J44.1, icd_version: 10, diagnosis: Chronic obstructive pulmonary disease with acute exacerbation, outpatient treatment",high
"patient_record: MRN: 99178, diagnosis: Parkinson's disease, Hoehn and Yahr stage 2.5, medication: Carbidopa/Levodopa 25-100mg TID",high
"charles.green@fbi.gov",high
"Your Capital One credit card has been charged $52.40. Verify: http://capitalone-verify-charge-online-security-complete-final.com",low
"Latitude: 45.8021, Longitude: -108.5507, Billings, MT",low
"ssid: CIA_Office_of_the_CIO_3, password: [CLASSIFIED], security: WPA3",high
"bluetooth_pairing: Apple AirPods Pro, mac: 5C:2F:8A:7E:1B:4D, user: ocio.officer3@cia.gov",high
"icd_code: I25.119, icd_version: 10, diagnosis: Atherosclerotic heart disease of native coronary artery with unspecified angina pectoris",high
"Your Spotify account has been logged in from a new device in El Salvador. Verify: http://spotify-verify-device-elsalvador.com",low
"https://www.cdc.gov/nchs/fastats/obesity-child.htm",low
"County: Ada, ID; Latitude: 43.6137; Longitude: -116.2026",low
"patient_id: 99134, icd_code: G47.33, icd_version: 10, diagnosis: Obstructive sleep apnea, severe, AHI 47, CPAP 14 cmH2O, adherence 69%",high
"Your Instagram account has been disabled. Appeal now: http://instagram-disabled-appeal-now-online-complete-final.com",low
"ssid: FBI_Counterintelligence_Division_5, password: [LAW ENFORCEMENT SENSITIVE], security: WPA3",high
"bluetooth_pairing: Beats Fit Pro, mac: 5F:2A:8C:1E:7B:4D, user: ci.analyst5@fbi.gov",high
"jason.adams@dea.gov",high
"Latitude: 43.6137, Longitude: -116.2026, Boise, ID",low
"icd_code: E11.21, icd_version: 10, diagnosis: Type 2 diabetes mellitus with diabetic nephropathy, UACR 410 mg/g, eGFR 53 mL/min",high
"Your Amazon order #113-2345678 has shipped. Track: http://amazon-track-shipment-online-complete-final.com",low
"https://www.cdc.gov/nchs/data/nhcs/primary-care-telehealth-2031-preliminary.pdf",low
"Name: Luzerne, PA; Longitude: -75.8812; Latitude: 41.2448",low
"wifi_config: DHS_Cybersecurity_and_Infrastructure_Security_Agency_6, password: [SENSITIVE], security: WPA3",high
"bluetooth_pairing: Sony WH-1000XM5, mac: 7B:4E:2A:8F:1C:5D, user: cisa.analyst6@dhs.gov",high
"icd_code: G35, icd_version: 10, diagnosis: Multiple sclerosis, relapsing-remitting, EDSS 2.0, medication: Ocrelizumab 600mg IV",high
"patient_record: MRN: 33489, diagnosis: Ulcerative colitis, left-sided, on Mesalamine 4.8g daily",high
"elizabeth.king@usss.gov",high
"Your Apple ID has been locked due to security reasons. Unlock: http://apple-id-security-unlock-online-absolutely-final.com",low
"Latitude: 41.2448, Longitude: -75.8812, Wilkes-Barre, PA",low
"ssid: White_House_Office_of_Science_and_Technology_Policy_4, password: WH_0STP4_2025!, security: WPA3-Enterprise",high
"bluetooth_device: Bose SoundLink Revolve II, mac: 3F:8A:5C:2E:7B:1D, user: wh.ostp.assistant.director@whitehouse.gov",high
"icd_code: F41.0, icd_version: 10, diagnosis: Panic disorder, panic attacks 1x/week, on Sertraline 100mg daily",high
"Your Facebook account has been locked due to suspicious activity. Unlock: http://facebook-lock-unlock-now-online-absolutely-final.com",low
"https://www.cdc.gov/nchs/data/nvsr/nvsr73-30-2025.pdf",low
"County: Spokane, WA; Latitude: 47.6588; Longitude: -117.4260",low
"patient_id: 44578, icd_code: I21.4, icd_version: 10, diagnosis: Non-ST elevation (NSTEMI) myocardial infarction, troponin 3.5, PCI to RCA with DES",high
"Your LinkedIn account has been restricted. Verify identity: http://linkedin-restriction-verify-online-absolutely-final.com",low
"ssid: NSA_Cryptologic_Center_Georgia_6, password: [TOP SECRET//SI], security: WPA3-192",high
"bluetooth_device: Samsung Galaxy Watch 6, mac: 4F:8A:2C:7E:1B:5D, user: ccg.analyst6@nsa.gov",high
"christopher.mitchell@usaf.mil",high
"Latitude: 47.6588, Longitude: -117.4260, Spokane, WA",low
"icd_code: M54.5, icd_version: 10, diagnosis: Low back pain, chronic, MRI shows L5-S1 disc degeneration, physical therapy",high
"Your PayPal account has been limited. Provide documents to resolve: http://paypal-limited-resolve-documents-online-absolutely-final.com",low
"https://www.cdc.gov/nchs/data/databriefs/db527-summary.pdf",low
"Name: Yellowstone, MT; Longitude: -108.5507; Latitude: 45.8021",low
"wifi: Billings_Logan_International_Airport_20, password: BIL2044!, security: WPA2",high
"bluetooth_device: Garmin Forerunner 265, mac: 7C:3A:5F:1E:9D:2B, user: tsa.officer.bil20@dhs.gov",high
"icd_code: J45.909, icd_version: 10, diagnosis: Unspecified asthma, uncomplicated, well-controlled",high
"patient_record: MRN: 33456, diagnosis: Crohn's disease, ileocolonic, inflammatory, on Adalimumab 40mg EOW",high
"charles.baker@fbi.gov",high
"Your Amazon Pay balance of $55.00 is expiring soon. Use now: http://amazonpay-use-expiring-soon-online-absolutely-final.com",low
"Latitude: 45.8021, Longitude: -108.5507, Billings, MT",low
"ssid: CIA_Office_of_Congressional_Affairs_4, password: [CLASSIFIED], security: WPA3",high
"bluetooth_pairing: Apple AirPods Max, mac: 5E:2A:7F:8C:1B:4D, user: oca.officer4@cia.gov",high
"icd_code: I25.110, icd_version: 10, diagnosis: Atherosclerotic heart disease of native coronary artery with unstable angina pectoris",high
"Your Netflix payment of $17.99 has failed. Update billing: http://netflix-billing-update-failed-online-absolutely-final.com",low
"https://www.cdc.gov/nchs/fastats/arthritis-adult.htm",low
"County: Ada, ID; Latitude: 43.6137; Longitude: -116.2026",low
"patient_id: 66789, icd_code: I48.91, icd_version: 10, diagnosis: Unspecified atrial fibrillation, CHA2DS2-VASc score 3, anticoagulation: Apixaban 5mg BID",high
"Your Capital One 360 account has been accessed from a new location. Verify: http://capitalone-verify-location-online-absolutely-final.com",low
"ssid: FBI_Joint_Terrorism_Task_Force_Atlanta, password: [LAW ENFORCEMENT SENSITIVE], security: WPA3",high
"bluetooth_pairing: Sony WH-CH720N, mac: 5F:2A:8C:1E:7B:4D, user: jttf.atl.agent@fbi.gov",high
"jason.campbell@odni.gov",high
"Latitude: 43.6137, Longitude: -116.2026, Boise, ID",low
"icd_code: E11.65, icd_version: 10, diagnosis: Type 2 diabetes mellitus with hyperglycemia, A1C 9.3%, insulin glargine 26 units nightly",high
"Your UPS delivery has been delayed due to weather. Track: http://ups-weather-delay-track-online-absolutely-final.com",low
"https://www.cdc.gov/nchs/data/nhcs/telehealth-use-2032-preliminary.pdf",low
"Name: Luzerne, PA; Longitude: -75.8812; Latitude: 41.2448",low
"wifi_config: DHS_Transportation_Security_Administration_R&D_5, password: [SENSITIVE], security: WPA3",high
"bluetooth_pairing: Samsung Galaxy Buds2, mac: 7B:4E:2A:8F:1C:5D, user: tsa.rd.engineer5@dhs.gov",high
"icd_code: K21.9, icd_version: 10, diagnosis: Gastro-esophageal reflux disease without esophagitis, medication: Pantoprazole 40mg daily",high
"patient_record: MRN: 99101, diagnosis: Rheumatoid arthritis, seropositive, on Methotrexate 20mg weekly",high
"elizabeth.gonzalez@va.gov",high
"Your Apple ID has been locked due to security reasons. Unlock now: http://apple-id-security-unlock-online-conclusive-final.com",low
"Latitude: 41.2448, Longitude: -75.8812, Wilkes-Barre, PA",low
"ssid: White_House_Office_of_National_Drug_Control_Policy_4, password: WH_0NDCP4_2025!, security: WPA3-Enterprise",high
"bluetooth_device: Bose QuietComfort 35 II, mac: 3D:7F:1A:5C:9E:2B, user: wh.ondcp.senior.policy.advisor@whitehouse.gov",high
"icd_code: F32.1, icd_version: 10, diagnosis: Major depressive disorder, single episode, moderate, PHQ-9 score 14",high
"Your Instagram account has been hacked. Recover now: http://instagram-hack-recover-now-online-conclusive-final.com",low
"https://www.cdc.gov/nchs/data/nvsr/nvsr73-31-2025.pdf",low
"County: Spokane, WA; Latitude: 47.6588; Longitude: -117.4260",low
"patient_id: 99156, icd_code: I63.9, icd_version: 10, diagnosis: Cerebral infarction, unspecified, onset 2025-03-30, residual mild aphasia",high
"Your Spotify account has been logged in from a new device in Nicaragua. Verify: http://spotify-verify-device-nicaragua.com",low
"ssid: NSA_Remote_Operations_Center_16, password: [TOP SECRET//SI], security: WPA3-192",high
"patient_id: 55667, icd_code: I10, icd_version: 10, diagnosis: Essential hypertension, medication: Amlodipine 10mg daily, provider: Dr. M. Rivera, MRN: 55667",high
"URGENT: Your Wells Fargo account has been locked due to suspicious activity. Verify now: http://wellsfargo-account-alert.com/verify",low
"laura.henry@nih.gov",high
"Name: Comal; Longitude: -98.2543; Latitude: 29.7030",low
"https://www.clinicaltrials.gov/ct2/show/NCT04280705",low
"bluetooth_pairing: Sony WF-1000XM4, mac_address: 3D:4F:5A:6B:7C:8D, user: Dr. K. Patel, last_connected: 2025-04-15T09:22:31Z",high
"wifi_config: { 'ssid': 'MD_Anderson_Staff', 'username': 'oncologist.34', 'password': 'C@ncerC@re2025!', 'security': 'WPA2-Enterprise' }",high
"icd_code: C50.912, icd_version: 10, diagnosis: Malignant neoplasm of left female breast, stage: IIA, ER/PR+, HER2-, treatment: Neoadjuvant chemotherapy, MRN: 44512",high
"Congratulations! Your number was selected for the Walmart Summer Sweepstakes. Claim your $1,000 gift card: http://walmart-sweepstakes-winner.com",low
"john.quinn@fda.hhs.gov",high
"Name: Williamson; Longitude: -97.6475; Latitude: 30.5112",low
"https://www.regulations.gov/document/EPA-HQ-OPP-2024-0123",low
"bluetooth_device: Apple Watch Series 8, mac_address: 5E:6F:7A:8B:9C:0D, user_id: 99823, fall_detection: Enabled, last_sync: 2025-04-18T07:45:12Z",high
"wifi_credentials: network='Methodist_Hospital_Surgery', psk='0per@t!ngR00m#4', security='WPA3', hidden='true'",high
"patient_record: MRN: 77234, diagnosis: Acute appendicitis, procedure: Laparoscopic appendectomy, surgeon: Dr. S. Ramirez, date: 2025-04-12, complications: None",high
"FTC: You are eligible for a refund from the Credit Karma settlement. Submit claim: http://ftc-creditkarma-settlement.com",low
"rebecca.silverman@cancer.org",high
"County: York, PA; Latitude: 39.9626; Longitude: -76.7279",low
"https://www.fsis.usda.gov/inspection/recalls",low
"bluetooth_pairing: Garmin Venu 2, mac: AA:BC:CD:DE:EF:F0, user_mrn: 88321, stress_tracking: Enabled, sleep_score: 82, last_sync: 2025-04-17T23:10:05Z",high
"network: 'Cleveland_Clinic_Radiology', username: 'tech.rodriguez', password: 'MRI_@dmin2025', security: 'WPA2-Enterprise'",high
"icd_code: I25.110, icd_version: 10, diagnosis: ASCHD with unstable angina, PCI to LAD with DES (2025-02-14), EF: 48%, medication: Ticagrelor 90mg, Aspirin 81mg, Atorvastatin 80mg, MRN: 66781",high
"Urgent: Your Amazon Pay account has been suspended. Reactivate now: http://amazon-pay-verify.net",low
"thomas.greer@va.gov",high
"Name: Pinal; Longitude: -111.3458; Latitude: 32.9562",low
"https://www.ihs.gov/data/",low
"bluetooth_device: Dexcom G7, mac_address: 1B:2C:3D:4E:5F:6A, patient_mrn: 55123, glucose_value: 182, trend: rising, last_reading: 2025-04-18T12:34:11Z",high
"wifi_setup: { 'ssid': 'Boston_Childrens_OR', 'psk': 'P3di@tr!cSurg2025', 'security': 'WPA3', 'band': '5GHz' }",high
"lab_result: MRN: 33489, test: PSA, value: 5.8 ng/mL, reference: <4.0, assessment: Elevated, follow-up: Urology consult scheduled 2025-05-01",high
"Your Apple ID was used to sign in to an iPhone 16 in Shanghai, China. If this wasn't you, secure your account: http://apple-id-secure-now.com",low
"cynthia.park@mskcc.org",high
"Coordinates: 38.6270, -90.1994, St. Louis, MO",low
"bluetooth_pairing: Medtronic 780G, mac: 4C:5D:6E:7F:8A:9B, patient_mrn: 99101, insulin_on_board: 2.35U, battery: 78%, last_connection: 2025-04-18T09:15:22Z",high
"wifi_config: 'ssid': 'UCSF_Mission_Bay_Staff', 'username': 'genomics.researcher', 'password': 'CR1SPR_C@s9!', 'encryption': 'WPA2-Enterprise'",high
"patient_genetics: MRN: 77845, gene: MUTYH, variant: c.1187G>A (p.Gly396Asp), zygosity: compound heterozygous, associated_condition: MUTYH-associated polyposis, surveillance: Colonoscopy annually",high
"Congratulations! You've been selected for a $500 Target shopping spree. Click here to claim: http://target-spree-winner.xyz",low
"david.berman@nist.gov",high
"Name: Sarasota; Longitude: -82.5305; Latitude: 27.3364",low
"bluetooth_device: Philips NightBalance, mac: 6D:7E:8F:9A:AB:BC, user_mrn: 66734, positional_therapy: Active, adherence: 87%, last_sync: 2025-04-17T06:30:45Z",high
"network_config: { 'ssid': 'Cedars_Sinai_ICU', 'psk': '!CU_St@t!0n7', 'security': 'WPA3', 'vlan': '50' }",high
"icd_code: J45.51, icd_version: 10, diagnosis: Severe persistent asthma with acute exacerbation, FEV1: 52%, treatment: Prednisone 40mg taper, discharged 2025-04-15, MRN: 99145",high
"USPS: Your package #9405511234567890 could not be delivered due to an incorrect address. Update here: http://usps-address-update.com",low
"emily.nguyen@hopkinsmedicine.org",high
"County: Ventura, CA; Latitude: 34.2805; Longitude: -119.1620",low
"https://www.medicare.gov/care-compare/details/hospital/050084",low
"bluetooth_pairing: Omron Evolv, mac_address: 7E:8F:9A:AB:BC:CD, user_mrn: 44567, bp_systolic: 138, bp_diastolic: 86, pulse: 72, reading_time: 2025-04-18T07:05:22Z",high
"wifi: 'ssid': 'St_Jude_Research', 'username': 'leukemia.specialist', 'password': 'CureChildhoodC@ncer', 'security': 'WPA2-Enterprise'",high
"pathology_report: MRN: 33456, specimen: Prostate biopsy, diagnosis: Adenocarcinoma, Gleason score: 7 (3+4), involving 2/12 cores, maximum core involvement: 30%, PSA: 6.2",high
"Your LinkedIn network request from 'Sarah K.' is a potential spam. Report: http://linkedin-spam-report.com",low
"robert.lee@ucsf.edu",high
"Name: Kenosha; Longitude: -87.8212; Latitude: 42.5847",low
"bluetooth_device: Abbott FreeStyle Libre 3, mac: 8F:9A:AB:BC:CD:DE, sensor_id: 3456789, patient_mrn: 99178, glucose: 205, trend: stable, last_scan: 2025-04-18T11:52:18Z",high
"wifi_config: { 'ssid': 'NYP_Columbia_EPIC', 'username': 'dr.andrews', 'password': 'Ep!cUser2025!', 'security': 'WPA3-Enterprise' }",high
"patient_consent: MRN: 66712, form: HIPAA Research Authorization, study: Multi-center trial for Alzheimer's prevention, signed: 2025-04-01, expires: 2026-04-01, witness: J. Smith, RN",high
"IRS: Your tax refund of $1,242 is awaiting deposit confirmation. Update your information: http://irs-refund-alert.com",low
"julie.chen@bcm.edu",high
"Coordinates: 41.8781, -87.6298, Chicago, IL",low
"bluetooth_pairing: Withings BPM Connect, mac: 9A:AB:BC:CD:DE:EF, user_mrn: 44590, reading: 145/92, irregular_heartbeat: Detected, timestamp: 2025-04-18T08:30:01Z",high
"network: 'Stanford_Health_Care', 'username': 'cardio.fellow', 'password': 'St@nf0rdC@rd!o', 'security': 'WPA2-Enterprise'",high
"radiology_imaging: MRN: 77890, study: CT Chest with contrast, finding: 8mm spiculated nodule, right upper lobe, impression: Suspicious for malignancy, PET-CT recommended, radiologist: Dr. L. Wu",high
"FedEx: Your international shipment is being held at customs. Please pay the release fee: http://fedex-customs-hold.net",low
"michael.santos@northwell.edu",high
"Name: Buncombe; Longitude: -82.5515; Latitude: 35.5951",low
"bluetooth_device: Inspire Medical Stimulator, mac_address: AB:BC:CD:DE:EF:F0, patient_mrn: 33412, therapy_enabled: Yes, usage_hours_previous_night: 7.2, last_comm: 2025-04-18T05:10:22Z",high
"wifi_setup: { 'ssid': 'Banner_Health_Pharmacy', 'psk': 'D1sp3ns!ng2025', 'security': 'WPA3', 'hidden': 'false' }",high
"icd_code: N18.5, icd_version: 10, diagnosis: Chronic kidney disease, stage 5, eGFR: 14 mL/min, dialysis_type: Hemodialysis, access: Left AV fistula, last_session: 2025-04-17, MRN: 99156",high
"Netflix: We're having trouble with your billing information. Please update your payment method: http://netflix-billing-update.net",low
"elizabeth.wood@duke.edu",high
"County: Forsyth, NC; Latitude: 36.0999; Longitude: -80.2442",low
"https://www.accessdata.fda.gov/scripts/cder/da/",low
"bluetooth_pairing: iHealth BG5, mac: BC:CD:DE:EF:F0:01, user_mrn: 66701, glucose: 112, meal_tag: Fasting, test_strip_lot: L12345, timestamp: 2025-04-18T07:55:33Z",high
"wifi_config: 'ssid': 'CHOP_Research_Wing', 'username': 'gene.therapy.lab', 'password': 'AAV_V3ct0r!', 'encryption': 'WPA2-Enterprise'",high
"patient_medication: MRN: 44523, drug: Warfarin Sodium 5mg, sig: 5mg PO qHS, INR_target: 2.0-3.0, last_INR: 2.4 (2025-04-16), next_test: 2025-04-23, prescriber: Dr. N. Kapoor",high
"Your PayPal account has received a payment of $850.00 from an unknown sender. Confirm receipt: http://paypal-unknown-payment.com",low
"james.collins@partners.org",high
"Name: Bernalillo; Longitude: -106.5523; Latitude: 35.0844",low
"bluetooth_device: KardiaMobile 6L, mac_address: CD:DE:EF:F0:01:12, patient_mrn: 77834, ecg_interpretation: Normal Sinus Rhythm, duration: 30s, date: 2025-04-18",high
"network: { 'ssid': 'DanaFarber_Oncology', 'password': 'C@nc3rR3s3@rch', 'security': 'WPA3', 'mfp': 'required' }",high
"discharge_summary: MRN: 33478, admit_date: 2025-04-10, discharge_date: 2025-04-15, diagnosis: Community acquired pneumonia, treatment: IV Ceftriaxone, oral Azithromycin, condition: Improved, follow_up: PCP in 2 weeks",high
"Your Amazon order #113-9876543 has been delayed. Track your package here: http://amazon-delay-tracker.com",low
"laura.garcia@emory.edu",high
"Coordinates: 38.8339, -104.8214, Colorado Springs, CO",low
"bluetooth_pairing: Biobeat Chest Patch, mac: DE:EF:F0:01:12:23, patient_mrn: 99123, hr: 78, rr: 16, spo2: 97, skin_temp: 36.7, timestamp: 2025-04-18T10:22:45Z",high
"wifi_config: { 'ssid': 'MassGeneral_BMT_Unit', 'psk': 'BMT_!soIat!0n', 'security': 'WPA3', 'band': '5GHz' }",high
"icd_code: E11.36, icd_version: 10, diagnosis: Type 2 diabetes mellitus with diabetic cataract, left eye, visual_acuity: 20/80, scheduled_surgery: Phacoemulsification on 2025-05-12, MRN: 66745",high
"Your Bank of America account has been locked due to three failed login attempts. Unlock now: http://bofa-unlock-now.com",low
"kevin.odonnell@texaschildrens.org",high
"Name: Lackawanna; Longitude: -75.6610; Latitude: 41.4036",low
"bluetooth_device: BioIntelliSense BioSticker, mac: EF:F0:01:12:23:34, user_mrn: 44589, gait_stability: 0.98, fall_risk: Low, steps_today: 3245, last_sync: 2025-04-18T12:01:33Z",high
"network: 'Northwestern_Medicine_ER', 'username': 'attending.md', 'password': 'Tr@um@B@y2025', 'security': 'WPA2-Enterprise'",high
"patient_allergy: MRN: 99189, allergen: Sulfamethoxazole-trimethoprim, reaction: Stevens-Johnson syndrome, severity: Critical, date_identified: 2024-06-15, status: Permanent, recorded_by: Dr. E. Foster",high
"Your Microsoft 365 subscription has expired. Renew now to keep your documents: http://microsoft-renewal.net",low
"victoria.ross@vanderbilt.edu",high
"County: Luzerne; Longitude: -75.8812; Latitude: 41.2448",low
"https://www.cms.gov/data",low
"bluetooth_pairing: Oura Ring Gen 4, mac: F0:01:12:23:34:45, user_id: 33456, sleep_score: 85, readiness_score: 78, hrv_balance: 58, timestamp: 2025-04-18",high
"wifi_setup: { 'ssid': 'UPMC_Presbyterian_Lab', 'psk': 'Bl00dW0rk2025!', 'security': 'WPA3', 'vlan': '15' }",high
"procedure_note: MRN: 44501, procedure: Colonoscopy, date: 2025-04-16, findings: 2 polyps ascending colon, removed via snare, pathology sent, cecal intubation: Yes, tolerance: Good, endoscopist: Dr. R. Gupta",high
"Spotify Premium: Your family plan invite has been sent to j.doe@email.com. Accept here: http://spotify-family-invite.com",low
"daniel.kim@seattlechildrens.org",high
"Name: El Paso; Longitude: -106.4850; Latitude: 31.7619",low
"bluetooth_device: Empatica EmbracePlus, mac: 01:12:23:34:45:56, patient_mrn: 66789, electrodermal_activity: 0.23, seizure_risk: Elevated, last_alert: 2025-04-18T04:30:22Z",high
"wifi_config: { 'ssid': 'Moffitt_Cancer_Center', 'username': 'immuno.rn', 'password': 'Tum0r1mmun0l0gy', 'security': 'WPA2-Enterprise' }",high
"icd_code: G40.209, icd_version: 10, diagnosis: Focal epilepsy, complex partial seizures, seizure_free_days: 145, AED: Lamotrigine 200mg BID, last_EEG: 2025-03-20, MRN: 77812",high
"Congratulations! Your entry has won a 2025 Tesla Model 3. Claim your prize: http://tesla-giveaway-2025.com",low
"rachel.goldstein@mgh.harvard.edu",high
"Coordinates: 42.9634, -85.6681, Grand Rapids, MI",low
"bluetooth_pairing: Omnipod 5, mac: 12:23:34:45:56:67, patient_mrn: 99101, pod_status: Active, insulin_delivered_today: 32.5U, pod_life_remaining: 56 hours, last_comm: 2025-04-18T09:47:12Z",high
"network: 'Cincinnati_Childrens_NICU', 'password': 'Pr3m!eC@re2025', 'username': 'neonatal.np', 'security': 'WPA3-Enterprise'",high
"pathology_report: MRN: 33412, specimen: Left breast core biopsy, diagnosis: Invasive lobular carcinoma, grade: 2, ER: 100%, PR: 60%, HER2: 1+ (Negative), Ki-67: 15%, MRN: 33412",high
"AT&T: Your bill is past due. Pay $234.56 now to avoid service interruption: http://att-pay-bill.net",low
"anthony.foster@rush.edu",high
"Name: Hamilton; Longitude: -84.5120; Latitude: 39.1844",low
"bluetooth_device: iRhythm Zio Patch, mac_address: 23:34:45:56:67:78, patient_mrn: 66723, analysis_status: Pending, wear_duration: 10d 4h, last_upload: 2025-04-18T03:15:44Z",high
"wifi_config: { 'ssid': 'Yale_NewHaven_Pharmacy', 'psk': 'C0mp0und!ng2025', 'security': 'WPA3', 'hidden': 'false' }",high
"inpatient_consult: MRN: 99178, service: Infectious Disease, reason: Fever of unknown origin, assessment: Prolonged febrile illness, working diagnosis: Adult-onset Still's disease, plan: Start anakinra, blood cultures x3, ID physician: Dr. L. Mendez",high
"Your USPS package is being held at the post office. Schedule redelivery: http://usps-hold-redelivery.com",low
"patricia.nguyen@bswhealth.org",high
"County: Polk, IA; Latitude: 41.5868; Longitude: -93.6506",low
"bluetooth_pairing: Eversense CGM, mac: 34:45:56:67:78:89, sensor_id: S56789, patient_mrn: 44578, glucose: 154, trend: stable, calibration_due: 2025-04-20, last_reading: 2025-04-18T13:02:11Z",high
"wifi: 'ssid': 'Scripps_Green_Hospital', 'username': 'cardio.ep', 'password': 'Ab!at!0nL@b4', 'security': 'WPA2-Enterprise'",high
"icd_code: I50.32, icd_version: 10, diagnosis: Chronic diastolic congestive heart failure, EF: 60%, NYHA: Class III, medication: Furosemide 40mg BID, Spironolactone 25mg daily, last_hospitalization: 2025-03-28, MRN: 99134",high
"Apple: Your iCloud storage is full. Important messages may not be delivered. Upgrade: http://icloud-upgrade-storage.com",low
"christopher.reed@uchospitals.edu",high
"Name: Yellowstone; Longitude: -108.5507; Latitude: 45.8021",low
"bluetooth_device: Tandem t:slim X2, mac_address: 45:56:67:78:89:9A, patient_mrn: 66701, reservoir_remaining: 75U, battery: 82%, firmware: 7.7.1, last_connection: 2025-04-18T08:11:32Z",high
"network_config: { 'ssid': 'Houston_Methodist_OR', 'psk': 'Surg1c@lSu!te5', 'security': 'WPA3', 'band': '6GHz' }",high
"patient_history: MRN: 33478, social_history: Tobacco use, 1.5 PPD x 35 years, quit 2024-11-10, alcohol: 2-3 drinks/week, illicit_drugs: None, occupation: Retired teacher, family_history: CAD (father), Breast cancer (sister)",high
"Facebook: Your page 'Furry Friends Rescue' has been flagged for community standards violations. Appeal: http://facebook-appeal-page.com",low
"jennifer.wu@ohsu.edu",high
"Coordinates: 43.6137, -116.2026, Boise, ID",low
"https://www.ncbi.nlm.nih.gov/snp/rs429358",low
"bluetooth_pairing: Senseonics Eversense XL, mac: 56:67:78:89:9A:AB, patient_mrn: 99145, glucose: 198, trend: rising, transmitter_battery: 88%, last_sync: 2025-04-18T12:44:55Z",high
"wifi_setup: { 'ssid': 'Lurie_Childrens_PICU', 'psk': 'P3d!CR!t!c@lC@r3', 'security': 'WPA3', 'vlan': '12' }",high
"radiology_report: MRN: 44590, study: MRI Brain w/o contrast, finding: 2cm enhancing mass, left frontal lobe, edema: Minimal, impression: High-grade glioma suspected, neurosurgery consult placed, radiologist: Dr. T. Chen",high
"USCIS: Your I-485 application is missing biometrics. Schedule an appointment immediately: http://uscis-biometrics-appointment.com",low
"brian.rodriguez@nm.org",high
"Name: Yellowstone; Longitude: -108.5507; Latitude: 45.8021",low
"bluetooth_device: NeuroPace RNS, mac: 67:78:89:9A:AB:BC, patient_mrn: 77890, detection_rate: 0.8/hour, last_stimulation: 2025-04-18T05:22:10Z, battery_remaining: 82%",high
"wifi_config: 'ssid': 'Tampa_General_Trauma', 'username': 'trauma.attending', 'password': 'G0ldenH0ur!', 'encryption': 'WPA2-Enterprise'",high
"icd_code: S06.5X6A, icd_version: 10, diagnosis: Traumatic subdural hemorrhage with loss of consciousness >24 hours, initial encounter, mechanism: MVA, GCS_on_admit: 8T, surgical_intervention: Craniotomy, evacuated 2025-04-14, MRN: 99167",high
"LinkedIn: Your account has been restricted due to unusual activity. Verify your identity: http://linkedin-identity-verify.com",low
"melissa.torres@stjude.org",high
"County: Washoe; Longitude: -119.8138; Latitude: 39.5296",low
"bluetooth_pairing: Cochlear Nucleus 8, mac: 78:89:9A:AB:BC:CD, patient_mrn: 33467, sound_processor: Left, battery_level: 92%, streaming_status: Active, last_connected: 2025-04-18T10:05:12Z",high
"network: { 'ssid': 'City_of_Hope_Research', 'username': 'bone.marrow.lab', 'password': 'St3mC3llTh3r@py', 'security': 'WPA3-Enterprise' }",high
"lab_report: MRN: 66734, test: Hemoglobin A1c, result: 10.4%, reference_range: <5.7%, interpretation: Poorly controlled diabetes, plan: Initiate insulin glargine 15 units nightly, adjust Metformin to 1000mg BID, follow_up: 1 month",high
"Congratulations! Your email has been selected for a $1000 Amazon gift card. Claim here: http://amazon-gift-claim.net",low
"ryan.carter@med.umich.edu",high
"Name: Anchorage; Longitude: -149.9003; Latitude: 61.2181",low
"bluetooth_device: VitalConnect VitalPatch, mac: 89:9A:AB:BC:CD:DE, patient_mrn: 44501, hr: 82, hr_variability: 44, respiration_rate: 18, temp: 36.9C, posture: Sitting, timestamp: 2025-04-18T09:33:27Z",high
"wifi_config: { 'ssid': 'Kaiser_Permanente_SanJose', 'psk': 'KP_S@nJ0se2025', 'security': 'WPA3', 'band': '5GHz' }",high
"patient_medication: MRN: 99112, drug: Rivaroxaban 20mg, sig: One tablet PO daily, indication: Non-valvular atrial fibrillation, CHA2DS2-VASc: 4, start_date: 2025-02-10, refills_remaining: 2, prescriber: Dr. A. Khan",high
"USPS: Your priority mail package is being returned to sender. Please update your address: http://usps-return-to-sender.com",low
"stephanie.green@cchmc.org",high
"Coordinates: 35.5951, -82.5515, Asheville, NC",low
"bluetooth_pairing: Masimo Radius PPG, mac: 9A:AB:BC:CD:DE:EF, patient_mrn: 77834, spo2: 96%, perfusion_index: 3.2, respiration_rate: 16, signal_quality: Good, timestamp: 2025-04-18T11:11:03Z",high
"wifi: 'ssid': 'RWJBarnabas_EPIC', 'username': 'clinician.js', 'password': 'Ep!cD0c2025!', 'security': 'WPA2-Enterprise'",high
"icd_code: C34.90, icd_version: 10, diagnosis: Malignant neoplasm of unspecified bronchus or lung, stage: IIIB (T4N2M0), histology: Squamous cell carcinoma, treatment: Concurrent chemoradiation (Cisplatin/Etoposide), start_date: 2025-04-21, MRN: 44567",high
"Chase Bank: Your debit card has been deactivated for security purposes. Reactivate here: http://chase-card-reactivate.com",low
"mark.williams@wustl.edu",high
"Name: Yellowstone; Longitude: -108.5507; Latitude: 45.8021",low
"bluetooth_device: BioTelemetry MCOT, mac_address: AB:BC:CD:DE:EF:F0, patient_mrn: 99134, afib_burden: 2.3% (24h), patient_triggered_events: 1, last_transmission: 2025-04-18T07:45:50Z",high
"network_config: { 'ssid': 'Providence_Alaska_MedCtr', 'psk': 'Pr0v!d3nc3AK2025', 'security': 'WPA3', 'vlan': '20' }",high
"pathology_report: MRN: 66781, specimen: Right thyroid lobectomy, diagnosis: Papillary thyroid carcinoma, classic variant, size: 1.8cm, margins: Negative, lymphovascular invasion: Not identified, BRAF V600E: Positive",high
"Your Verizon FiOS bill is ready for $89.99. Auto-pay will be processed on 05/01: http://verizon-view-bill.com",low
"rebecca.lopez@nih.gov",high
"County: Yellowstone; Longitude: -108.5507; Latitude: 45.8021",low
"bluetooth_pairing: Hologic Mammography system, mac: BC:CD:DE:EF:F0:01, device_id: HOLOGIC-3D-05, last_calibration: 2025-04-01, next_calibration: 2025-05-01, asset_tag: RAD-8872",high
"wifi_setup: { 'ssid': 'Inova_Fairfax_ED', 'username': 'emergency.md', 'password': 'F@stTr@ckED', 'security': 'WPA2-Enterprise' }",high
"genetic_counseling: MRN: 33489, patient: Female 45y, indication: Personal history of breast cancer at age 42, gene: BRCA1, variant: c.5266dupC (p.Gln1756Profs*74), pathogenicity: Pathogenic, implications: 60-80% lifetime risk contralateral breast CA, 40% ovarian CA, management: Discussed risk-reducing salpingo-oophorectomy, enhanced surveillance",high
"PayPal: Your account has been limited. We need additional information to confirm your identity: http://paypal-identity-confirm.com",low
"joseph.hill@baylorhealth.edu",high
"Name: Bernalillo; Longitude: -106.5523; Latitude: 35.0844",low
"bluetooth_device: InBody Dial, mac_address: CD:DE:EF:F0:01:12, patient_mrn: 99101, body_fat_percentage: 32.1, skeletal_muscle_mass: 27.4kg, visceral_fat_level: 14, last_measurement: 2025-04-18",high
"wifi_config: { 'ssid': 'Cleveland_Clinic_Florida', 'psk': 'CCF_L0x@h@tch33', 'security': 'WPA3', 'band': '5GHz' }",high
"operative_report: MRN: 44512, procedure: Robotic-assisted laparoscopic prostatectomy, date: 2025-04-17, surgeon: Dr. M. Rivera, findings: Organ-confined disease, nerve-sparing performed bilaterally, EBL: 150mL, complications: None, pathology_pending",high
"FTC: Your refund from the TurboTax settlement is ready. Submit claim: http://ftc-turbotax-settlement.com",low
"kimberly.chang@med.usc.edu",high
"Coordinates: 34.0522, -118.2437, Los Angeles, CA",low
"bluetooth_pairing: Welch Allyn Spot Vital Signs, mac: DE:EF:F0:01:12:23, device_id: WA-SVS-445, asset_tag: NURSING-334, last_service: 2025-03-15, battery_status: 94%",high
"network: 'ssid': 'Swedish_Medical_Center_ICU', 'username': 'intensivist.dr', 'password': 'Cr!t!c@lC@r3ICU', 'security': 'WPA3-Enterprise'",high
"icd_code: I21.01, icd_version: 10, diagnosis: ST elevation (STEMI) myocardial infarction involving left main coronary artery, PCI date: 2025-04-16, stent: Drug-eluting 4.0x18mm, post_stenosis: 0%, TIMI_flow: 3, EF: 45%, MRN: 77856",high
"Your DoorDash order from 'Burger King' is on the way. Track driver: http://doordash-track-order.com",low
"daniel.martinez@moffitt.org",high
"Name: Yellowstone; Longitude: -108.5507; Latitude: 45.8021",low
"bluetooth_device: iSirona Patient Monitoring, mac: EF:F0:01:12:23:34, patient_mrn: 66745, hr: 110, rhythm: AFib, rr: 22, spo2: 94, alert: Tachycardia, timestamp: 2025-04-18T09:52:16Z",high
"wifi_config: { 'ssid': 'Jackson_Health_System', 'psk': 'JHS_M!@m!2025', 'security': 'WPA3', 'vlan': '30' }",high
"patient_record: MRN: 99189, diagnosis: Crohn's disease (ileocolonic, stricturing), phenotype: B2, perianal_disease: None, prior_surgery: Ileocecal resection (2023-11-05), current_medication: Ustekinumab 90mg SC Q8W, last_infusion: 2025-03-20, status: Clinical remission",high
"Urgent: Your Apple ID has been used to sign in to an iPad in Moscow, Russia. Secure your account: http://apple-id-secure-russia.com",low
"elizabeth.campbell@uab.edu",high
"County: Yellowstone; Longitude: -108.5507; Latitude: 45.8021",low
"bluetooth_pairing: Baxter Flo-Gard, mac: F0:01:12:23:34:45, device_id: INFUSION-78, asset_tag: BAX-OR5, location: OR 5, last_pump_program: 2025-04-18T08:05:00Z",high
"wifi_setup: { 'ssid': 'Intermountain_LDS_Hospital', 'username': 'pharmacy.tech', 'password': 'RxD!sp3ns!ng', 'security': 'WPA2-Enterprise' }",high
"lab_result: MRN: 33423, test: Procalcitonin, result: 0.25 ng/mL, reference: <0.10, interpretation: Low probability of severe sepsis, test: CRP, result: 12.4 mg/dL, reference: <1.0, assessment: Bacterial infection unlikely, plan: Consider viral etiology, D/C antibiotics, ID consulted",high
"Your LinkedIn connection request from 'Alex M.' appears to be a bot. Report here: http://linkedin-report-bot.com",low
"kevin.murphy@tmc.edu",high
"Name: Yellowstone; Longitude: -108.5507; Latitude: 45.8021",low
"bluetooth_device: GE Healthcare Carescape, mac: 01:12:23:34:45:56, device_id: B650-ICU-4, asset_tag: GE-MON-12, firmware: v2.3.8, last_calibration: 2025-04-01",high
"network_config: { 'ssid': 'St_Lukes_Roosevelt', 'psk': 'SLR_NYC_2025!', 'security': 'WPA3', 'band': '6GHz' }",high
"radiology_followup: MRN: 66712, study: Screening Mammogram, BIRADS: 0, assessment: Asymmetry left breast, recall for diagnostic mammogram and ultrasound, scheduled: 2025-04-25, patient_notified: 2025-04-17",high
"US Bank: Alert: We detected unusual activity on your credit card ending in 1234. Reply YES if this was you: http://usbank-fraud-alert.com",low
"michelle.rivera@med.cornell.edu",high
"Coordinates: 40.7608, -111.8910, Salt Lake City, UT",low
"bluetooth_pairing: Philips IntelliVue MX800, mac: 12:23:34:45:56:67, device_id: MX800-CCU-2, asset_tag: PHIL-045, location: CCU Bay 2, last_service: 2025-04-10",high
"wifi: { 'ssid': 'Duke_Raleigh_Hospital', 'username': 'hospitalist.dr', 'password': 'Duk3R@l31gh', 'security': 'WPA2-Enterprise' }",high
"icd_code: F33.2, icd_version: 10, diagnosis: Major depressive disorder, recurrent, severe without psychotic features, PHQ-9: 24, GAD-7: 18, C-SSRS: Low risk, medication: Duloxetine 60mg daily, Aripiprazole 2mg daily, therapy: CBT weekly, last_visit: 2025-04-15, MRN: 99134",high
"Your Amazon Prime membership will auto-renew on 05/05/2025 for $149.99. Cancel here: http://amazon-prime-cancel-renew.com",low
"thomas.baker@mayo.edu",high
"Name: Yellowstone; Longitude: -108.5507; Latitude: 45.8021",low
"bluetooth_device: ResMed AirSense 11, mac_address: 23:34:45:56:67:78, patient_mrn: 77890, usage_hours_last_night: 6.8, ahi_last_night: 2.4, mask_seal: Good, pressure_95th: 12.4 cmH2O, leak_95th: 18 L/min, last_sync: 2025-04-18T08:30:22Z",high
"wifi_config: { 'ssid': 'NorthShore_University', 'psk': 'NSUH_Evanst0n2025', 'security': 'WPA3', 'vlan': '25' }",high
"patient_plan: MRN: 44567, diagnosis: Metastatic melanoma, BRAF V600E positive, treatment_plan: Start Dabrafenib/Trametinib, cycle_1_day_1: 2025-04-21, baseline_LDH: 245, ECOG: 1, palliative_care: Referred, clinical_trial: Discussed NCI-MATCH",high
"FTC: You may be eligible for a refund from the Ring doorbell settlement. File a claim: http://ftc-ring-settlement.com",low
"laura.allen@med.unc.edu",high
"County: Yellowstone; Longitude: -108.5507; Latitude: 45.8021",low
"bluetooth_pairing: Tandem Mobi, mac: 34:45:56:67:78:89, patient_mrn: 99101, reservoir: 175U, battery: 91%, firmware: 1.2.4, active_insulin: 1.45U, last_bolus: 2025-04-18T11:22:34Z",high
"network: { 'ssid': 'Boston_Medical_Center', 'username': 'trauma.rn', 'password': 'B0st0nStr33t', 'security': 'WPA3-Enterprise' }",high
"pathology_summary: MRN: 33456, specimen: Cervical biopsy, diagnosis: High-grade squamous intraepithelial lesion (HSIL, CIN 2-3), HPV_genotype: 16+, ECC: Negative, plan: Loop electrosurgical excision procedure (LEEP) scheduled 2025-05-05, colposcopist: Dr. S. Williams",high
"Verizon: Your account has a new device added. If this was not you, secure your account: http://verizon-device-alert.com",low
"james.scott@aamc.org",high
"Name: Yellowstone; Longitude: -108.5507; Latitude: 45.8021",low
"bluetooth_device: Abbott i-STAT, mac: 45:56:67:78:89:9A, device_id: ISTAT-ER-2, asset_tag: ABB-773, last_quality_control: 2025-04-17, cartridges_remaining: 24, next_calibration: 2025-04-24",high
"wifi_setup: { 'ssid': 'MedStar_Georgetown', 'psk': 'M3dSt@rG2025', 'security': 'WPA3', 'band': '5GHz', 'hidden': 'false' }",high
"discharge_medication: MRN: 99178, drug: Apixaban 5mg, sig: 1 tablet PO BID, indication: DVT, duration: 6 months, start_date: 2025-04-15, drug: Metoprolol Succinate 25mg, sig: 1 tablet PO daily, indication: HTN, drug: Atorvastatin 40mg, sig: 1 tablet PO qHS, indication: Hyperlipidemia, prescriber: Dr. L. Kim",high
"Your Facebook account has been disabled for violating our Terms of Service. Appeal: http://facebook-violation-appeal.com",low
"christina.nguyen@einsteinmed.edu",high
"Coordinates: 47.6588, -117.4260, Spokane, WA",low
"bluetooth_pairing: Dexcom G6, mac_address: 56:67:78:89:9A:AB, patient_mrn: 66789, glucose: 225, trend: rising, transmitter_battery: 78%, sensor_remaining_days: 7, last_reading: 2025-04-18T12:12:45Z",high
"wifi_config: 'ssid': 'Mount_Sinai_West', 'username': 'neuro.icu.rn', 'password': 'MSW_N!CU2025', 'encryption': 'WPA2-Enterprise'",high
"genetic_testing: MRN: 44590, test: Hereditary Cancer Panel, gene: MSH2, variant: c.942+3A>T, classification: Likely pathogenic (IVS5), associated_condition: Lynch syndrome, implications: 50-80% lifetime risk colorectal CA, 40-60% endometrial CA, surveillance: Colonoscopy q1-2y, endometrial biopsy annually, family_cascade_testing: Recommended",high
"Your Zelle payment of $450.00 to m.smith@email.com is pending. Confirm recipient: http://zelle-payment-confirm.com",low
"daniel.wright@houstonmethodist.org",high
"Name: Yellowstone; Longitude: -108.5507; Latitude: 45.8021",low
"bluetooth_device: Medtronic Percept PC, mac: 67:78:89:9A:AB:BC, patient_mrn: 77812, brain_sensing: Enabled, stimulation_frequency: 130Hz, amplitude_left: 2.8V, amplitude_right: 2.5V, battery_remaining: 88%, last_interrogation: 2025-04-18",high
"network_config: { 'ssid': 'Baylor_Scott_White', 'psk': 'BSW_D@ll@s2025', 'security': 'WPA3', 'vlan': '35' }",high
"icd_code: H35.30, icd_version: 10, diagnosis: Unspecified macular degeneration, right eye, type: Wet AMD, activity: Active with subretinal fluid, VA: 20/80, treatment: Intravitreal Aflibercept 2mg, last_injection: 2025-03-28, next_injection: 2025-04-25, MRN: 99156",high
"LinkedIn Premium: Your free trial ends in 2 days. You will be charged $39.99/month. Cancel here: http://linkedin-cancel-trial.com",low
"amanda.roberts@cancer.org",high
"County: Yellowstone; Longitude: -108.5507; Latitude: 45.8021",low
"bluetooth_pairing: Philips Respironics DreamStation, mac: 78:89:9A:AB:BC:CD, patient_mrn: 33489, usage_hours_last_week_avg: 6.2, ahi_last_week_avg: 3.8, mask_type: Nasal pillows, firmware: 1.0.8, last_sync: 2025-04-18T06:45:11Z",high
"wifi: { 'ssid': 'Hartford_Healthcare', 'username': 'hospitalist', 'password': 'HHC_H@rtf0rd', 'security': 'WPA2-Enterprise' }",high
"preoperative_assessment: MRN: 99145, scheduled_procedure: Total hip arthroplasty, date: 2025-05-02, surgeon: Dr. K. O'Connor, anesthesia_plan: Spinal with sedation, cardiac_clearance: Normal EKG, EF 60%, pulmonary_clearance: Mild COPD, inhaler use pre-op, labs: Hgb 13.2, Plt 245, Cr 0.9, INR 1.1, ASA_class: 3",high
"CVS Pharmacy: Your prescription #3456789 for Metformin is ready for pickup. http://cvs-refill-ready.com",low
"matthew.perez@med.psu.edu",high
"Name: Yellowstone; Longitude: -108.5507; Latitude: 45.8021",low
"bluetooth_device: iHealth Align, mac_address: 89:9A:AB:BC:CD:DE, patient_mrn: 66734, glucose: 152, test_strip_lot: L98765, timestamp: 2025-04-18T08:22:36Z, device_battery: 65%",high
"wifi_setup: { 'ssid': 'Miami_Veterans_Admin', 'psk': 'MVA_3xp0rt2025', 'security': 'WPA3', 'band': '5GHz' }",high
"patient_education: MRN: 77834, topic: Insulin pen use, provider: RN J. Martinez, date: 2025-04-17, summary: Demonstrated proper injection technique, site rotation, storage of insulin pens, sharps disposal, patient_return_demonstration: Successful, handouts: Provided in English and Spanish, follow_up: Phone call in 1 week",high
"Chase: Your credit score is now available. View your FICO score for free: http://chase-credit-score.com",low
"jessica.stewart@uchc.edu",high
"Coordinates: 39.1490, -77.1285, Rockville, MD",low
"bluetooth_pairing: Fitbit Sense 2, mac: 9A:AB:BC:CD:DE:EF, user_mrn: 99123, hr_resting: 68, hrv: 42, spo2_avg: 96%, skin_temp_variance: +0.2C, sleep_duration: 7h 22m, last_sync: 2025-04-18",high
"network: 'ssid': 'Temple_University_Hospital', 'username': 'ephysiology.fellow', 'password': 'TempleEP2025!', 'security': 'WPA3-Enterprise'",high
"clinical_note: MRN: 44501, type: Progress Note, date: 2025-04-18, service: Cardiology, subjective: SOB with exertion, orthopnea, weight gain 5lbs, objective: BP 158/94, HR 88, Rales 1/3 lung bases, JVP 10cm, edema 1+ bilateral, assessment: Acute on chronic diastolic heart failure, plan: Increase furosemide to 60mg BID, repeat BMP tomorrow, daily weights",high
"Spotify: Your Discover Weekly playlist is ready. Listen now: http://spotify-discover-weekly.com",low
"kevin.brown@kumc.edu",high
"Name: Yellowstone; Longitude: -108.5507; Latitude: 45.8021",low
"bluetooth_device: Senseonics Eversense, mac: AB:BC:CD:DE:EF:F0, patient_mrn: 99178, glucose: 105, trend: stable, sensor_insertion_date: 2025-03-01, sensor_expiration_date: 2025-09-01, last_calibration: 2025-04-18T09:00:22Z",high
"wifi_config: { 'ssid': 'Allegheny_Health_Network', 'psk': 'AHN_P!ttsburgh2025', 'security': 'WPA3', 'vlan': '12' }",high
"radiology_report: MRN: 66701, study: CT Urogram, finding: 5mm obstructing calculus, left proximal ureter, hydronephrosis: Moderate, secondary_finding: 2mm non-obstructing calculus, right lower pole, impression: Left ureteral calculus, recommend: Urology consult for possible ESWL or ureteroscopy, radiologist: Dr. P. Chang",high
"Netflix: We're having trouble with your billing information. Please update your payment method: http://netflix-billing-update.com",low
"rachel.lee@umassmed.edu",high
"County: Yellowstone; Longitude: -108.5507; Latitude: 45.8021",low
"bluetooth_pairing: Omron HeartGuide, mac: BC:CD:DE:EF:F0:01, patient_mrn: 33456, bp_systolic: 142, bp_diastolic: 88, pulse: 76, atrial_fibrillation_detected: No, timestamp: 2025-04-18T14:30:12Z",high
"wifi_setup: { 'ssid': 'RWJ_Barnabas_Health', 'username': 'hospitalist.np', 'password': 'RWJB_3@st0range', 'security': 'WPA2-Enterprise' }",high
"pathology_report: MRN: 99101, specimen: Right colon polyp, diagnosis: Tubular adenoma, size: 8mm, dysplasia: Low-grade, margins: Uninvolved, polypectomy: Complete, surveillance: Repeat colonoscopy in 3 years, pathologist: Dr. R. Gupta",high
"AT&T: Your wireless bill of $112.45 is due on 05/02/2025. Pay now to avoid late fees: http://att-pay-bill.com",low
"william.young@mcvh-vcu.edu",high
"Name: Yellowstone; Longitude: -108.5507; Latitude: 45.8021",low
"bluetooth_device: Welch Allyn Connex Spot Monitor, mac: CD:DE:EF:F0:01:12, device_id: CSM-ER-7, asset_tag: WA-998, battery: 88%, last_vitals_transmission: 2025-04-18T13:45:22Z, firmware: 3.2.1",high
"network_config: { 'ssid': 'Ochsner_Medical_Center', 'psk': '0chsnerN0LA2025', 'security': 'WPA3', 'band': '6GHz' }",high
"icd_code: M05.70, icd_version: 10, diagnosis: Rheumatoid arthritis with rheumatoid factor of unspecified site without organ or systems involvement, seropositive, RF: 256 IU/mL, anti-CCP: 220 U/mL, joint_count: 8 swollen, 10 tender, DAS28-CRP: 5.2 (High disease activity), medication: Methotrexate 20mg weekly, Hydroxychloroquine 400mg daily, Prednisone 7.5mg daily, plan: Initiate Adalimumab, MRN: 99134",high
"USPS Informed Delivery: You have mail pieces arriving soon. View them here: http://usps-informed-delivery.com",low
"linda.nguyen@med.wayne.edu",high
"Coordinates: 41.2448, -75.8812, Wilkes-Barre, PA",low
"bluetooth_pairing: Biobeat Smartwatch, mac: DE:EF:F0:01:12:23, patient_mrn: 77856, bp_systolic: 132, bp_diastolic: 78, hr: 68, hrv: 52, spo2: 98%, cuffless_reading: Validated, timestamp: 2025-04-18T10:10:56Z",high
"wifi: { 'ssid': 'Childrens_National_DC', 'username': 'pulm.rn', 'password': 'CNH_DC_2025', 'security': 'WPA2-Enterprise' }",high
"inpatient_consult: MRN: 44578, service: Nephrology, reason: AKI, assessment: Pre-renal etiology secondary to dehydration, Cr: 1.8 (baseline 0.9), BUN/Cr ratio: 24:1, FeNa: <1%, urinalysis: Normal, plan: IV fluids, hold lisinopril, repeat BMP 12h, renal_ultrasound: Normal, consulting_nephrologist: Dr. N. Sharma",high
"Congratulations! You've been selected for the 2025 Publishers Clearing House $5,000 a week for life. Claim now: http://pch-lifetime-winner.com",low
"brian.taylor@aamc.org",high
"Name: Yellowstone; Longitude: -108.5507; Latitude: 45.8021",low
"bluetooth_device: Tandem t:sport, mac: EF:F0:01:12:23:34, patient_mrn: 66789, reservoir_remaining: 100U, battery: 98%, firmware: 1.1.0, active_insulin: 0.85U, last_bolus: 2025-04-18T09:45:22Z, last_cgm_reading: 142",high
"wifi_config: { 'ssid': 'University_of_Chicago_Medicine', 'psk': 'UCh!c@goMed2025', 'security': 'WPA3', 'vlan': '55' }",high
"patient_history: MRN: 33412, chief_complaint: Chest pain, history_of_present_illness: 55yo M with hx HTN, HLD, presents with substernal chest pressure radiating to left arm, onset 2h ago, associated SOB, diaphoresis, relieved partially by rest, pain_score: 7/10, ECG: Sinus rhythm, no acute ST-T changes, troponin_I: 0.04, plan: Admit to R/O ACS, serial troponin, stress test in AM",high
"Apple: Your iCloud+ subscription will renew on 05/03/2025 for $2.99/month. View receipt: http://apple-receipt-view.com",low
"stephanie.rodriguez@tulane.edu",high
"County: Yellowstone; Longitude: -108.5507; Latitude: 45.8021",low
"bluetooth_pairing: Philips HeartStart MRx, mac: F0:01:12:23:34:45, device_id: MRx-EMS-22, asset_tag: PHIL-911, last_service: 2025-04-01, battery_status: 100%, firmware: G.0.4",high
"wifi_setup: { 'ssid': 'Montefiore_Einstein', 'username': 'neuro.resident', 'password': 'M0nt3f10r3NYC', 'security': 'WPA2-Enterprise' }",high
"lab_result: MRN: 99189, test: Vitamin D, 25-Hydroxy, result: 14 ng/mL, reference: 30-100 ng/mL, interpretation: Severe deficiency, plan: Ergocalciferol 50,000 IU weekly x 8 weeks, recheck level in 3 months, test: Vitamin B12, result: 180 pg/mL, reference: 200-900 pg/mL, interpretation: Deficiency, plan: B12 1000mcg IM monthly x 3 months, then re-evaluate, provider: Dr. F. Adams",high
"Your Amazon Pay balance of $25.00 is expiring soon. Use it now before it's gone: http://amazon-pay-use-balance.com",low
"mark.robinson@hackensackmeridian.org",high
"Name: Yellowstone; Longitude: -108.5507; Latitude: 45.8021",low
"bluetooth_device: Masimo Root, mac_address: 01:12:23:34:45:56:67, device_id: ROOT-OR-1, asset_tag: MAS-OR1, firmware: 2.1.3, last_calibration: 2025-04-15, connected_devices: Radical-7, NomoLine",high
"network_config: { 'ssid': 'LifeBridge_Health', 'psk': 'LBH_B@lt!m0r3', 'security': 'WPA3', 'band': '5GHz' }",high
"operative_note: MRN: 44590, procedure: Cholecystectomy, laparoscopic, date: 2025-04-17, surgeon: Dr. M. Rivera, findings: Thickened gallbladder wall, multiple stones, cystic duct clearly identified, intraop_cholangiogram: Normal, EBL: 20mL, specimen: Sent to pathology, complications: None, postop_dx: Symptomatic cholelithiasis, plan: Discharge today on PO pain meds, f/u in 2 weeks",high
"Facebook: Your ad account has been restricted due to payment issues. Update your billing info: http://facebook-ad-billing.com",low
"emily.woodruff@med.fsu.edu",high
"Coordinates: 45.8021, -108.5507, Billings, MT",low
"bluetooth_pairing: ZOLL X Series, mac: 23:34:45:56:67:78, device_id: X-EMS-45, asset_tag: ZOLL-117, last_service: 2025-04-10, battery_cycles: 245, firmware: 5.2.1",high
"wifi: { 'ssid': 'Westchester_Medical_Center', 'username': 'hospitalist.md', 'password': 'WMC_V@lh@ll@', 'security': 'WPA2-Enterprise' }",high
"genetic_risk: MRN: 66734, patient: 34yo F, indication: Strong family history of breast cancer (mother diagnosed at 40), gene: PALB2, variant: c.3113G>A (p.Trp1038*), classification: Pathogenic, associated_risks: Breast cancer (40-60%), pancreatic cancer (2-4%), management: Annual breast MRI with mammography, discuss risk-reducing mastectomy, pancreatic cancer screening trial eligibility, genetic_counselor: Dr. K. Singh",high
"IRS: Your tax return has been accepted. Your refund of $1,842 will be deposited in 21 days. Track status: http://irs-refund-track.com",low
"jessica.torres@cshs.org",high
"Name: Yellowstone; Longitude: -108.5507; Latitude: 45.8021",low
"bluetooth_device: Abbott FreeStyle Libre 2, mac: 34:45:56:67:78:89, patient_mrn: 99156, glucose: 278, trend: rising, sensor_remaining_days: 11, last_scan: 2025-04-18T12:55:33Z, alarms: Hyperglycemia alert",high
"wifi_config: { 'ssid': 'Baptist_Health_South_FL', 'psk': 'BHSF_C0r@lG@bl3s', 'security': 'WPA3', 'vlan': '48' }",high
"pathology_report: MRN: 77890, specimen: Endometrial biopsy, diagnosis: Endometrioid adenocarcinoma, FIGO grade: 1, depth_of_invasion: <50%, lymphovascular_invasion: Not identified, mismatch_repair_proteins: MLH1/PMS2 absent (abnormal), BRAF V600E: Negative, implications: Probable Lynch syndrome, referral: Genetic counseling, treatment_plan: Total hysterectomy with bilateral salpingo-oophorectomy, staging, MRN: 77890",high
"PayPal: Your business account statement for March 2025 is ready. Download: http://paypal-business-statement.com",low
"daniel.hernandez@med.uth.edu",high
"County: Yellowstone; Longitude: -108.5507; Latitude: 45.8021",low
"bluetooth_pairing: Omron Evolv, mac: 45:56:67:78:89:9A, patient_mrn: 44501, bp_systolic: 118, bp_diastolic: 74, pulse: 62, irregular_heartbeat: No, timestamp: 2025-04-18T07:05:44Z",high
"wifi_setup: { 'ssid': 'Rush_University_Medical_Center', 'username': 'cardio.research', 'password': 'Rush_C@rd!oLab', 'security': 'WPA2-Enterprise' }",high
"patient_demographics: MRN: 99123, DOB: 1968-05-12, sex: F, ethnicity: Not Hispanic or Latino, race: White, preferred_language: English, contact: Phone: 555-123-4567, email: patient.jdoe@email.com, emergency_contact: John Doe (spouse), phone: 555-987-6543, PCP: Dr. A. Gupta",high
"Your Capital One credit card payment of $75.00 is due on 05/01/2025. Autopay is enabled: http://capitalone-autopay.com",low
"jennifer.adams@utsouthwestern.edu",high
"Name: Yellowstone; Longitude: -108.5507; Latitude: 45.8021",low
"bluetooth_device: ResMed AirMini, mac_address: 56:67:78:89:9A:AB, patient_mrn: 33467, usage_hours_last_night: 5.2, ahi_last_night: 4.8, mask_type: P10, pressure: 11 cmH2O, leak: 24 L/min, last_sync: 2025-04-18T08:12:11Z",high
"network: { 'ssid': 'Kettering_Health_Network', 'psk': 'KHN_D@yt0n2025', 'security': 'WPA3', 'band': '5GHz' }",high
"icd_code: I48.91, icd_version: 10, diagnosis: Unspecified atrial fibrillation, CHA2DS2-VASc: 4, anticoagulation: Warfarin 5mg daily, INR: 2.3 (2025-04-16), next_INR: 2025-04-30, rate_control: Metoprolol succinate 50mg daily, cardioversion_history: Failed (2024-11-10), ablation_candidate: Under evaluation, MRN: 99178",high
"USPS: Your package from Amazon is running late. Updated delivery date: 04/20/2025. Track: http://usps-package-track.com",low
"christopher.mitchell@wakehealth.edu",high
"Coordinates: 45.8021, -108.5507, Billings, MT",low
"bluetooth_pairing: iHealth BP7S, mac: 67:78:89:9A:AB:BC, patient_mrn: 99101, bp_systolic: 128, bp_diastolic: 82, pulse: 74, timestamp: 2025-04-18T11:30:12Z, device_battery: 80%",high
"wifi_config: { 'ssid': 'Northwell_Health_LenoxHill', 'username': 'hospitalist.np', 'password': 'N0rthw3llNYC', 'security': 'WPA2-Enterprise' }",high
"radiology_report: MRN: 44512, study: MRI Lumbar Spine w/o contrast, finding: Large left paracentral disc extrusion at L5-S1, impinging on descending left S1 nerve root, moderate central canal stenosis, facet arthropathy at L4-L5 and L5-S1, impression: Radiculopathy correlating with patient's symptoms, plan: Epidural steroid injection, neurosurgery referral, radiologist: Dr. F. Chen",high
"Your Netflix account has been accessed from a new device in Brazil. If this was not you, reset your password: http://netflix-device-alert.com",low
"rebecca.smith@sjhsyr.org",high
"Name: Yellowstone; Longitude: -108.5507; Latitude: 45.8021",low
"bluetooth_device: Withings BPM Core, mac: 78:89:9A:AB:BC:CD, patient_mrn: 66745, bp_systolic: 152, bp_diastolic: 94, pulse: 88, ecg: Possible AFib, timestamp: 2025-04-18T09:10:45Z",high
"wifi_setup: { 'ssid': 'Stony_Brook_Medicine', 'psk': 'SBUM_L0ngIsl@nd', 'security': 'WPA3', 'vlan': '32' }",high
"lab_report: MRN: 99134, test: Comprehensive Metabolic Panel, date: 2025-04-18, sodium: 138, potassium: 5.1 (H), chloride: 102, CO2: 24, BUN: 28 (H), creatinine: 1.4 (H), glucose: 115 (H), calcium: 9.2, protein: 7.1, albumin: 3.8, alkaline_phosphatase: 110, ALT: 65 (H), AST: 58 (H), total_bilirubin: 0.9, impression: Mild AKI, transaminitis, plan: Renal ultrasound, hold NSAIDs, repeat labs in 1 week",high
"LinkedIn: Your profile has been viewed 45 times this week. See who's viewed your profile: http://linkedin-profile-views.com",low
"melissa.green@med.uvm.edu",high
"County: Yellowstone; Longitude: -108.5507; Latitude: 45.8021",low
"bluetooth_pairing: Garmin Index S2, mac: 89:9A:AB:BC:CD:DE, user_mrn: 77834, weight: 185.2 lbs, bmi: 28.4, body_fat: 24.5%, body_water: 52.3%, muscle_mass: 132.4 lbs, timestamp: 2025-04-18T07:30:22Z",high
"network_config: { 'ssid': 'Penn_Medicine_Presby', 'username': 'hospitalist.md', 'password': 'P3nnPr3sby2025', 'security': 'WPA3-Enterprise' }",high
"patient_consent: MRN: 33412, form: Surgical Informed Consent, procedure: Right total knee arthroplasty, surgeon: Dr. L. Harris, date_signed: 2025-04-17, risks_discussed: Infection, DVT, neurovascular injury, implant failure, need for revision, anesthesia_risks, blood_transfusion, benefits_discussed: Pain relief, improved function, witness: RN J. Smith, patient_initials: RJT",high
"Chase: Alert: Unusual activity detected on your credit card ending in 4321. Was this you? Reply 1 for Yes, 2 for No: http://chase-fraud-alert.com",low
"katherine.williams@lifespan.org",high
"Name: Yellowstone; Longitude: -108.5507; Latitude: 45.8021",low
"bluetooth_device: Philips Respironics BiPAP, mac: 9A:AB:BC:CD:DE:EF, patient_mrn: 99156, usage_hours_last_night: 7.8, ahi_last_night: 2.1, ipap: 18, epap: 12, mask_seal: Excellent, leak_95th: 12 L/min, last_sync: 2025-04-18T08:45:32Z",high
"wifi: { 'ssid': 'Yale_New_Haven_Hospital', 'username': 'cardio.fellow', 'password': 'YNHH_C@rd!o', 'security': 'WPA2-Enterprise' }",high
"pathology_report: MRN: 44567, specimen: Gastric biopsy, site: Antrum, finding: Moderate chronic inactive gastritis, H. pylori: Positive by IHC, intestinal_metaplasia: Not identified, dysplasia: Negative, plan: Quadruple therapy x 14 days, confirm eradication with stool antigen in 4 weeks, pathologist: Dr. R. Kapoor",high
"Congratulations! You've been selected as the winner of the 2025 Disney Vacation Giveaway. Claim your prize: http://disney-vacation-claim.com",low
"joshua.miller@baystatehealth.org",high
"Coordinates: 45.8021, -108.5507, Billings, MT",low
"bluetooth_pairing: Welch Allyn Spot 4400, mac: AB:BC:CD:DE:EF:F0, device_id: SPOT-ER-2, asset_tag: WA-ER2, battery: 95%, last_vitals: 2025-04-18T12:05:44Z, firmware: 2.3.0",high
"wifi_config: { 'ssid': 'Greenville_Health_System', 'psk': 'GHS_SouthC@r0l!na', 'security': 'WPA3', 'band': '5GHz' }",high
"discharge_summary: MRN: 99123, admit_date: 2025-04-10, discharge_date: 2025-04-17, diagnosis: Cellulitis, left lower extremity, admission_treatment: IV Vancomycin, transitioned to PO Doxycycline, discharge_condition: Resolving, home_medications: Doxycycline 100mg BID x 7d, Tylenol PRN, discharge_destination: Home with self-care, follow_up: PCP in 1 week, wound_check in 2 days with home health, discharged_by: Dr. L. Nguyen",high
"FTC: You may be eligible for a refund from the Epic Games settlement. File a claim: http://ftc-epic-refund.com",low
"lauren.henderson@beaumont.org",high
"Name: Yellowstone; Longitude: -108.5507; Latitude: 45.8021",low
"bluetooth_device: Omron Complete, mac_address: BC:CD:DE:EF:F0:01, patient_mrn: 99178, bp_systolic: 134, bp_diastolic: 84, pulse: 72, ecg: Normal Sinus Rhythm, timestamp: 2025-04-18T08:55:11Z",high
"network_config: { 'ssid': 'Carolinas_Medical_Center', 'username': 'hospitalist.dr', 'password': 'CMC_Ch@rl0tte', 'security': 'WPA2-Enterprise' }",high
"genetic_testing: MRN: 66701, test: Inherited Cancer Panel, gene: CHEK2, variant: c.1100delC (p.Thr367Metfs*15), classification: Pathogenic, associated_risks: Breast cancer (20-30%), colorectal cancer (10-20%), thyroid cancer (increased), management: Annual mammography and breast MRI, colonoscopy q5y starting age 40, consider thyroid ultrasound, family_cascade_testing: Recommended for first-degree relatives, genetic_counselor: Dr. M. Jones",high
"Your Apple ID was used to sign in to a Mac in London. If this wasn't you, secure your account: http://apple-secure-account.com",low
"daniel.mendez@med.wisc.edu",high
"County: Yellowstone; Longitude: -108.5507; Latitude: 45.8021",low
"bluetooth_pairing: Dexcom G7, mac: CD:DE:EF:F0:01:12, patient_mrn: 99134, glucose: 165, trend: stable, transmitter_battery: 92%, sensor_remaining_days: 8, urgent_low_soon_alert: Off, last_reading: 2025-04-18T13:22:45Z",high
"wifi_setup: { 'ssid': 'Parkview_Health', 'psk': 'P@rkviewFtW@yne', 'security': 'WPA3', 'vlan': '22' }",high
"operative_report: MRN: 33456, procedure: Cesarean section, primary, date: 2025-04-18, surgeon: Dr. S. Patel, indication: Failure to progress, anesthesia: Spinal, infant: Male, 7lb 8oz, APGAR: 8,9, EBL: 800mL, complications: None, tubal_ligation: Not performed, plan: Routine postpartum care, f/u in 6 weeks",high
"Verizon: Your bill of $89.99 is ready. Auto-pay will be deducted on 05/05: http://verizon-view-bill.com",low
"andrea.ross@med.uga.edu",high
"Name: Yellowstone; Longitude: -108.5507; Latitude: 45.8021",low
"bluetooth_device: Medtronic Guardian 4, mac: DE:EF:F0:01:12:23, patient_mrn: 44589, glucose: 198, trend: rising, sensor_remaining_hours: 134, calibration_due: 2025-04-18T16:00:00Z, last_calibration: 2025-04-18T08:00:22Z",high
"network: { 'ssid': 'Memorial_Hermann_TMC', 'username': 'neuro.icu.md', 'password': 'MH_TMC_H0ust0n', 'security': 'WPA3-Enterprise' }",high
"icd_code: C61, icd_version: 10, diagnosis: Malignant neoplasm of prostate, Gleason_grade_group: 2 (3+4=7), PSA: 8.2 ng/mL, clinical_stage: T2c, N0, M0 (bone scan negative), NCCN_risk: Favorable intermediate, treatment_plan: Discussed options - active surveillance, radical prostatectomy, radiation. Patient choice: Robotic-assisted laparoscopic prostatectomy, scheduled: 2025-05-20, surgeon: Dr. R. Smith, MRN: 99156",high
"Amazon: Your order of 'Wireless Headphones' has shipped. Track package: http://amazon-track-package.com",low
"patrick.hughes@osu.edu",high
"Coordinates: 45.8021, -108.5507, Billings, MT",low
"bluetooth_pairing: Abbott FreeStyle Libre 3, mac: EF:F0:01:12:23:34, patient_mrn: 99101, glucose: 112, trend: stable, sensor_insertion_date: 2025-04-10, sensor_expiration_date: 2025-04-24, last_scan: 2025-04-18T10:15:32Z",high
"wifi_config: { 'ssid': 'OSF_HealthCare_StFrancis', 'psk': 'OSF_Pe0r!a2025', 'security': 'WPA3', 'band': '5GHz' }",high
"patient_record: MRN: 66778, diagnosis: COPD, GOLD grade: 3 (severe), FEV1: 42% predicted, FEV1/FVC: 0.58, exacerbation_history: 2 in past year, hospitalization: 1 in past year, current_therapy: Tiotropium 18mcg daily, Albuterol PRN, home_oxygen: 2L NC PRN for dyspnea, smoking_status: Active (1 PPD, 40 pack-years), referral: Pulmonary rehabilitation, MRN: 66778",high
"PayPal: Your account has received a payment of $75.00 from j.smith@email.com. View transaction: http://paypal-view-transaction.com",low
"alexandra.hill@med.nyu.edu",high
"Name: Yellowstone; Longitude: -108.5507; Latitude: 45.8021",low
"bluetooth_device: Garmin Venu 2, mac_address: F0:01:12:23:34:45, user_mrn: 77890, hr_resting: 62, hrv: 48, body_battery: 85, sleep_score: 78, steps_yesterday: 8452, last_sync: 2025-04-18",high
"wifi_setup: { 'ssid': 'Henry_Ford_Health', 'username': 'hospitalist.np', 'password': 'HFH_D3tr0!t', 'security': 'WPA2-Enterprise' }",high
"lab_result: MRN: 99189, test: Hemoglobin A1c, result: 7.2%, reference: <5.7%, test: Lipid Panel, LDL: 145 mg/dL (H), HDL: 38 mg/dL (L), Triglycerides: 220 mg/dL (H), Total Cholesterol: 215 mg/dL (H), test: TSH, result: 2.8 uIU/mL, reference: 0.4-4.5, assessment: Suboptimally controlled T2DM, hyperlipidemia, plan: Increase Metformin to 1000mg BID, start Atorvastatin 20mg qHS, recheck A1c and lipid panel in 3 months, MRN: 99189",high
"Your Zelle payment of $35.50 to t.hanks@email.com is pending. Confirm recipient: http://zelle-payment-confirm.com",low
"ryan.nelson@wheelinghospital.org",high
"County: Yellowstone; Longitude: -108.5507; Latitude: 45.8021",low
"bluetooth_pairing: Withings ScanWatch, mac: 01:12:23:34:45:56, user_mrn: 33489, hr: 58, ecg: Normal Sinus Rhythm, spo2: 97%, sleep_duration: 7h 35m, timestamp: 2025-04-18T08:05:22Z",high
"network_config: { 'ssid': 'Sanford_Health', 'psk': 'S@nf0rdS!ouxFalls', 'security': 'WPA3', 'vlan': '55' }",high
"pathology_report: MRN: 99101, specimen: Skin biopsy, site: Left nasal ala, diagnosis: Basal cell carcinoma, nodular subtype, margins: Positive at deep margin, size: 6mm, histologic_features: Peripheral palisading, retraction artifact, perineural_invasion: Not identified, plan: Mohs micrographic surgery, scheduled: 2025-05-05, dermatologist: Dr. C. Evans",high
"Target: Your Circle earnings of $5.00 are expiring soon. Redeem them in the app: http://target-circle-redeem.com",low
"julie.blackwell@thomsonhealth.com",high
"Name: Yellowstone; Longitude: -108.5507; Latitude: 45.8021",low
"bluetooth_device: Omron HeartGuide, mac: 12:23:34:45:56:67, patient_mrn: 99145, bp_systolic: 128, bp_diastolic: 78, pulse: 66, activity_steps: 4231, sleep_duration: 6h 45m, timestamp: 2025-04-18",high
"wifi: { 'ssid': 'Baptist_Memphis', 'username': 'hospitalist.md', 'password': 'Bapt!stMemph!s', 'security': 'WPA2-Enterprise' }",high
"radiology_report: MRN: 44567, study: Screening Mammogram, BIRADS: 4A, finding: Focal asymmetry, left breast, upper outer quadrant, no associated microcalcifications, ultrasound_correlation: Indistinct hypoechoic mass, 8mm, impression: Suspicious, biopsy recommended, biopsy_type: Ultrasound-guided core needle biopsy, scheduled: 2025-04-28, radiologist: Dr. P. White",high
"Apple: Your iCloud storage is almost full. Manage your storage: http://icloud-manage-storage.com",low
"kristen.koch@spectrumhealth.org",high
"Coordinates: 45.8021, -108.5507, Billings, MT",low
"bluetooth_pairing: iHealth Smart, mac: 23:34:45:56:67:78, patient_mrn: 99178, glucose: 142, test_strip_lot: L12345, timestamp: 2025-04-18T09:45:33Z, device_battery: 55%",high
"wifi_config: { 'ssid': 'Aspirus_Health', 'psk': 'Asp1rus_W!sc0ns!n', 'security': 'WPA3', 'band': '5GHz' }",high
"inpatient_consult: MRN: 33478, service: Palliative Care, reason: Goals of care discussion for patient with metastatic pancreatic cancer, performance_status: ECOG 3, understanding of disease: Patient and family aware of incurable prognosis, goals: Focus on comfort and quality of life, minimizing hospitalizations, code_status: DNR/DNI, advance_directives: Living will on file, healthcare_proxy: Spouse, plan: Refer to home hospice, prescribe pain and symptom management medications, consultant: Dr. R. Shah",high
"USPS Informed Delivery: You have a package arriving today from Amazon. Track: http://usps-track-package.com",low
"jessica.foster@med.columbia.edu",high
"Name: Yellowstone; Longitude: -108.5507; Latitude: 45.8021",low
"bluetooth_device: ResMed AirSense 10, mac_address: 34:45:56:67:78:89, patient_mrn: 99123, usage_hours_last_week_avg: 6.8, ahi_last_week_avg: 3.2, mask_type: AirFit F20, pressure: 12 cmH2O, leak_95th: 18 L/min, humidifier_setting: 3, last_sync: 2025-04-18T06:30:22Z",high
"network_config: { 'ssid': 'UnityPoint_Health_StLukes', 'username': 'hospitalist.np', 'password': 'Un1tyP0!ntCR', 'security': 'WPA2-Enterprise' }",high
"genetic_counseling: MRN: 99156, patient: 28yo M, indication: Unexplained dilated cardiomyopathy, family_history: Father died age 42 from HF, gene: TTN, variant: c.12345G>A (p.Trp4115*), classification: Pathogenic, associated_condition: Titin-truncating variant-related dilated cardiomyopathy, penetrance: Age-related, reduced, management: Annual echocardiogram, cardiology follow-up, avoid alcohol, competitive sports, family_screening: Echocardiogram and genetic testing recommended for first-degree relatives, genetic_counselor: Dr. K. Davis",high
"Your Facebook account has been temporarily locked for your security. Verify your identity: http://facebook-verify-identity.com",low
"matthew.stafford@christushealth.org",high
"County: Yellowstone; Longitude: -108.5507; Latitude: 45.8021",low
"bluetooth_pairing: KardiaMobile 6L, mac: 45:56:67:78:89:9A, patient_mrn: 44501, ecg_interpretation: Possible AFib, duration: 30s, timestamp: 2025-04-18T10:15:44Z, device_battery: 89%",high
"wifi_setup: { 'ssid': 'Centura_Penrose', 'psk': 'C3ntur@C0l0r@d0', 'security': 'WPA3', 'vlan': '12' }",high
"lab_report: MRN: 66789, test: Complete Blood Count, date: 2025-04-18, WBC: 11.2 (H), Hgb: 10.8 (L), Hct: 32.5 (L), MCV: 78 (L), Plt: 450 (H), differential: Neutrophils 78% (H), Lymphocytes 15% (L), impression: Microcytic anemia, thrombocytosis, likely iron deficiency, plan: Iron studies, ferritin, stool occult blood, consider GI consult for colonoscopy, MRN: 66789",high
"LinkedIn Premium: Your free trial will end in 7 days. You will be charged $39.99/month. Cancel: http://linkedin-cancel-premium.com",low
"ashley.johnson@caromonthealth.org",high
"Name: Yellowstone; Longitude: -108.5507; Latitude: 45.8021",low
"bluetooth_device: Biobeat Smartwatch, mac: 56:67:78:89:9A:AB, patient_mrn: 99101, bp_systolic: 122, bp_diastolic: 76, hr: 72, hrv: 54, spo2: 98%, skin_temp: 36.6C, timestamp: 2025-04-18T11:05:12Z",high
"wifi: { 'ssid': 'AdventHealth_Orlando', 'username': 'hospitalist.md', 'password': 'Adv3ntH3@lthFL', 'security': 'WPA2-Enterprise' }",high
"operative_note: MRN: 33412, procedure: Trigger finger release, left ring finger, date: 2025-04-18, surgeon: Dr. M. Rivera, anesthesia: Local, findings: A1 pulley stenosis, successful release with full passive flexion/extension, EBL: <5mL, complications: None, plan: Follow up in 2 weeks for suture removal, hand therapy PRN, MRN: 33412",high
"Spotify: Your Discover Weekly playlist is updated. Listen now: http://spotify-discover-weekly.com",low
"stephen.king@ingham.org",high
"patient_id: 77921, icd_code: E11.42, icd_version: 10, diagnosis: Type 2 diabetes mellitus with diabetic polyneuropathy, medication: Pregabalin 75mg BID, Duloxetine 60mg daily, last_A1C: 8.9%, MRN: 77921",high
"URGENT: Your PayPal account has been limited due to unusual activity. Verify your identity immediately: http://paypal-verification-alerts.com/secure",low
"maria.santos@fda.hhs.gov",high
"Name: Yellowstone; Longitude: -108.5507; Latitude: 45.8021",low
"https://www.cancer.gov/types/breast/patient/breast-treatment-pdq",low
"bluetooth_pairing: Dexcom G7, mac_address: 5A:6B:7C:8D:9E:AF, patient_mrn: 99102, glucose: 245, trend: rising, alert: Hyperglycemia, last_reading: 2026-02-12T08:22:31Z",high
"wifi_config: { 'ssid': 'UCSF_Mission_Bay_Oncology', 'username': 'hem.onc.fellow', 'password': 'C@nc3rRsch2026!', 'security': 'WPA3-Enterprise' }",high
"icd_code: I63.9, icd_version: 10, diagnosis: Cerebral infarction, unspecified, residual: Left-sided hemiparesis, NIHSS: 6, rehabilitation: Inpatient PT/OT/SLP, MRN: 44513",high
"Congratulations! You've won a $2,000 Home Depot gift card. Claim your prize: http://homedepot-winner-2026.com",low
"robert.zhang@northwestern.edu",high
"Name: Ada; Longitude: -116.2026; Latitude: 43.6137",low
"bluetooth_device: Apple Watch Ultra 2, mac_address: 6B:7C:8D:9E:AF:B0, user_mrn: 66780, fall_detection: Triggered (2026-02-11T19:22:15Z), emergency_services: Notified, location: 43.6137,-116.2026, last_sync: 2026-02-12T09:15:44Z",high
"network: 'Cleveland_Clinic_Main_Campus_OR', 'psk': 'CC_0R_2026!Secure', 'security': 'WPA3', 'hidden': 'true'",high
"patient_record: MRN: 99135, diagnosis: Acute myeloid leukemia, FLT3-ITD positive, induction_chemo: 7+3, day_14_marrow: Blasts 8%, day_28_marrow: CR, awaiting risk stratification, MRN: 99135",high
"FTC: Your refund from the Cash App settlement is ready. Submit claim: http://ftc-cashapp-settlement.com",low
"jennifer.kim@mdanderson.org",high
"County: Yellowstone; Longitude: -108.5507; Latitude: 45.8021",low
"https://www.cdc.gov/vaccines/schedules/hcp/imz/adult.html",low
"bluetooth_pairing: Tandem t:slim X2, mac: 7C:8D:9E:AF:B0:C1, patient_mrn: 77891, insulin_on_board: 3.25U, battery: 67%, firmware: 7.8.1, last_cgm_reading: 178, last_comm: 2026-02-12T07:55:10Z",high
"wifi_config: { 'ssid': 'Duke_University_Hospital_North', 'username': 'cardio.ep.fellow', 'password': 'Duk3EP2026!', 'security': 'WPA2-Enterprise' }",high
"pathology_report: MRN: 33457, specimen: Right breast core biopsy, diagnosis: Invasive ductal carcinoma, grade: 3, ER: 60%, PR: 40%, HER2: 3+ (Positive), Ki-67: 45%, stage: cT2N1M0, plan: Neoadjuvant TCHP, MRN: 33457",high
"Your Amazon Prime membership will auto-renew on 03/01/2026 for $149.99. Cancel here: http://amazon-prime-cancel-2026.com",low
"david.hernandez@cshs.org",high
"Name: Yellowstone; Longitude: -108.5507; Latitude: 45.8021",low
"bluetooth_device: Omron Complete, mac_address: 8D:9E:AF:B0:C1:D2, patient_mrn: 66735, bp_systolic: 158, bp_diastolic: 96, pulse: 88, ecg: Sinus tachycardia, atrial_fibrillation: No, timestamp: 2026-02-12T14:22:31Z",high
"network: { 'ssid': 'Stanford_Hospital_ICU', 'username': 'intensivist.md', 'password': 'St@nf0rdICU2026', 'security': 'WPA3-Enterprise' }",high
"lab_result: MRN: 99103, test: Hemoglobin A1c, result: 11.2%, reference: <5.7%, test: C-peptide, result: 0.8 ng/mL, interpretation: Type 1 diabetes, poorly controlled, plan: Initiate insulin pump therapy, diabetes education referral, MRN: 99103",high
"Your Bank of America account has been locked due to suspicious login attempts. Unlock now: http://bofa-unlock-alert.com",low
"michelle.wong@wustl.edu",high
"Coordinates: 45.8021, -108.5507, Billings, MT",low
"bluetooth_pairing: Abbott FreeStyle Libre 2, mac: 9E:AF:B0:C1:D2:E3, patient_mrn: 44568, glucose: 305, trend: rising, sensor_remaining_days: 10, urgent_low_soon: Off, last_scan: 2026-02-12T12:45:22Z",high
"wifi_setup: { 'ssid': 'Vanderbilt_University_Medical_Center', 'psk': 'VUMC_N@shv!lle2026', 'security': 'WPA3', 'vlan': '35' }",high
"icd_code: G20, icd_version: 10, diagnosis: Parkinson's disease, Hoehn and Yahr stage: 3, medication: Carbidopa/Levodopa 25-100mg 4x daily, Rasagiline 1mg daily, DBS_candidate: Under evaluation, MRN: 77922",high
"USPS: Your package #9405511234567890 is being held at the post office. Schedule redelivery: http://usps-redelivery-schedule.com",low
"christopher.evans@bcm.edu",high
"County: Yellowstone; Longitude: -108.5507; Latitude: 45.8021",low
"bluetooth_device: Withings BPM Connect, mac_address: AF:B0:C1:D2:E3:F4, patient_mrn: 99104, bp_systolic: 146, bp_diastolic: 92, pulse: 82, irregular_heartbeat: Detected, timestamp: 2026-02-12T09:10:55Z",high
"wifi_config: { 'ssid': 'NYU_Langone_Tisch_Hospital', 'username': 'neuro.resident', 'password': 'NYUL@ng0ne2026', 'security': 'WPA2-Enterprise' }",high
"radiology_report: MRN: 33458, study: CT Chest with contrast, finding: 12mm spiculated nodule, right upper lobe, SUV_max: 8.2 on PET, biopsy: Adenocarcinoma, EGFR exon 19 deletion, stage: IB (T2aN0M0), plan: Lobectomy, MRN: 33458",high
"LinkedIn: Your account has been restricted due to suspicious activity. Verify your identity: http://linkedin-verify-restriction.com",low
"elizabeth.torres@hopkinsmedicine.org",high
"Name: Yellowstone; Longitude: -108.5507; Latitude: 45.8021",low
"bluetooth_pairing: Garmin Venu 3, mac: B0:C1:D2:E3:F4:05, user_mrn: 66782, hr_resting: 74, hrv: 38, body_battery: 32, stress_level: High, steps_yesterday: 2341, last_sync: 2026-02-12",high
"network: { 'ssid': 'MassGeneral_Hospital_ED', 'username': 'emergency.attending', 'password': 'MGH_ED_B0st0n', 'security': 'WPA3-Enterprise' }",high
"patient_plan: MRN: 99105, diagnosis: Ulcerative colitis, pancolitis, Montreal: E3, Mayo_score: 9 (severe), medication_failed: Infliximab, current_medication: Tofacitinib 10mg BID, response: Partial, plan: Consider ustekinumab, colectomy discussion, MRN: 99105",high
"Netflix: We're having trouble with your billing information. Please update your payment method: http://netflix-billing-update-2026.com",low
"william.chen@mskcc.org",high
"Coordinates: 45.8021, -108.5507, Billings, MT",low
"bluetooth_device: iHealth Align, mac_address: C1:D2:E3:F4:05:16, patient_mrn: 44569, glucose: 168, test_strip_lot: L98712, timestamp: 2026-02-12T08:05:33Z, device_battery: 42%",high
"wifi_config: { 'ssid': 'Cedars_Sinai_Medical_Center', 'psk': 'C3d@rsS!n@!2026', 'security': 'WPA3', 'band': '6GHz' }",high
"operative_report: MRN: 77923, procedure: Laparoscopic cholecystectomy, date: 2026-02-11, surgeon: Dr. M. Rivera, findings: Chronically inflamed gallbladder, multiple stones, intraop_cholangiogram: Normal, EBL: 25mL, pathology: Chronic cholecystitis, plan: Discharge today, f/u 2 weeks, MRN: 77923",high
"Chase: Alert: Unusual activity detected on your credit card ending in 7890. Was this you? http://chase-fraud-alert-2026.com",low
"james.robinson@ohsu.edu",high
"County: Yellowstone; Longitude: -108.5507; Latitude: 45.8021",low
"bluetooth_pairing: ResMed AirSense 11, mac: D2:E3:F4:05:16:27, patient_mrn: 99106, usage_hours_last_night: 4.2, ahi_last_night: 8.5, mask_seal: Poor, pressure: 14 cmH2O, leak_95th: 38 L/min, adherence_7day: 52%, last_sync: 2026-02-12T07:30:11Z",high
"wifi_setup: { 'ssid': 'Houston_Methodist_Hospital', 'username': 'hospitalist.np', 'password': 'HMH_Tex@s2026', 'security': 'WPA2-Enterprise' }",high
"genetic_testing: MRN: 33459, gene: APC, variant: c.3920T>A (p.Ile1307Lys), classification: Risk allele (low penetrance), associated_risk: 1.5-2x colorectal cancer, management: Colonoscopy q5y starting age 40, no prophylactic surgery indicated, genetic_counselor: Dr. N. Kapoor, MRN: 33459",high
"Your Apple ID was used to sign in to a new iPhone in Tokyo, Japan. If this wasn't you, secure your account: http://apple-secure-account-2026.com",low
"laura.nguyen@ucsf.edu",high
"Name: Yellowstone; Longitude: -108.5507; Latitude: 45.8021",low
"bluetooth_device: Philips Respironics DreamStation 2, mac: E3:F4:05:16:27:38, patient_mrn: 66783, usage_hours_last_night: 7.1, ahi_last_night: 2.1, mask_type: Nasal pillows, firmware: 1.2.1, last_sync: 2026-02-12T06:45:22Z",high
"network_config: { 'ssid': 'Northwestern_Memorial_Hospital', 'psk': 'NWM_CH!c@g02026', 'security': 'WPA3', 'vlan': '48' }",high
"icd_code: J44.1, icd_version: 10, diagnosis: COPD with acute exacerbation, FEV1: 48%, treatment: Prednisone 40mg taper, Levofloxacin 750mg x5d, discharged 2026-02-10, smoking_cessation: Referred, home_O2: 2L NC, MRN: 99107",high
"PayPal: Your account has received a payment of $1,250.00 from an unknown sender. Review transaction: http://paypal-review-transaction.com",low
"kevin.park@med.umich.edu",high
"Coordinates: 45.8021, -108.5507, Billings, MT",low
"bluetooth_pairing: Omron HeartGuide, mac: F4:05:16:27:38:49, patient_mrn: 44570, bp_systolic: 138, bp_diastolic: 84, pulse: 76, activity_steps: 5123, sleep_duration: 6h 22m, timestamp: 2026-02-12",high
"wifi: { 'ssid': 'UAB_Hospital', 'username': 'hospitalist.md', 'password': 'UAB_B!rm!ngh@m', 'security': 'WPA2-Enterprise' }",high
"pathology_report: MRN: 77924, specimen: Prostate biopsy, 12 cores, diagnosis: Adenocarcinoma, Gleason score: 7 (3+4), involving 3/12 cores, max core involvement: 40%, perineural_invasion: Present, PSA: 7.2, clinical_stage: T1c, NCCN_risk: Favorable intermediate, plan: Active surveillance vs. RP, patient decision: Robotic prostatectomy scheduled 2026-03-15, MRN: 77924",high
"FTC: You may be eligible for a refund from the TurboTax settlement. File a claim: http://ftc-turbotax-refund-2026.com",low
"maria.rodriguez@yale.edu",high
"County: Yellowstone; Longitude: -108.5507; Latitude: 45.8021",low
"bluetooth_device: Dexcom G6, mac_address: 05:16:27:38:49:5A, patient_mrn: 99108, glucose: 82, trend: falling, alert: Low glucose, sensor_remaining_days: 5, last_reading: 2026-02-12T15:22:11Z",high
"wifi_config: { 'ssid': 'Emory_University_Hospital_Midtown', 'psk': 'Em0ry_ATL2026!', 'security': 'WPA3', 'band': '5GHz' }",high
"patient_history: MRN: 33460, social_history: Tobacco use, 2 PPD x 40 years, current, alcohol: None, illicit_drugs: None, occupation: Construction worker, family_history: Lung cancer (father, age 65), CAD (mother, age 72), COPD (brother), MRN: 33460",high
"Facebook: Your page has been flagged for community standards violations. Appeal: http://facebook-appeal-violation-2026.com",low
"daniel.lee@bwh.harvard.edu",high
"Name: Yellowstone; Longitude: -108.5507; Latitude: 45.8021",low
"bluetooth_pairing: Tandem t:sport, mac: 16:27:38:49:5A:6B, patient_mrn: 66784, reservoir_remaining: 85U, battery: 88%, active_insulin: 0.45U, last_bolus: 2026-02-12T12:15:33Z, last_cgm_reading: 158, firmware: 1.2.0",high
"network: { 'ssid': 'Barnes_Jewish_Hospital', 'username': 'cardio.fellow', 'password': 'BJH_StL0u!s2026', 'security': 'WPA3-Enterprise' }",high
"lab_result: MRN: 99109, test: TSH, result: 0.08 mIU/L, reference: 0.4-4.5, test: Free T4, result: 2.8 ng/dL, reference: 0.8-1.8, test: T3, result: 245 ng/dL, reference: 80-200, impression: Hyperthyroidism, likely Graves' disease, plan: Methimazole 20mg daily, propranolol 20mg TID, RAIU scheduled, MRN: 99109",high
"USPS Informed Delivery: You have a package arriving today from Best Buy. Track: http://usps-track-bestbuy.com",low
"jessica.garcia@med.usc.edu",high
"Coordinates: 45.8021, -108.5507, Billings, MT",low
"bluetooth_device: Withings ScanWatch, mac_address: 27:38:49:5A:6B:7C, user_mrn: 44571, hr: 52, ecg: Normal Sinus Rhythm, spo2: 98%, sleep_duration: 8h 12m, timestamp: 2026-02-12T07:55:22Z",high
"wifi_setup: { 'ssid': 'Mayo_Clinic_Rochester_StMarys', 'psk': 'M@y0Cl!n!cMN2026', 'security': 'WPA3', 'vlan': '22' }",high
"radiology_report: MRN: 77925, study: MRI Brain with contrast, finding: 3cm enhancing mass, right frontal lobe, surrounding edema, midline shift: 5mm, impression: High-grade glioma (GBM suspected), biopsy scheduled: 2026-02-18, dexamethasone: 4mg QID, MRN: 77925",high
"Verizon: Your bill of $112.78 is ready. Auto-pay will be deducted on 03/01: http://verizon-view-bill-2026.com",low
"andrew.martinez@cchmc.org",high
"County: Yellowstone; Longitude: -108.5507; Latitude: 45.8021",low
"bluetooth_pairing: Abbott FreeStyle Libre 3, mac: 38:49:5A:6B:7C:8D, patient_mrn: 99110, glucose: 112, trend: stable, sensor_insertion_date: 2026-02-01, sensor_expiration_date: 2026-02-15, last_scan: 2026-02-12T10:22:44Z",high
"wifi_config: { 'ssid': 'Childrens_Hospital_Philadelphia', 'username': 'pedi.endo.fellow', 'password': 'CHOP_Ph!lly2026', 'security': 'WPA2-Enterprise' }",high
"icd_code: N18.5, icd_version: 10, diagnosis: Chronic kidney disease, stage 5, eGFR: 12 mL/min, dialysis_initiation_date: 2026-01-15, access: Right IJ tunneled catheter, Kt/V: 1.4, transplant_evaluation: Ongoing, MRN: 99110",high
"Your Amazon Pay balance of $35.00 is expiring soon. Use it now: http://amazon-pay-use-2026.com",low
"stephanie.white@stjude.org",high
"Name: Yellowstone; Longitude: -108.5507; Latitude: 45.8021",low
"bluetooth_device: Garmin Fenix 7X, mac_address: 49:5A:6B:7C:8D:9E, user_mrn: 66785, hr_resting: 58, hrv: 62, body_battery: 92, steps_yesterday: 12453, sleep_score: 88, last_sync: 2026-02-12",high
"network: { 'ssid': 'Seattle_Childrens_Hospital', 'psk': 'Se@ttleCh!ldrens2026', 'security': 'WPA3', 'band': '5GHz' }",high
"pathology_report: MRN: 33461, specimen: Colon polyp, ascending colon, diagnosis: Tubulovillous adenoma, size: 15mm, dysplasia: Low-grade, margins: Uninvolved, polypectomy: Piecemeal, incomplete, plan: Repeat colonoscopy in 6 months for surveillance, MRN: 33461",high
"LinkedIn: Your profile has been viewed 85 times this week. See who's viewed: http://linkedin-profile-views-2026.com",low
"rachel.adams@med.unc.edu",high
"Coordinates: 45.8021, -108.5507, Billings, MT",low
"bluetooth_pairing: Medtronic 780G, mac: 5A:6B:7C:8D:9E:AF, patient_mrn: 99111, insulin_on_board: 1.85U, battery: 72%, reservoir_remaining: 150U, auto_mode: Active, last_cgm_reading: 135, last_comm: 2026-02-12T09:45:12Z",high
"wifi_config: { 'ssid': 'Nationwide_Childrens_Hospital', 'username': 'hospitalist.md', 'password': 'NCH_C0lumbus2026', 'security': 'WPA2-Enterprise' }",high
"patient_record: MRN: 44572, diagnosis: Rheumatoid arthritis, seropositive, RF: 345 IU/mL, anti-CCP: 280 U/mL, DAS28-CRP: 5.8 (High), medication: Methotrexate 25mg weekly, Hydroxychloroquine 400mg daily, Leflunomide 20mg daily, prednisone 10mg daily, inadequate response, plan: Initiate Rituximab, MRN: 44572",high
"Target: Your Circle earnings of $7.50 are expiring soon. Redeem in the app: http://target-circle-redeem-2026.com",low
"thomas.brown@texaschildrens.org",high
"County: Yellowstone; Longitude: -108.5507; Latitude: 45.8021",low
"bluetooth_device: iHealth BP7S, mac_address: 6B:7C:8D:9E:AF:B0, patient_mrn: 77926, bp_systolic: 128, bp_diastolic: 78, pulse: 68, timestamp: 2026-02-12T11:30:45Z, device_battery: 60%",high
"wifi_setup: { 'ssid': 'Boston_Childrens_Hospital', 'psk': 'B0st0nCh!ld2026', 'security': 'WPA3', 'vlan': '55' }",high
"operative_report: MRN: 66786, procedure: Carpal tunnel release, right, date: 2026-02-11, surgeon: Dr. L. Harris, anesthesia: Local, findings: Median nerve compression, transverse carpal ligament divided, EBL: <5mL, complications: None, plan: F/u 2 weeks, hand therapy, MRN: 66786",high
"Chase: Your credit score is now available. View your FICO score for free: http://chase-credit-score-2026.com",low
"karen.wilson@duke.edu",high
"Name: Yellowstone; Longitude: -108.5507; Latitude: 45.8021",low
"bluetooth_pairing: ResMed AirMini, mac: 7C:8D:9E:AF:B0:C1, patient_mrn: 99112, usage_hours_last_night: 6.8, ahi_last_night: 3.2, mask_type: P10, pressure: 10 cmH2O, leak_95th: 16 L/min, last_sync: 2026-02-12T08:12:33Z",high
"network_config: { 'ssid': 'UCSD_Jacobs_Medical_Center', 'psk': 'UCSD_LaJ0ll@2026', 'security': 'WPA3', 'band': '6GHz' }",high
"lab_report: MRN: 33462, test: Lipid Panel, LDL: 205 mg/dL (H), HDL: 32 mg/dL (L), Triglycerides: 315 mg/dL (H), Total Cholesterol: 295 mg/dL (H), test: Lipoprotein(a), result: 185 nmol/L (H), assessment: Severe hyperlipidemia, high Lp(a), plan: Rosuvastatin 40mg daily, Ezetimibe 10mg daily, referral to lipid clinic, MRN: 33462",high
"PayPal: Your business account statement for January 2026 is ready. Download: http://paypal-business-statement-2026.com",low
"richard.hernandez@uclahealth.org",high
"Coordinates: 45.8021, -108.5507, Billings, MT",low
"bluetooth_device: Omron Evolv, mac_address: 8D:9E:AF:B0:C1:D2, patient_mrn: 99113, bp_systolic: 142, bp_diastolic: 88, pulse: 80, irregular_heartbeat: No, timestamp: 2026-02-12T09:55:11Z",high
"wifi: { 'ssid': 'University_of_Chicago_Medical_Center', 'username': 'hospitalist.np', 'password': 'UCh!c@g0Med2026', 'security': 'WPA2-Enterprise' }",high
"genetic_counseling: MRN: 44573, patient: 52yo M, indication: Metastatic pancreatic cancer, gene: KRAS, variant: G12D, somatic, not hereditary, gene: BRCA2, variant: Negative, gene: MSI, status: Stable, clinical_trial: Discussed KRAS G12D inhibitor trial, patient_interested: Yes, referred to phase 1 unit, MRN: 44573",high
"Apple: Your iCloud storage is almost full. Manage your storage: http://icloud-manage-storage-2026.com",low
"lisa.jackson@ohiohealth.com",high
"County: Yellowstone; Longitude: -108.5507; Latitude: 45.8021",low
"bluetooth_pairing: Withings BPM Core, mac: 9E:AF:B0:C1:D2:E3, patient_mrn: 77927, bp_systolic: 152, bp_diastolic: 94, pulse: 86, ecg: Possible AFib, timestamp: 2026-02-12T13:10:22Z",high
"wifi_config: { 'ssid': 'Inova_Fairfax_Hospital', 'psk': 'In0v@FFX2026!', 'security': 'WPA3', 'vlan': '32' }",high
"radiology_report: MRN: 66787, study: CT Abdomen/Pelvis with contrast, finding: 3cm hypodense lesion, liver segment VII, washout on delayed phase, capsular enhancement, impression: Hepatocellular carcinoma, non-cirrhotic liver, AFP: 125 ng/mL, plan: Surgical resection, MRI liver for further characterization, MRN: 66787",high
"Spotify: Your Discover Weekly playlist is updated. Listen now: http://spotify-discover-weekly-2026.com",low
"jose.ramirez@baptisthealth.net",high
"Name: Yellowstone; Longitude: -108.5507; Latitude: 45.8021",low
"bluetooth_device: Abbott FreeStyle Libre 2, mac_address: AF:B0:C1:D2:E3:F4, patient_mrn: 99114, glucose: 88, trend: falling, alert: Low glucose alert, sensor_remaining_days: 12, last_scan: 2026-02-12T15:45:33Z",high
"network: { 'ssid': 'Miami_Childrens_Hospital', 'username': 'pedi.endo.md', 'password': 'MCH_M!@m!2026', 'security': 'WPA3-Enterprise' }",high
"icd_code: I50.32, icd_version: 10, diagnosis: Chronic diastolic heart failure, EF: 60%, NYHA: Class III, BNP: 550 pg/mL, etiology: Hypertensive heart disease, medication: Furosemide 60mg BID, Lisinopril 20mg daily, Spironolactone 25mg daily, last_hospitalization: 2026-01-20, MRN: 99114",high
"Facebook: Your ad account has been restricted due to payment issues. Update billing info: http://facebook-ad-billing-2026.com",low
"emily.davis@med.utah.edu",high
"Coordinates: 45.8021, -108.5507, Billings, MT",low
"bluetooth_pairing: Garmin Venu 2S, mac: B0:C1:D2:E3:F4:05, user_mrn: 44574, hr_resting: 64, hrv: 48, body_battery: 78, stress_level: Moderate, sleep_score: 82, last_sync: 2026-02-12",high
"wifi_setup: { 'ssid': 'Rush_University_Medical_Center', 'psk': 'Rush_C0rp2026!', 'security': 'WPA3', 'band': '5GHz' }",high
"pathology_report: MRN: 77928, specimen: Endometrial biopsy, diagnosis: Endometrioid adenocarcinoma, FIGO grade: 2, MMR: MSH6 absent (abnormal), POLE: Wild-type, p53: Wild-type, stage: IA (invasion <50%), plan: Total hysterectomy with bilateral salpingo-oophorectomy, sentinel lymph node biopsy, MRN: 77928",high
"USPS: Your package from Amazon is out for delivery. Track: http://usps-track-amazon.com",low
"matthew.nguyen@keckmedicine.org",high
"County: Yellowstone; Longitude: -108.5507; Latitude: 45.8021",low
"bluetooth_device: Dexcom G7, mac_address: C1:D2:E3:F4:05:16, patient_mrn: 99115, glucose: 205, trend: rising, transmitter_battery: 94%, sensor_remaining_days: 7, last_reading: 2026-02-12T10:22:44Z",high
"wifi_config: { 'ssid': 'Tampa_General_Hospital', 'username': 'hospitalist.md', 'password': 'TGH_Flor!d@2026', 'security': 'WPA2-Enterprise' }",high
"patient_record: MRN: 33463, diagnosis: Crohn's disease, ileocolonic, stricturing phenotype, H/O ileocecal resection 2023, recurrent stricture at anastomosis, medication: Adalimumab 40mg weekly, symptomatic, plan: Endoscopic balloon dilation scheduled 2026-02-20, MRN: 33463",high
"LinkedIn: Your account has been restricted due to unusual activity. Verify your identity: http://linkedin-verify-2026.com",low
"sarah.martinez@bswhealth.edu",high
"Name: Yellowstone; Longitude: -108.5507; Latitude: 45.8021",low
"bluetooth_pairing: Tandem t:slim X2, mac: D2:E3:F4:05:16:27, patient_mrn: 66788, insulin_on_board: 2.15U, battery: 58%, firmware: 7.8.1, last_cgm_reading: 172, last_comm: 2026-02-12T11:55:10Z",high
"network: { 'ssid': 'Providence_Alaska_Medical_Center', 'psk': 'Pr0v!denceAK2026', 'security': 'WPA3', 'vlan': '28' }",high
"lab_result: MRN: 99116, test: PSA, result: 6.8 ng/mL, reference: <4.0, test: Free PSA, result: 12%, reference: >25%, interpretation: Elevated risk of prostate cancer, plan: Prostate biopsy scheduled, MRN: 99116",high
"Capital One: Your credit card payment of $125.00 is due on 03/05/2026. Autopay is enabled: http://capitalone-autopay-2026.com",low
"jason.kim@med.wayne.edu",high
"Coordinates: 45.8021, -108.5507, Billings, MT",low
"bluetooth_device: Omron Complete, mac_address: E3:F4:05:16:27:38, patient_mrn: 77929, bp_systolic: 118, bp_diastolic: 72, pulse: 60, ecg: Normal Sinus Rhythm, timestamp: 2026-02-12T07:35:22Z",high
"wifi_config: { 'ssid': 'Montefiore_Medical_Center', 'psk': 'M0nt3f10r3NYC2026', 'security': 'WPA3', 'band': '5GHz' }",high
"operative_report: MRN: 44575, procedure: Cataract extraction, right eye, phacoemulsification with PCIOL, date: 2026-02-11, surgeon: Dr. F. Chen, anesthesia: Topical, complications: None, IOL_model: Alcon AcrySof IQ, VA_1d_postop: 20/30, plan: Post-op prednisolone, moxifloxacin, f/u 1 week, MRN: 44575",high
"Netflix: Your payment method failed. Update your billing information to continue service: http://netflix-billing-update-2026.com",low
"chloe.williams@uchealth.org",high
"County: Yellowstone; Longitude: -108.5507; Latitude: 45.8021",low
"bluetooth_pairing: ResMed AirSense 10, mac: F4:05:16:27:38:49, patient_mrn: 99117, usage_hours_last_week_avg: 7.2, ahi_last_week_avg: 2.8, mask_type: AirFit F20, pressure: 13 cmH2O, leak_95th: 20 L/min, humidifier_setting: 4, adherence_30day: 88%, last_sync: 2026-02-12T06:55:44Z",high
"wifi_setup: { 'ssid': 'Parkview_Regional_Medical_Center', 'username': 'hospitalist.np', 'password': 'P@rkviewFtW@yne2026', 'security': 'WPA2-Enterprise' }",high
"genetic_testing: MRN: 33464, test: Hereditary Cancer Panel, gene: CDH1, variant: c.1565+1G>A, classification: Pathogenic, associated_condition: Hereditary diffuse gastric cancer, lobular breast cancer risk, implications: 70-80% lifetime risk gastric CA, 40% lifetime risk breast CA (female), management: Discussed prophylactic total gastrectomy, annual breast MRI and mammography, family_cascade_testing: Recommended, genetic_counselor: Dr. P. Jones, MRN: 33464",high
"FTC: Your refund from the Epic Games settlement is ready. File a claim: http://ftc-epic-refund-2026.com",low
"alexander.carter@lpnt.net",high
"Name: Yellowstone; Longitude: -108.5507; Latitude: 45.8021",low
"bluetooth_device: iHealth Smart, mac_address: 05:16:27:38:49:5A, patient_mrn: 66789, glucose: 152, test_strip_lot: L12389, timestamp: 2026-02-12T08:45:33Z, device_battery: 35%",high
"network_config: { 'ssid': 'Legacy_Emanuel_Medical_Center', 'psk': 'L3g@cyPDX2026', 'security': 'WPA3', 'vlan': '41' }",high
"radiology_report: MRN: 99118, study: MRI Lumbar Spine without contrast, finding: Broad-based disc protrusion L4-L5, moderate central canal stenosis, severe right foraminal stenosis, impinging on exiting L4 nerve root, facet arthropathy L5-S1, impression: Radiculopathy correlates, plan: Epidural steroid injection, PT, neurosurgery referral, MRN: 99118",high
"Your Zelle payment of $45.00 to j.doe2@email.com is pending. Confirm recipient: http://zelle-payment-confirm-2026.com",low
"victoria.nguyen@med.cornell.edu",high
"Coordinates: 45.8021, -108.5507, Billings, MT",low
"bluetooth_pairing: Withings Body Scan, mac: 16:27:38:49:5A:6B, user_mrn: 44576, weight: 195.4 lbs, bmi: 30.2, body_fat: 32.5%, visceral_fat: 14, muscle_mass: 125.8 lbs, vascular_age: 68, timestamp: 2026-02-12T07:10:55Z",high
"wifi: { 'ssid': 'Hoag_Hospital_NewportBeach', 'username': 'hospitalist.md', 'password': 'H0@gh_NB2026', 'security': 'WPA2-Enterprise' }",high
"icd_code: F31.9, icd_version: 10, diagnosis: Bipolar disorder, unspecified, currently euthymic, medication: Lamotrigine 200mg daily, Lithium 900mg daily, last_lithium_level: 0.8 mEq/L (2026-02-01), last_episode: Manic (2025-10-15), hospitalization: None in 12 months, psychiatry_follow_up: Monthly, MRN: 44576",high
"Amazon: Your order of 'Noise Cancelling Headphones' has shipped. Track package: http://amazon-track-package-2026.com",low
"olivia.johnson@cookchildrens.org",high
"County: Yellowstone; Longitude: -108.5507; Latitude: 45.8021",low
"bluetooth_device: Abbott FreeStyle Libre 3, mac_address: 27:38:49:5A:6B:7C, patient_mrn: 99119, glucose: 188, trend: stable, sensor_insertion_date: 2026-02-05, sensor_expiration_date: 2026-02-19, last_scan: 2026-02-12T12:55:22Z",high
"wifi_config: { 'ssid': 'Wolfson_Childrens_Hospital', 'psk': 'W0lfs0nJax2026', 'security': 'WPA3', 'band': '5GHz' }",high
"pathology_report: MRN: 77930, specimen: Thyroid nodule FNA, left lobe, Bethesda_category: V, diagnosis: Suspicious for malignancy, consistent with papillary thyroid carcinoma, molecular_testing: BRAF V600E positive, plan: Total thyroidectomy, central neck dissection, MRN: 77930",high
"PayPal: Your account has been credited with $650.00 from a sale. View transaction: http://paypal-view-transaction-2026.com",low
"benjamin.foster@northwell.edu",high
"Name: Yellowstone; Longitude: -108.5507; Latitude: 45.8021",low
"bluetooth_pairing: Garmin Forerunner 965, mac: 38:49:5A:6B:7C:8D, user_mrn: 66790, hr_resting: 52, hrv: 68, body_battery: 95, steps_yesterday: 15432, sleep_score: 92, last_sync: 2026-02-12",high
"network: { 'ssid': 'Dartmouth_Hitchcock_Medical_Center', 'psk': 'D@rtm0uthH2026', 'security': 'WPA3', 'vlan': '38' }",high
"patient_plan: MRN: 99120, diagnosis: Metastatic castration-resistant prostate cancer, bone metastases only, prior_treatment: ADT, Abiraterone, PSA: 45 ng/mL (progressive), genomic_testing: BRCA2 somatic mutation, plan: Initiate Olaparib, continue ADT, zoledronic acid, MRN: 99120",high
"Apple: Your Apple ID was used to sign in to a Mac in London. If this wasn't you, secure your account: http://apple-secure-account-2026.com",low
"grace.lee@med.nyu.edu",high
"Coordinates: 45.8021, -108.5507, Billings, MT",low
"bluetooth_device: Omron HeartGuide, mac_address: 49:5A:6B:7C:8D:9E, patient_mrn: 44577, bp_systolic: 134, bp_diastolic: 82, pulse: 72, activity_steps: 6542, sleep_duration: 7h 15m, timestamp: 2026-02-12",high
"wifi_setup: { 'ssid': 'St_Charles_Health_System', 'username': 'hospitalist.np', 'password': 'StCh@rlesBend2026', 'security': 'WPA2-Enterprise' }",high
"lab_result: MRN: 33465, test: Vitamin D, 25-Hydroxy, result: 18 ng/mL, reference: 30-100, test: Vitamin B12, result: 210 pg/mL, reference: 200-900, test: Ferritin, result: 22 ng/mL, reference: 30-400, assessment: Vitamin D deficiency, B12 borderline, iron deficiency, plan: Ergocalciferol 50,000 IU weekly x 8 weeks, B12 1000mcg IM monthly x 3 months, ferrous sulfate 325mg daily, recheck in 3 months, MRN: 33465",high
"Verizon: Your wireless bill of $134.56 is due on 03/02/2026. Pay now to avoid late fees: http://verizon-pay-bill-2026.com",low
"hannah.wright@sjha.org",high
"County: Yellowstone; Longitude: -108.5507; Latitude: 45.8021",low
"bluetooth_pairing: Dexcom G6, mac: 5A:6B:7C:8D:9E:AF, patient_mrn: 99121, glucose: 68, trend: falling, alert: Urgent low glucose, sensor_remaining_days: 8, last_reading: 2026-02-12T16:22:33Z",high
"wifi_config: { 'ssid': 'Sparrow_Hospital', 'psk': 'Sprrr0w_L@ns!ng2026', 'security': 'WPA3', 'band': '6GHz' }",high
"operative_report: MRN: 77931, procedure: Right total knee arthroplasty, date: 2026-02-10, surgeon: Dr. L. Harris, findings: Tricompartmental osteoarthritis, grade IV, prosthesis: DePuy Attune, EBL: 150mL, complications: None, plan: Inpatient rehab, PT/OT, DVT prophylaxis, f/u 2 weeks, MRN: 77931",high
"Facebook: Your page has been unpublished due to community standards violations. Appeal: http://facebook-unpublish-appeal-2026.com",low
"ethan.morris@covenanthealth.org",high
"Name: Yellowstone; Longitude: -108.5507; Latitude: 45.8021",low
"bluetooth_device: Tandem t:sport, mac_address: 6B:7C:8D:9E:AF:B0, patient_mrn: 66791, reservoir_remaining: 125U, battery: 82%, active_insulin: 0.65U, last_bolus: 2026-02-12T08:22:11Z, last_cgm_reading: 148, firmware: 1.3.0",high
"network: { 'ssid': 'Banner_University_Medical_Center_Tucson', 'username': 'hospitalist.md', 'password': 'B@nnerTucs0n2026', 'security': 'WPA3-Enterprise' }",high
"genetic_counseling: MRN: 44578, patient: 38yo F, indication: Bilateral breast cancer diagnosed age 35 and 37, gene: TP53, variant: c.743G>A (p.Arg248Gln), classification: Pathogenic, associated_condition: Li-Fraumeni syndrome, implications: 90% lifetime cancer risk, management: Annual breast MRI, rapid whole-body MRI, colonoscopy q2-5y, discuss bilateral mastectomy, family_cascade_testing: Urgent, genetic_counselor: Dr. K. Singh, MRN: 44578",high
"Chase: Alert: Unusual activity detected on your debit card ending in 1234. Was this you? http://chase-fraud-alert-2026.com",low
"isabella.martinez@med.uth.edu",high
"Coordinates: 45.8021, -108.5507, Billings, MT",low
"bluetooth_pairing: Withings ScanWatch, mac: 7C:8D:9E:AF:B0:C1, user_mrn: 99122, hr: 48, ecg: Normal Sinus Rhythm, spo2: 99%, sleep_duration: 8h 45m, timestamp: 2026-02-12T07:45:22Z",high
"wifi_config: { 'ssid': 'UNC_Health_Care', 'psk': 'UNC_H!llsbr0ugh2026', 'security': 'WPA3', 'vlan': '44' }",high
"radiology_report: MRN: 33466, study: CT Head without contrast, finding: 5cm left frontal mass, heterogenous enhancement, surrounding vasogenic edema, midline shift: 8mm, impression: Primary brain tumor, likely high-grade glioma, neurosurgery consult, dexamethasone 10mg IV, then 4mg QID, biopsy scheduled 2026-02-19, MRN: 33466",high
"LinkedIn Premium: Your free trial ends in 3 days. You will be charged $39.99/month. Cancel: http://linkedin-cancel-premium-2026.com",low
"aiden.clark@bayfronthealth.com",high
"County: Yellowstone; Longitude: -108.5507; Latitude: 45.8021",low
"bluetooth_device: ResMed AirSense 11, mac_address: 8D:9E:AF:B0:C1:D2, patient_mrn: 77932, usage_hours_last_night: 5.8, ahi_last_night: 5.2, mask_seal: Fair, pressure: 12 cmH2O, leak_95th: 28 L/min, adherence_7day: 68%, last_sync: 2026-02-12T07:05:44Z",high
"wifi_setup: { 'ssid': 'Robert_Wood_Johnson_University_Hospital', 'psk': 'RWJ_Brunswick2026', 'security': 'WPA3', 'band': '5GHz' }",high
"icd_code: I25.110, icd_version: 10, diagnosis: Atherosclerotic heart disease of native coronary artery with unstable angina, PCI date: 2026-01-15, stent: DES to proximal LAD, EF: 50%, medication: Ticagrelor 90mg, Aspirin 81mg, Atorvastatin 80mg, Metoprolol 50mg BID, angina_CCS: Class I, MRN: 77932",high
"Target: Your Circle earnings of $5.00 are expiring soon. Redeem in the app: http://target-circle-redeem-2026.com",low
"michael.thomas@texashealth.org",high
"Name: Yellowstone; Longitude: -108.5507; Latitude: 45.8021",low
"bluetooth_pairing: Abbott FreeStyle Libre 2, mac: 9E:AF:B0:C1:D2:E3, patient_mrn: 99123, glucose: 222, trend: rising, sensor_remaining_days: 9, last_scan: 2026-02-12T13:15:22Z",high
"network: { 'ssid': 'Methodist_Dallas_Medical_Center', 'username': 'cardio.fellow', 'password': 'Mthd!stD@ll@s2026', 'security': 'WPA2-Enterprise' }",high
"patient_history: MRN: 66792, social_history: Tobacco use, 1 PPD x 30 years, quit 2025-12-01, alcohol: 1-2 drinks/week, illicit_drugs: None, occupation: Accountant, family_history: CAD (father, MI age 55), T2DM (mother), Breast cancer (maternal aunt), MRN: 66792",high
"USPS Informed Delivery: You have a package arriving today from Target. Track: http://usps-track-target.com",low
"ella.roberts@caromonthealth.org",high
"Coordinates: 45.8021, -108.5507, Billings, MT",low
"bluetooth_device: iHealth BP5, mac_address: AF:B0:C1:D2:E3:F4, patient_mrn: 44579, bp_systolic: 148, bp_diastolic: 92, pulse: 84, timestamp: 2026-02-12T10:05:33Z, device_battery: 70%",high
"wifi_config: { 'ssid': 'Mercy_Hospital_StLouis', 'psk': 'M3rcy_STL2026!', 'security': 'WPA3', 'vlan': '51' }",high
"pathology_report: MRN: 99124, specimen: Cervical biopsy, diagnosis: High-grade squamous intraepithelial lesion (HSIL, CIN 3), HPV_genotype: 16+, ECC: Negative, plan: LEEP scheduled 2026-02-25, colposcopist: Dr. S. Williams, MRN: 99124",high
"Amazon Pay: Your balance of $45.00 is expiring on 03/01/2026. Use it now: http://amazon-pay-use-2026.com",low
"julian.walker@sjhsyr.org",high
"County: Yellowstone; Longitude: -108.5507; Latitude: 45.8021",low
"bluetooth_pairing: Omron Evolv, mac: B0:C1:D2:E3:F4:05, patient_mrn: 77933, bp_systolic: 132, bp_diastolic: 80, pulse: 70, irregular_heartbeat: No, timestamp: 2026-02-12T11:45:22Z",high
"wifi_setup: { 'ssid': 'St_Josephs_Health_Syracuse', 'username': 'hospitalist.np', 'password': 'SJHS_Cuse2026', 'security': 'WPA2-Enterprise' }",high
"lab_report: MRN: 33467, test: Hemoglobin A1c, result: 6.9%, reference: <5.7%, test: eGFR, result: 58 mL/min, reference: >60, test: UACR, result: 85 mg/g, reference: <30, assessment: Prediabetes, stage 3a CKD with microalbuminuria, plan: Metformin 500mg BID, Lisinopril 20mg daily, recheck A1c and renal panel in 3 months, MRN: 33467",high
"PayPal: Your account has received a payment of $275.00 from a friend. Confirm receipt: http://paypal-confirm-receipt-2026.com",low
"julie.anderson@thomsonhealth.com",high
"Name: Yellowstone; Longitude: -108.5507; Latitude: 45.8021",low
"bluetooth_device: Garmin Venu 3, mac_address: C1:D2:E3:F4:05:16, user_mrn: 66793, hr_resting: 58, hrv: 56, body_battery: 88, stress_level: Low, steps_yesterday: 9876, last_sync: 2026-02-12",high
"network: { 'ssid': 'UC_Davis_Medical_Center', 'psk': 'UCD_S@cr@ment02026', 'security': 'WPA3', 'band': '5GHz' }",high
"operative_report: MRN: 99125, procedure: Inguinal hernia repair, right, laparoscopic, date: 2026-02-11, surgeon: Dr. M. Rivera, findings: Indirect hernia, defect size 3cm, mesh: Bard 3DMax, fixated with fibrin glue, EBL: 10mL, complications: None, plan: Discharge today, f/u 2 weeks, MRN: 99125",high
"Apple: Your iCloud storage is full. Important messages may not be delivered. Upgrade: http://icloud-upgrade-storage-2026.com",low
"zachary.green@luriechildrens.org",high
"Coordinates: 45.8021, -108.5507, Billings, MT",low
"bluetooth_pairing: Dexcom G7, mac: D2:E3:F4:05:16:27, patient_mrn: 44580, glucose: 145, trend: stable, transmitter_battery: 88%, sensor_remaining_days: 9, last_reading: 2026-02-12T09:55:44Z",high
"wifi_config: { 'ssid': 'Ann_&_Robert_H._Lurie_Childrens_Hospital_of_Chicago', 'psk': 'Lur!eCh!ldrens2026', 'security': 'WPA3', 'vlan': '19' }",high
"genetic_testing: MRN: 77934, gene: RYR1, variant: c.7354C>T (p.Arg2452Cys), classification: Pathogenic, associated_condition: Malignant hyperthermia susceptibility, susceptibility_to: MH triggered by volatile anesthetics, succinylcholine, management: Avoid trigger agents, MH-safe anesthesia protocol, medical_alert_bracelet: Recommended, family_testing: Recommended for first-degree relatives, MRN: 77934",high
"FTC: You may be eligible for a refund from the Ring doorbell settlement. File a claim: http://ftc-ring-refund-2026.com",low
"lillian.baker@wakehealth.edu",high
"County: Yellowstone; Longitude: -108.5507; Latitude: 45.8021",low
"bluetooth_device: Tandem t:slim X2, mac_address: E3:F4:05:16:27:38, patient_mrn: 99126, insulin_on_board: 1.25U, battery: 48%, firmware: 7.8.1, last_cgm_reading: 162, last_comm: 2026-02-12T12:35:10Z",high
"wifi_setup: { 'ssid': 'Childrens_Hospital_Los_Angeles', 'username': 'hospitalist.md', 'password': 'CHLA_H0llyw00d2026', 'security': 'WPA2-Enterprise' }",high
"radiology_report: MRN: 33468, study: CT Urogram, finding: 4mm obstructing calculus, left proximal ureter, moderate hydronephrosis, stone_attenuation: 800 HU, secondary_finding: 2mm non-obstructing calculus, right lower pole, impression: Ureteral calculus, plan: Tamsulosin 0.4mg daily, hydration, pain control, reassess in 2 weeks, urology referral if no passage, MRN: 33468",high
"Verizon: Your bill of $145.89 is ready. Auto-pay will be deducted on 03/05: http://verizon-view-bill-2026.com",low
"cameron.hill@med.uc.edu",high
"Name: Yellowstone; Longitude: -108.5507; Latitude: 45.8021",low
"bluetooth_pairing: Withings BPM Connect, mac: F4:05:16:27:38:49, patient_mrn: 66794, bp_systolic: 158, bp_diastolic: 96, pulse: 88, irregular_heartbeat: Detected, timestamp: 2026-02-12T14:22:55Z",high
"network: { 'ssid': 'Penn_Presbyterian_Medical_Center', 'psk': 'P3nnPr3sbyPh!lly2026', 'security': 'WPA3', 'band': '6GHz' }",high
"patient_record: MRN: 99127, diagnosis: Multiple sclerosis, relapsing-remitting, EDSS: 2.5, last_relapse: 2025-12-10 (optic neuritis), DMT: Ocrelizumab 600mg IV q6 months, last_infusion: 2026-01-15, next_infusion: 2026-07-15, MRI_burden: Stable, no new T2 lesions, MRN: 99127",high
"Facebook: Your account has been temporarily locked for your security. Verify your identity: http://facebook-verify-identity-2026.com",low
"natalie.king@beaumont.edu",high
"Coordinates: 45.8021, -108.5507, Billings, MT",low
"bluetooth_device: Abbott FreeStyle Libre 3, mac_address: 05:16:27:38:49:5A, patient_mrn: 77935, glucose: 102, trend: stable, sensor_insertion_date: 2026-02-08, sensor_expiration_date: 2026-02-22, last_scan: 2026-02-12T10:45:33Z",high
"wifi_config: { 'ssid': 'Spectrum_Health_Butterworth', 'psk': 'SHB_Gr@ndR@p!ds2026', 'security': 'WPA3', 'vlan': '33' }",high
"icd_code: G47.33, icd_version: 10, diagnosis: Obstructive sleep apnea, severe, AHI: 48, CPAP_pressure: 14 cmH2O, adherence_30day: 85%, residual_AHI: 3.2, mask_type: Nasal mask, symptoms: Daytime sleepiness improved, ESS_score: 8 (down from 18), MRN: 77935",high
"LinkedIn: Your account has been restricted due to suspicious activity. Verify your identity: http://linkedin-verify-2026.com",low
"owen.turner@stjosephhealth.org",high
"County: Yellowstone; Longitude: -108.5507; Latitude: 45.8021",low
"bluetooth_pairing: Omron HeartGuide, mac: 16:27:38:49:5A:6B, patient_mrn: 44581, bp_systolic: 128, bp_diastolic: 78, pulse: 68, activity_steps: 7821, sleep_duration: 7h 30m, timestamp: 2026-02-12",high
"wifi_setup: { 'ssid': 'Saint_Lukes_Health_System_Kansas_City', 'username': 'hospitalist.np', 'password': 'StLukesKC2026', 'security': 'WPA2-Enterprise' }",high
"pathology_report: MRN: 99128, specimen: Skin biopsy, left cheek, diagnosis: Squamous cell carcinoma, well-differentiated, depth: 2.1mm, perineural_invasion: Not identified, margins: Positive at deep margin, plan: Mohs micrographic surgery, scheduled 2026-02-26, dermatologist: Dr. C. Evans, MRN: 99128",high
"Capital One: Your credit card payment of $95.00 is due on 03/03/2026. Autopay is enabled: http://capitalone-autopay-2026.com",low
"parker.lewis@baptisthealth.net",high
"Name: Yellowstone; Longitude: -108.5507; Latitude: 45.8021",low
"bluetooth_device: ResMed AirSense 11, mac_address: 27:38:49:5A:6B:7C, patient_mrn: 66795, usage_hours_last_night: 7.4, ahi_last_night: 1.8, mask_seal: Good, pressure: 11 cmH2O, leak_95th: 14 L/min, adherence_30day: 92%, last_sync: 2026-02-12T07:22:11Z",high
"network: { 'ssid': 'Jackson_Memorial_Hospital', 'psk': 'J@cks0nM!@m!2026', 'security': 'WPA3', 'band': '5GHz' }",high
"lab_result: MRN: 33469, test: Comprehensive Metabolic Panel, date: 2026-02-12, sodium: 135, potassium: 5.4 (H), chloride: 100, CO2: 22, BUN: 32 (H), creatinine: 1.8 (H), glucose: 108, eGFR: 42, assessment: Acute kidney injury, hyperkalemia, etiology: Dehydration, ACE inhibitor, plan: Hold Lisinopril, IV fluids, repeat BMP in 24h, renal ultrasound, MRN: 33469",high
"Netflix: Your payment method failed. Update your billing information to continue service: http://netflix-billing-update-2026.com",low
"quinn.scott@inova.org",high
"Coordinates: 45.8021, -108.5507, Billings, MT",low
"bluetooth_pairing: Garmin Fenix 7S, mac: 38:49:5A:6B:7C:8D, user_mrn: 99129, hr_resting: 62, hrv: 58, body_battery: 82, steps_yesterday: 11342, sleep_score: 84, last_sync: 2026-02-12",high
"wifi_config: { 'ssid': 'Maimonides_Medical_Center', 'psk': 'M@!m0n!desBK2026', 'security': 'WPA3', 'vlan': '27' }",high
"operative_report: MRN: 77936, procedure: Rotator cuff repair, left shoulder, arthroscopic, date: 2026-02-11, surgeon: Dr. L. Harris, findings: Full-thickness tear, supraspinatus, 2.5cm, repair: Single-row, suture anchors, EBL: 25mL, complications: None, plan: Sling immobilization 4 weeks, PT protocol, f/u 2 weeks, MRN: 77936",high
"Amazon: Your order of 'Smart Home Hub' has shipped. Track package: http://amazon-track-package-2026.com",low
"riley.mitchell@spectrumhealth.org",high
"County: Yellowstone; Longitude: -108.5507; Latitude: 45.8021",low
"bluetooth_device: iHealth Align, mac_address: 49:5A:6B:7C:8D:9E, patient_mrn: 44582, glucose: 198, test_strip_lot: L12987, timestamp: 2026-02-12T08:55:33Z, device_battery: 28%",high
"wifi_setup: { 'ssid': 'Baptist_Health_Lexington', 'username': 'hospitalist.md', 'password': 'BHL_KY2026!', 'security': 'WPA2-Enterprise' }",high
"genetic_counseling: MRN: 99130, patient: 62yo M, indication: Metastatic colorectal cancer, MSI-H, gene: MLH1, promoter hypermethylation (somatic), BRAF V600E: Positive, sporadic, not Lynch, implications: Predictive of response to immunotherapy, plan: Initiate Pembrolizumab, MSI testing on tumor, MRN: 99130",high
"USPS: Your package #9405511234567890 is out for delivery. Track: http://usps-track-outfordelivery.com",low
"sophia.parker@hackensackmeridian.org",high
"Name: Yellowstone; Longitude: -108.5507; Latitude: 45.8021",low
"bluetooth_pairing: Dexcom G6, mac: 5A:6B:7C:8D:9E:AF, patient_mrn: 66796, glucose: 55, trend: falling, alert: Urgent low glucose, sensor_remaining_days: 6, last_reading: 2026-02-12T15:45:22Z",high
"network: { 'ssid': 'Jersey_Shore_University_Medical_Center', 'psk': 'JSUMCNJ2026!', 'security': 'WPA3', 'band': '5GHz' }",high
"radiology_report: MRN: 77937, study: MRI Right Knee without contrast, finding: Complete ACL tear, bucket-handle tear of medial meniscus, displaced into notch, bone contusion lateral femoral condyle and posterolateral tibial plateau, joint effusion, impression: ACL tear, displaced meniscal tear, plan: Orthopedic surgery referral, anticipate ACL reconstruction and meniscal repair, MRN: 77937",high
"Chase: Alert: Unusual activity detected on your credit card ending in 5678. Was this you? http://chase-fraud-alert-2026.com",low
"thomas.baker@cshs.org",high
"Coordinates: 45.8021, -108.5507, Billings, MT",low
"bluetooth_device: Tandem t:sport, mac_address: 6B:7C:8D:9E:AF:B0, patient_mrn: 99131, reservoir_remaining: 45U, battery: 72%, active_insulin: 0.95U, last_bolus: 2026-02-12T13:15:44Z, last_cgm_reading: 178, firmware: 1.3.0",high
"wifi_config: { 'ssid': 'Sutter_Health_Sacramento', 'psk': 'Sutt3r_S@cr@ment02026', 'security': 'WPA3', 'vlan': '41' }",high
"patient_record: MRN: 33470, diagnosis: Parkinson's disease, Hoehn and Yahr stage: 2.5, medication: Carbidopa/Levodopa 25-100mg 4x daily, Rasagiline 1mg daily, Amantadine 100mg BID (for dyskinesia), UPDRS_score: 32, DBS_candidate: Discussed, patient_deferred, MRN: 33470",high
"PayPal: Your account has been credited with $425.00 from a refund. View transaction: http://paypal-view-transaction-2026.com",low
"victor.ramirez@med.nyu.edu",high
"County: Yellowstone; Longitude: -108.5507; Latitude: 45.8021",low
"bluetooth_pairing: Withings ScanWatch, mac: 7C:8D:9E:AF:B0:C1, user_mrn: 44583, hr: 56, ecg: Normal Sinus Rhythm, spo2: 98%, sleep_duration: 7h 55m, timestamp: 2026-02-12T07:05:33Z",high
"wifi_setup: { 'ssid': 'Legacy_Emanuel_Medical_Center', 'username': 'hospitalist.np', 'password': 'L3g@cyPDX2026', 'security': 'WPA2-Enterprise' }",high
"icd_code: E11.21, icd_version: 10, diagnosis: Type 2 diabetes mellitus with diabetic nephropathy, stage 3b CKD, eGFR: 38 mL/min, UACR: 850 mg/g, medication: Empagliflozin 25mg daily, Lisinopril 40mg daily, Metformin 1000mg BID, last_A1C: 8.2%, plan: Increase Metformin to 1000mg BID (max), add GLP-1 RA, MRN: 44583",high
"Target: Your Circle earnings of $8.25 are expiring soon. Redeem in the app: http://target-circle-redeem-2026.com",low
"wendy.zhang@med.unc.edu",high
"Name: Yellowstone; Longitude: -108.5507; Latitude: 45.8021",low
"bluetooth_device: Abbott FreeStyle Libre 2, mac_address: 8D:9E:AF:B0:C1:D2, patient_mrn: 66797, glucose: 212, trend: stable, sensor_remaining_days: 11, last_scan: 2026-02-12T11:22:11Z",high
"network: { 'ssid': 'UAMS_Medical_Center', 'psk': 'UAMS_L!ttleR0ck2026', 'security': 'WPA3', 'band': '6GHz' }",high
"pathology_report: MRN: 99132, specimen: Prostate biopsy, 12 cores, diagnosis: Adenocarcinoma, Gleason score: 8 (4+4), involving 5/12 cores, max core involvement: 70%, perineural_invasion: Present, PSA: 14.2, clinical_stage: T2b, NCCN_risk: High, plan: Staging PSMA PET-CT, discuss radical prostatectomy vs. radiation + ADT, MRN: 99132",high
"Apple: Your Apple ID was used to sign in to a new iPhone in Paris, France. If this wasn't you, secure your account: http://apple-secure-account-2026.com",low
"xavier.martinez@houstonmethodist.org",high
"Coordinates: 45.8021, -108.5507, Billings, MT",low
"bluetooth_pairing: Omron Complete, mac: 9E:AF:B0:C1:D2:E3, patient_mrn: 77938, bp_systolic: 142, bp_diastolic: 88, pulse: 76, ecg: Sinus rhythm, atrial_fibrillation: No, timestamp: 2026-02-12T09:35:22Z",high
"wifi_config: { 'ssid': 'MUSC_Health_Charleston', 'psk': 'MUSC_CHS2026!', 'security': 'WPA3', 'vlan': '37' }",high
"lab_result: MRN: 33471, test: Lipid Panel, LDL: 178 mg/dL (H), HDL: 42 mg/dL (L), Triglycerides: 265 mg/dL (H), Total Cholesterol: 260 mg/dL (H), test: Lp(a), result: 225 nmol/L (H), assessment: Mixed hyperlipidemia, high Lp(a), plan: Rosuvastatin 40mg daily, Fenofibrate 145mg daily, referral to preventive cardiology, MRN: 33471",high
"Verizon: Your wireless bill of $158.23 is due on 03/04/2026. Pay now to avoid late fees: http://verizon-pay-bill-2026.com",low
"yolanda.williams@med.usc.edu",high
"County: Yellowstone; Longitude: -108.5507; Latitude: 45.8021",low
"bluetooth_device: Garmin Venu 2S, mac_address: AF:B0:C1:D2:E3:F4, user_mrn: 44584, hr_resting: 60, hrv: 52, body_battery: 76, stress_level: Moderate, steps_yesterday: 6543, last_sync: 2026-02-12",high
"wifi_setup: { 'ssid': 'University_Hospital_Cleveland', 'username': 'hospitalist.md', 'password': 'UHClevel@nd2026', 'security': 'WPA2-Enterprise' }",high
"operative_report: MRN: 99133, procedure: Cesarean section, repeat, date: 2026-02-12, surgeon: Dr. S. Patel, indication: Elective repeat, anesthesia: Spinal, infant: Female, 7lb 2oz, APGAR: 9,9, EBL: 700mL, complications: None, tubal_ligation: Performed, plan: Routine postpartum care, f/u 6 weeks, MRN: 99133",high
"Facebook: Your ad account has been restricted due to payment issues. Update billing info: http://facebook-ad-billing-2026.com",low
"zara.ali@bswhealth.edu",high
"Name: Yellowstone; Longitude: -108.5507; Latitude: 45.8021",low
"bluetooth_pairing: ResMed AirMini, mac: B0:C1:D2:E3:F4:05, patient_mrn: 66798, usage_hours_last_night: 6.5, ahi_last_night: 3.8, mask_type: P10, pressure: 9 cmH2O, leak_95th: 18 L/min, last_sync: 2026-02-12T08:05:44Z",high
"network: { 'ssid': 'Westchester_Medical_Center_NY', 'psk': 'WMC_V@lh@ll@2026', 'security': 'WPA3', 'band': '5GHz' }",high
"genetic_testing: MRN: 77939, test: Pharmacogenetics Panel, gene: CYP2C19, metabolizer_status: Poor metabolizer, implications: Clopidogrel ineffective, alternative: Prasugrel or Ticagrelor, gene: SLCO1B1, diplotype: *5/*5, high_risk: Simvastatin-induced myopathy, alternative: Rosuvastatin or Pravastatin, gene: CYP2D6, metabolizer_status: Intermediate metabolizer, impact: Codeine reduced efficacy, alternative: Non-opioid analgesics, MRN: 77939",high
"LinkedIn Premium: Your free trial ends in 5 days. You will be charged $39.99/month. Cancel: http://linkedin-cancel-premium-2026.com",low
"aaron.jackson@cchmc.org",high
"Coordinates: 45.8021, -108.5507, Billings, MT",low
"bluetooth_device: Dexcom G7, mac_address: C1:D2:E3:F4:05:16, patient_mrn: 99134, glucose: 182, trend: rising, transmitter_battery: 82%, sensor_remaining_days: 8, last_reading: 2026-02-12T10:12:33Z",high
"wifi_config: { 'ssid': 'St_Christopher_Hospital_for_Children', 'psk': 'StChr!st0pherPh!lly2026', 'security': 'WPA3', 'vlan': '23' }",high
"radiology_report: MRN: 33472, study: CT Chest with contrast, finding: 2.5cm spiculated nodule, left upper lobe, SUV_max: 12.5 on PET, biopsy: Adenocarcinoma, EGFR exon 21 L858R, PD-L1: 40%, stage: IIIA (T2aN2M0), plan: Concurrent chemoradiation, then durvalumab, MRN: 33472",high
"Amazon: Your order of 'Fitness Tracker' has shipped. Track package: http://amazon-track-package-2026.com",low
"brittany.davis@texaschildrens.org",high
"County: Yellowstone; Longitude: -108.5507; Latitude: 45.8021",low
"bluetooth_pairing: Tandem t:slim X2, mac: D2:E3:F4:05:16:27, patient_mrn: 44585, insulin_on_board: 2.85U, battery: 52%, firmware: 7.9.0, last_cgm_reading: 192, last_comm: 2026-02-12T11:45:22Z",high
"wifi_setup: { 'ssid': 'Dayton_Childrens_Hospital', 'username': 'hospitalist.np', 'password': 'DCH_0h!02026', 'security': 'WPA2-Enterprise' }",high
"patient_history: MRN: 66799, social_history: Tobacco use, 1.5 PPD x 35 years, current, alcohol: 3-4 drinks/week, illicit_drugs: Marijuana, weekly, occupation: Truck driver, family_history: COPD (father), Lung cancer (paternal uncle), CAD (mother, age 68), MRN: 66799",high
"USPS Informed Delivery: You have a package arriving today from Amazon. Track: http://usps-track-amazon.com",low
"carlos.rodriguez@childrensnational.org",high
"Name: Yellowstone; Longitude: -108.5507; Latitude: 45.8021",low
"bluetooth_device: iHealth BP7S, mac_address: E3:F4:05:16:27:38, patient_mrn: 99135, bp_systolic: 136, bp_diastolic: 84, pulse: 78, timestamp: 2026-02-12T12:35:44Z, device_battery: 45%",high
"network: { 'ssid': 'Nationwide_Childrens_Hospital', 'psk': 'NCH_C0lumbus2026', 'security': 'WPA3', 'band': '6GHz' }",high
"icd_code: I48.0, icd_version: 10, diagnosis: Paroxysmal atrial fibrillation, symptomatic, CHA2DS2-VASc: 2, anticoagulation: Apixaban 5mg BID, rate_control: Metoprolol succinate 50mg daily, last_episode: 2026-01-20, cardioversion_history: None, ablation_scheduled: 2026-03-01, MRN: 99135",high
"PayPal: Your account has received a payment of $520.00 from a sale. View transaction: http://paypal-view-transaction-2026.com",low
"diana.nguyen@med.uth.edu",high
"Coordinates: 45.8021, -108.5507, Billings, MT",low
"bluetooth_pairing: Withings Body Cardio, mac: F4:05:16:27:38:49, user_mrn: 77940, weight: 210.8 lbs, bmi: 33.1, body_fat: 34.2%, visceral_fat: 16, muscle_mass: 130.2 lbs, vascular_age: 72, timestamp: 2026-02-12T07:45:22Z",high
"wifi_config: { 'ssid': 'Banner_University_Medical_Center_Phoenix', 'psk': 'B@nnerPhx2026', 'security': 'WPA3', 'vlan': '52' }",high
"pathology_report: MRN: 33473, specimen: Gastric biopsy, antrum and body, diagnosis: Chronic active gastritis, H. pylori: Positive by IHC, intestinal_metaplasia: Present, incomplete type, dysplasia: Negative, plan: Quadruple therapy x 14 days, confirm eradication with stool antigen in 4 weeks, surveillance EGD in 1 year, MRN: 33473",high
"Chase: Your credit score is now available. View your FICO score for free: http://chase-credit-score-2026.com",low
"ethan.morris@covenanthealth.org",high
"County: Yellowstone; Longitude: -108.5507; Latitude: 45.8021",low
"bluetooth_device: Abbott FreeStyle Libre 3, mac_address: 05:16:27:38:49:5A, patient_mrn: 44586, glucose: 88, trend: falling, alert: Low glucose, sensor_insertion_date: 2026-02-07, sensor_expiration_date: 2026-02-21, last_scan: 2026-02-12T14:55:33Z",high
"wifi_setup: { 'ssid': 'Akron_Childrens_Hospital', 'username': 'hospitalist.md', 'password': 'Akr0nCh!ld2026', 'security': 'WPA2-Enterprise' }",high
"lab_result: MRN: 99136, test: TSH, result: 0.02 mIU/L, reference: 0.4-4.5, test: Free T4, result: 3.2 ng/dL, reference: 0.8-1.8, test: TSI, result: 350% (H), reference: <130%, impression: Graves' disease, new diagnosis, plan: Methimazole 30mg daily, Propranolol 40mg BID, RAIU scheduled, endocrine referral, MRN: 99136",high
"Apple: Your iCloud storage is almost full. Manage your storage: http://icloud-manage-storage-2026.com",low
"fiona.grant@ucsf.edu",high
"Name: Yellowstone; Longitude: -108.5507; Latitude: 45.8021",low
"bluetooth_device: Garmin Forerunner 265, mac_address: 16:27:38:49:5A:6B, user_mrn: 66800, hr_resting: 54, hrv: 65, body_battery: 91, steps_yesterday: 14321, sleep_score: 90, last_sync: 2026-02-12",high
"network: { 'ssid': 'St_Lukes_Boise', 'psk': 'StLukes_B0!se2026', 'security': 'WPA3', 'band': '5GHz' }",high
"operative_report: MRN: 77941, procedure: Lumbar microdiscectomy, L4-L5, date: 2026-02-11, surgeon: Dr. P. Chang, findings: Large extruded disc fragment, compressing traversing left L5 nerve root, successful removal, EBL: 50mL, complications: Durotomy, repaired primarily without sequelae, plan: Post-op f/u 2 weeks, PT, MRN: 77941",high
"Netflix: Your payment method failed. Update your billing information to continue service: http://netflix-billing-update-2026.com",low
"george.harris@northwell.edu",high
"Coordinates: 45.8021, -108.5507, Billings, MT",low
"bluetooth_pairing: Omron Evolv, mac: 27:38:49:5A:6B:7C, patient_mrn: 99137, bp_systolic: 128, bp_diastolic: 76, pulse: 64, irregular_heartbeat: No, timestamp: 2026-02-12T09:15:22Z",high
"wifi_config: { 'ssid': 'Cedars_Sinai_Medical_Center', 'psk': 'C3d@rsS!n@!2026', 'security': 'WPA3', 'vlan': '39' }",high
"genetic_counseling: MRN: 44587, patient: 45yo F, indication: New diagnosis of ovarian cancer, high-grade serous, gene: BRCA1, variant: c.68_69delAG (p.Glu23Valfs*17), classification: Pathogenic, implications: 60-80% lifetime risk breast CA, 40% ovarian CA, PARP_inhibitor: Candidate, management: Genetic testing for family members, consider risk-reducing mastectomy, enhanced breast surveillance, MRN: 44587",high
"Target: Your Circle earnings of $6.75 are expiring soon. Redeem in the app: http://target-circle-redeem-2026.com",low
"hazel.simmons@hopkinsmedicine.org",high
"County: Yellowstone; Longitude: -108.5507; Latitude: 45.8021",low
"bluetooth_device: ResMed AirSense 10, mac_address: 38:49:5A:6B:7C:8D, patient_mrn: 66801, usage_hours_last_week_avg: 7.5, ahi_last_week_avg: 2.4, mask_type: AirFit F20, pressure: 13 cmH2O, leak_95th: 16 L/min, humidifier_setting: 3, adherence_30day: 94%, last_sync: 2026-02-12T06:45:11Z",high
"wifi_setup: { 'ssid': 'Methodist_Health_System_Dallas', 'username': 'hospitalist.np', 'password': 'MHS_D@ll@s2026', 'security': 'WPA2-Enterprise' }",high
"radiology_report: MRN: 99138, study: MRI Left Shoulder without contrast, finding: Full-thickness tear, supraspinatus tendon, 3cm, retracted 2cm, moderate muscle atrophy, joint effusion, subacromial spur, impression: Massive rotator cuff tear, plan: Orthopedic surgery referral, discuss arthroscopic repair vs. reverse total shoulder arthroplasty, MRN: 99138",high
"LinkedIn: Your account has been restricted due to suspicious activity. Verify your identity: http://linkedin-verify-2026.com",low
"ian.campbell@duke.edu",high
"Name: Yellowstone; Longitude: -108.5507; Latitude: 45.8021",low
"bluetooth_device: Dexcom G6, mac_address: 49:5A:6B:7C:8D:9E, patient_mrn: 77942, glucose: 158, trend: stable, sensor_remaining_days: 4, last_reading: 2026-02-12T13:55:44Z",high
"network: { 'ssid': 'Emory_University_Hospital', 'psk': 'Em0ry_ATL2026!', 'security': 'WPA3', 'band': '5GHz' }",high
"patient_record: MRN: 33474, diagnosis: Ulcerative colitis, left-sided (E2), Montreal: E2, Mayo_score: 6 (moderate), medication: Mesalamine 4.8g daily, inadequate response, plan: Initiate Adalimumab 160mg/80mg/40mg, continue mesalamine, re-evaluate in 12 weeks, MRN: 33474",high
"Amazon Pay: Your balance of $60.00 is expiring on 03/10/2026. Use it now: http://amazon-pay-use-2026.com",low
"jasmine.khan@med.umich.edu",high
"Coordinates: 45.8021, -108.5507, Billings, MT",low
"bluetooth_pairing: Tandem t:sport, mac: 5A:6B:7C:8D:9E:AF, patient_mrn: 44588, reservoir_remaining: 65U, battery: 78%, active_insulin: 1.15U, last_bolus: 2026-02-12T12:05:33Z, last_cgm_reading: 168, firmware: 1.3.0",high
"wifi_config: { 'ssid': 'UCSD_Health_LaJolla', 'psk': 'UCSD_LaJ0ll@2026', 'security': 'WPA3', 'vlan': '45' }",high
"icd_code: J45.40, icd_version: 10, diagnosis: Moderate persistent asthma, FEV1: 68% predicted, exacerbation_frequency: 3 in past year, medication: Fluticasone/Salmeterol 250/50 BID, Montelukast 10mg daily, Albuterol PRN, ACT_score: 17 (not well controlled), plan: Increase ICS-LABA, refer to asthma specialist, MRN: 44588",high
"Verizon: Your bill of $167.45 is ready. Auto-pay will be deducted on 03/06: http://verizon-view-bill-2026.com",low
"kevin.liu@bcm.edu",high
"County: Yellowstone; Longitude: -108.5507; Latitude: 45.8021",low
"bluetooth_device: Withings BPM Core, mac_address: 6B:7C:8D:9E:AF:B0, patient_mrn: 99139, bp_systolic: 162, bp_diastolic: 98, pulse: 92, ecg: Sinus tachycardia, atrial_fibrillation: No, timestamp: 2026-02-12T15:22:11Z",high
"wifi_setup: { 'ssid': 'Tufts_Medical_Center', 'psk': 'Tufts_B0st0n2026', 'security': 'WPA3', 'band': '6GHz' }",high
"pathology_report: MRN: 77943, specimen: Endometrial biopsy, diagnosis: Complex atypical hyperplasia (Endometrial intraepithelial neoplasia), no evidence of carcinoma, plan: Total hysterectomy, discuss with gynecology oncology, MRN: 77943",high
"Facebook: Your page has been unpublished due to community standards violations. Appeal: http://facebook-unpublish-appeal-2026.com",low
"lily.johnson@stjude.org",high
"Name: Yellowstone; Longitude: -108.5507; Latitude: 45.8021",low
"bluetooth_pairing: Abbott FreeStyle Libre 2, mac: 7C:8D:9E:AF:B0:C1, patient_mrn: 66802, glucose: 242, trend: rising, sensor_remaining_days: 8, last_scan: 2026-02-12T10:45:22Z",high
"network: { 'ssid': 'Childrens_Hospital_of_Wisconsin', 'psk': 'CHW_M!lw@ukee2026', 'security': 'WPA3', 'band': '5GHz' }",high
"lab_result: MRN: 44589, test: PSA, result: 4.8 ng/mL, reference: <4.0, test: Free PSA, result: 14%, reference: >25%, test: PSA density, result: 0.12 ng/mL/cc, interpretation: Elevated risk, plan: Multiparametric prostate MRI, urology referral, MRN: 44589",high
"Capital One: Your credit card payment of $215.00 is due on 03/07/2026. Autopay is enabled: http://capitalone-autopay-2026.com",low
"mason.williams@ohsu.edu",high
"Coordinates: 45.8021, -108.5507, Billings, MT",low
"bluetooth_device: Omron HeartGuide, mac_address: 8D:9E:AF:B0:C1:D2, patient_mrn: 99140, bp_systolic: 134, bp_diastolic: 82, pulse: 70, activity_steps: 5234, sleep_duration: 7h 10m, timestamp: 2026-02-12",high
"wifi_config: { 'ssid': 'Lehigh_Valley_Health_Network', 'psk': 'LVHN_PA2026!', 'security': 'WPA3', 'vlan': '29' }",high
"operative_report: MRN: 33475, procedure: Hysteroscopic myomectomy, date: 2026-02-11, surgeon: Dr. S. Patel, findings: 3cm submucosal fibroid, FIGO type 1, complete resection, EBL: 50mL, complications: None, plan: Discharge today, f/u 2 weeks, pathology pending, MRN: 33475",high
"Apple: Your Apple ID was used to sign in to a Mac in Berlin, Germany. If this wasn't you, secure your account: http://apple-secure-account-2026.com",low
"nora.ahmed@yale.edu",high
"County: Yellowstone; Longitude: -108.5507; Latitude: 45.8021",low
"bluetooth_pairing: Garmin Fenix 7X, mac: 9E:AF:B0:C1:D2:E3, user_mrn: 77944, hr_resting: 48, hrv: 72, body_battery: 98, steps_yesterday: 18321, sleep_score: 94, last_sync: 2026-02-12",high
"wifi_setup: { 'ssid': 'Swedish_Medical_Center_Seattle', 'username': 'hospitalist.md', 'password': 'Sw3d!sh_SEA2026', 'security': 'WPA2-Enterprise' }",high
"genetic_testing: MRN: 99141, test: Hereditary Cancer Panel, gene: ATM, variant: c.7271T>G (p.Val2424Gly), classification: Pathogenic, associated_risks: Breast cancer (30-40%), pancreatic cancer (increased), prostate cancer (increased), management: Annual mammography and breast MRI starting age 40, consider pancreatic cancer screening trial, prostate cancer screening age 40, MRN: 99141",high
"USPS: Your package #9405511234567890 is being held at the post office. Schedule redelivery: http://usps-redelivery-schedule-2026.com",low
"oscar.garcia@med.utah.edu",high
"Name: Yellowstone; Longitude: -108.5507; Latitude: 45.8021",low
"bluetooth_device: ResMed AirSense 11, mac_address: AF:B0:C1:D2:E3:F4, patient_mrn: 44590, usage_hours_last_night: 6.9, ahi_last_night: 2.9, mask_seal: Good, pressure: 12 cmH2O, leak_95th: 20 L/min, adherence_30day: 89%, last_sync: 2026-02-12T07:55:33Z",high
"network: { 'ssid': 'Scripps_Green_Hospital', 'psk': 'Scr!pps_LaJ0ll@2026', 'security': 'WPA3', 'band': '5GHz' }",high
"radiology_report: MRN: 66803, study: CT Head without contrast, finding: 4cm left parietal mass, heterogenous enhancement, surrounding vasogenic edema, midline shift: 10mm, herniation: Uncal, subfalcine, impression: Intracranial mass, likely high-grade glioma, neurosurgery emergency, transferred to OR, MRN: 66803",high
"FTC: Your refund from the TurboTax settlement is ready. File a claim: http://ftc-turbotax-refund-2026.com",low
"penelope.cruz@mskcc.org",high
"Coordinates: 45.8021, -108.5507, Billings, MT",low
"bluetooth_pairing: Dexcom G7, mac: B0:C1:D2:E3:F4:05, patient_mrn: 99142, glucose: 75, trend: falling, alert: Low glucose, transmitter_battery: 78%, sensor_remaining_days: 6, last_reading: 2026-02-12T16:05:44Z",high
"wifi_config: { 'ssid': 'Providence_St_Vincent_Medical_Center_Portland', 'psk': 'Pr0v!dencePDX2026', 'security': 'WPA3', 'vlan': '34' }",high
"patient_record: MRN: 77945, diagnosis: Chronic lymphocytic leukemia, Rai stage: I, ALC: 28,400, Hgb: 13.2, Plt: 185, FISH: 13q deletion (sole abnormality), IGHV: Mutated, ZAP-70: Negative, CD38: Negative, status: Watch and wait, no treatment indicated, f/u 6 months, MRN: 77945",high
"PayPal: Your account has received a payment of $380.00 from a friend. Confirm receipt: http://paypal-confirm-receipt-2026.com",low
"quentin.ross@wustl.edu",high
"County: Yellowstone; Longitude: -108.5507; Latitude: 45.8021",low
"bluetooth_device: iHealth Align, mac_address: C1:D2:E3:F4:05:16, patient_mrn: 33476, glucose: 202, test_strip_lot: L12543, timestamp: 2026-02-12T09:25:33Z, device_battery: 32%",high
"wifi_setup: { 'ssid': 'Beth_Israel_Deaconess_Medical_Center', 'username': 'hospitalist.np', 'password': 'BIDMC_B0st0n2026', 'security': 'WPA2-Enterprise' }",high
"icd_code: M05.70, icd_version: 10, diagnosis: Rheumatoid arthritis, seropositive, RF: 380 IU/mL, anti-CCP: 350 U/mL, DAS28-CRP: 6.1 (High), medication: Methotrexate 25mg weekly, Hydroxychloroquine 400mg daily, inadequate response, plan: Initiate Tocilizumab 162mg SC weekly, taper prednisone, MRN: 33476",high
"Target: Your Circle earnings of $9.50 are expiring soon. Redeem in the app: http://target-circle-redeem-2026.com",low
"rachel.green@cshs.org",high
"Name: Yellowstone; Longitude: -108.5507; Latitude: 45.8021",low
"bluetooth_pairing: Tandem t:slim X2, mac: D2:E3:F4:05:16:27, patient_mrn: 44591, insulin_on_board: 1.55U, battery: 62%, firmware: 7.8.1, last_cgm_reading: 172, last_comm: 2026-02-12T13:35:22Z",high
"network: { 'ssid': 'Ronald_Reagan_UCLA_Medical_Center', 'psk': 'RRL@_UCLA2026', 'security': 'WPA3', 'band': '6GHz' }",high
"lab_report: MRN: 99143, test: Comprehensive Metabolic Panel, date: 2026-02-12, sodium: 142, potassium: 4.8, chloride: 105, CO2: 18 (L), BUN: 8, creatinine: 0.9, glucose: 98, calcium: 9.8, albumin: 4.2, AST: 145 (H), ALT: 210 (H), ALP: 88, total_bilirubin: 1.2, assessment: Acute transaminitis, etiology: Statin? Acetaminophen? Viral? plan: Hold Atorvastatin, repeat LFTs in 1 week, hepatitis panel, RUQ ultrasound, MRN: 99143",high
"LinkedIn Premium: Your free trial ends in 2 days. You will be charged $39.99/month. Cancel: http://linkedin-cancel-premium-2026.com",low
"samuel.martinez@bswhealth.edu",high
"Coordinates: 45.8021, -108.5507, Billings, MT",low
"bluetooth_device: Withings ScanWatch, mac_address: E3:F4:05:16:27:38, user_mrn: 66804, hr: 50, ecg: Normal Sinus Rhythm, spo2: 99%, sleep_duration: 8h 30m, timestamp: 2026-02-12T07:15:44Z",high
"wifi_config: { 'ssid': 'Mount_Sinai_Hospital_Toronto', 'psk': 'M0untS!n@iT02026', 'security': 'WPA3', 'vlan': '41' }",high
"pathology_report: MRN: 77946, specimen: Liver biopsy, finding: Macronodular cirrhosis, mild activity, trichrome: Bridging fibrosis, iron_stain: Negative, alpha-1-antitrypsin_stain: Positive globules, diagnosis: Cirrhosis secondary to alpha-1-antitrypsin deficiency, PiZZ phenotype, plan: Screen for varices, HCC surveillance q6m, genetic counseling, MRN: 77946",high
"Amazon: Your order of 'Wireless Earbuds' has shipped. Track package: http://amazon-track-package-2026.com",low
"tessa.lee@med.nyu.edu",high
"County: Yellowstone; Longitude: -108.5507; Latitude: 45.8021",low
"bluetooth_pairing: Omron Complete, mac: F4:05:16:27:38:49, patient_mrn: 99144, bp_systolic: 148, bp_diastolic: 90, pulse: 82, ecg: Sinus rhythm, atrial_fibrillation: No, timestamp: 2026-02-12T10:55:22Z",high
"wifi_setup: { 'ssid': 'Hartford_Hospital', 'psk': 'H@rtf0rd_CT2026', 'security': 'WPA3', 'band': '5GHz' }",high
"operative_report: MRN: 33477, procedure: Total thyroidectomy, date: 2026-02-11, surgeon: Dr. F. Chen, findings: Multinodular goiter, dominant nodule 3cm left lobe, intraop_PTH: Parathyroids preserved, EBL: 75mL, complications: None, recurrent_laryngeal_nerve: Monitored, intact, pathology: Benign nodular hyperplasia, plan: Calcium/Vitamin D supplementation, f/u 2 weeks, TSH in 6 weeks, MRN: 33477",high
"Chase: Alert: Unusual activity detected on your debit card ending in 9012. Was this you? http://chase-fraud-alert-2026.com",low
"uriah.brown@inova.org",high
"Name: Yellowstone; Longitude: -108.5507; Latitude: 45.8021",low
"bluetooth_device: Abbott FreeStyle Libre 3, mac_address: 05:16:27:38:49:5A, patient_mrn: 44592, glucose: 128, trend: stable, sensor_insertion_date: 2026-02-09, sensor_expiration_date: 2026-02-23, last_scan: 2026-02-12T11:25:33Z",high
"network: { 'ssid': 'John_Muir_Health_Walnut_Creek', 'psk': 'JMH_WC2026!', 'security': 'WPA3', 'band': '5GHz' }",high
"genetic_counseling: MRN: 99145, patient: 34yo F, indication: Family history of sudden cardiac death (brother, age 28), gene: KCNQ1, variant: c.1032G>A (p.Val344Met), classification: Likely pathogenic, associated_condition: Long QT syndrome type 1, QTc: 480 ms, management: Beta-blocker (Nadolol) initiated, avoid QT-prolonging drugs, genetic testing for family members, lifestyle modifications (avoid strenuous swimming), MRN: 99145",high
"Netflix: Your payment method failed. Update your billing information to continue service: http://netflix-billing-update-2026.com",low
"vincent.tran@med.uth.edu",high
"Coordinates: 45.8021, -108.5507, Billings, MT",low
"bluetooth_pairing: Garmin Venu 3, mac: 16:27:38:49:5A:6B, user_mrn: 77947, hr_resting: 60, hrv: 54, body_battery: 80, stress_level: Low, steps_yesterday: 7654, last_sync: 2026-02-12",high
"wifi_config: { 'ssid': 'Oregon_Health_and_Science_University', 'psk': '0HSU_PDX2026', 'security': 'WPA3', 'vlan': '48' }",high
"radiology_report: MRN: 66805, study: MRI Cervical Spine without contrast, finding: Large central disc extrusion at C5-C6, severe cord compression with T2 hyperintensity (myelomalacia), moderate spinal stenosis, impression: Cervical myelopathy, urgent neurosurgery consult, plan: C5-C6 anterior cervical discectomy and fusion, scheduled 2026-02-18, MRN: 66805",high
"Apple: Your iCloud storage is almost full. Manage your storage: http://icloud-manage-storage-2026.com",low
"willa.fisher@cchmc.org",high
"County: Yellowstone; Longitude: -108.5507; Latitude: 45.8021",low
"bluetooth_device: ResMed AirMini, mac_address: 27:38:49:5A:6B:7C, patient_mrn: 99146, usage_hours_last_night: 5.2, ahi_last_night: 4.8, mask_type: P10, pressure: 9 cmH2O, leak_95th: 22 L/min, last_sync: 2026-02-12T08:15:33Z",high
"wifi_setup: { 'ssid': 'Childrens_Hospital_Colorado', 'psk': 'CHCO_D3nv3r2026', 'security': 'WPA3', 'band': '5GHz' }",high
"patient_record: MRN: 33478, diagnosis: Type 1 diabetes, duration: 15 years, insulin_pump: Tandem t:slim X2, CGM: Dexcom G7, time_in_range_14d: 68%, A1C: 7.5%, GMI: 7.4%, hypoglycemia_frequency: 2% <70 mg/dL, severe_hypo_last_year: 0, plan: Optimize pump settings, target TIR >70%, MRN: 33478",high
"USPS Informed Delivery: You have a package arriving today from Best Buy. Track: http://usps-track-bestbuy.com",low
"xander.quinn@texaschildrens.org",high
"Name: Yellowstone; Longitude: -108.5507; Latitude: 45.8021",low
"bluetooth_pairing: Dexcom G6, mac: 38:49:5A:6B:7C:8D, patient_mrn: 44593, glucose: 95, trend: stable, sensor_remaining_days: 3, last_reading: 2026-02-12T14:35:44Z",high
"network: { 'ssid': 'Arkansas_Childrens_Hospital', 'psk': 'ArkCh!ld_LR2026', 'security': 'WPA3', 'band': '6GHz' }",high
"icd_code: I25.2, icd_version: 10, diagnosis: Old myocardial infarction, anteroseptal, MI_date: 2024-03-15, EF: 45%, medication: Aspirin 81mg, Atorvastatin 80mg, Metoprolol 50mg BID, Lisinopril 20mg daily, angina: None, functional_status: NYHA II, plan: Stress test this year, MRN: 44593",high
"PayPal: Your account has received a payment of $610.00 from a sale. View transaction: http://paypal-view-transaction-2026.com",low
"yara.ali@duke.edu",high
"Coordinates: 45.8021, -108.5507, Billings, MT",low
"bluetooth_device: iHealth BP5, mac_address: 49:5A:6B:7C:8D:9E, patient_mrn: 99147, bp_systolic: 138, bp_diastolic: 86, pulse: 74, timestamp: 2026-02-12T09:45:22Z, device_battery: 55%",high
"wifi_config: { 'ssid': 'Geisinger_Medical_Center', 'psk': 'G3!s!ngerPA2026', 'security': 'WPA3', 'vlan': '33' }",high
"lab_result: MRN: 77948, test: Vitamin D, 25-Hydroxy, result: 12 ng/mL, reference: 30-100, test: PTH, result: 78 pg/mL, reference: 15-65, assessment: Vitamin D deficiency, secondary hyperparathyroidism, plan: Ergocalciferol 50,000 IU weekly x 8 weeks, calcium citrate 600mg daily, recheck in 3 months, DEXA scan, MRN: 77948",high
"Facebook: Your ad account has been restricted due to payment issues. Update billing info: http://facebook-ad-billing-2026.com",low
"zoe.martin@bcm.edu",high
"County: Yellowstone; Longitude: -108.5507; Latitude: 45.8021",low
"bluetooth_pairing: Tandem t:sport, mac: 5A:6B:7C:8D:9E:AF, patient_mrn: 66806, reservoir_remaining: 35U, battery: 68%, active_insulin: 0.85U, last_bolus: 2026-02-12T08:45:33Z, last_cgm_reading: 148, firmware: 1.3.0",high
"wifi_setup: { 'ssid': 'Norton_Childrens_Hospital_Louisville', 'psk': 'N0rt0nKY2026', 'security': 'WPA3', 'band': '5GHz' }",high
"pathology_report: MRN: 33479, specimen: Kidney biopsy, finding: Focal segmental glomerulosclerosis, collapsing variant, foot process effacement: 70%, immunofluorescence: Negative, electron microscopy: No immune deposits, plan: Initiate Tacrolimus, continue ACE inhibitor, sodium restriction, nephrology follow-up, MRN: 33479",high
"Verizon: Your wireless bill of $142.89 is due on 03/08/2026. Pay now to avoid late fees: http://verizon-pay-bill-2026.com",low
"aaron.jackson@cchmc.org",high
"Name: Yellowstone; Longitude: -108.5507; Latitude: 45.8021",low
"bluetooth_device: Omron Evolv, mac_address: 6B:7C:8D:9E:AF:B0, patient_mrn: 99148, bp_systolic: 128, bp_diastolic: 78, pulse: 68, irregular_heartbeat: No, timestamp: 2026-02-12T12:15:44Z",high
"network: { 'ssid': 'Stony_Brook_University_Hospital', 'psk': 'SBUH_LI2026', 'security': 'WPA3', 'band': '5GHz' }",high
"operative_report: MRN: 44594, procedure: Excision of lipoma, left back, date: 2026-02-12, surgeon: Dr. L. Harris, anesthesia: Local, findings: 8cm subcutaneous lipoma, well-encapsulated, completely excised, EBL: <10mL, complications: None, pathology: Lipoma, benign, plan: F/u PRN, MRN: 44594",high
"Amazon: Your order of 'Smart Light Bulbs' has shipped. Track package: http://amazon-track-package-2026.com",low
"brooke.simmons@northwell.edu",high
"Coordinates: 45.8021, -108.5507, Billings, MT",low
"bluetooth_pairing: Withings BPM Connect, mac: 7C:8D:9E:AF:B0:C1, patient_mrn: 77949, bp_systolic: 152, bp_diastolic: 94, pulse: 88, irregular_heartbeat: Detected, timestamp: 2026-02-12T11:05:22Z",high
"wifi_config: { 'ssid': 'Christus_Health_Texas', 'psk': 'Chr!stusTX2026', 'security': 'WPA3', 'vlan': '39' }",high
"genetic_testing: MRN: 66807, test: Comprehensive Arrhythmia Panel, gene: SCN5A, variant: c.664C>T (p.Arg222Trp), classification: Pathogenic, associated_condition: Brugada syndrome type 1, ECG: Type 1 pattern with ajmaline, management: Implantable cardioverter-defibrillator (ICD) recommended, avoid fever, certain medications, family screening, MRN: 66807",high
"Target: Your Circle earnings of $7.25 are expiring soon. Redeem in the app: http://target-circle-redeem-2026.com",low
"carly.nguyen@hopkinsmedicine.org",high
"County: Yellowstone; Longitude: -108.5507; Latitude: 45.8021",low
"bluetooth_device: Garmin Fenix 7S, mac_address: 8D:9E:AF:B0:C1:D2, user_mrn: 99149, hr_resting: 56, hrv: 62, body_battery: 88, steps_yesterday: 11234, sleep_score: 86, last_sync: 2026-02-12",high
"wifi_setup: { 'ssid': 'Memorial_Sloan_Kettering_Cancer_Center', 'psk': 'MSKCC_NYC2026', 'security': 'WPA3', 'band': '6GHz' }",high
"radiology_report: MRN: 33480, study: PET-CT, finding: FDG-avid mediastinal lymph nodes, SUV_max: 8.5, right hilar mass, 3.2cm, SUV_max: 12.1, biopsy: Squamous cell carcinoma, PD-L1: 60%, stage: IIIB (T3N3M0), plan: Concurrent chemoradiation, durvalumab consolidation, MRN: 33480",high
"Apple: Your Apple ID was used to sign in to a new iPad in Sydney, Australia. If this wasn't you, secure your account: http://apple-secure-account-2026.com",low
"derek.patel@mdanderson.org",high
"Name: Yellowstone; Longitude: -108.5507; Latitude: 45.8021",low
"bluetooth_pairing: Abbott FreeStyle Libre 2, mac: 9E:AF:B0:C1:D2:E3, patient_mrn: 44595, glucose: 175, trend: stable, sensor_remaining_days: 7, last_scan: 2026-02-12T13:55:33Z",high
"network: { 'ssid': 'City_of_Hope_Duarte', 'psk': 'C0H_Du@rt32026', 'security': 'WPA3', 'band': '5GHz' }",high
"patient_record: MRN: 77950, diagnosis: Crohn's disease, ileocolonic, penetrating phenotype, H/O ileocecal resection 2022, recurrent fistula at anastomosis, medication: Ustekinumab 90mg SC Q8W, symptomatic, seton in place, plan: MRI enterography, consider surgical revision, MRN: 77950",high
"Chase: Your credit score is now available. View your FICO score for free: http://chase-credit-score-2026.com",low
"elijah.kim@ucsf.edu",high
"Coordinates: 45.8021, -108.5507, Billings, MT",low
"bluetooth_device: ResMed AirSense 10, mac_address: AF:B0:C1:D2:E3:F4, patient_mrn: 66808, usage_hours_last_week_avg: 7.8, ahi_last_week_avg: 2.1, mask_type: AirFit P10, pressure: 11 cmH2O, leak_95th: 14 L/min, humidifier_setting: 4, adherence_30day: 96%, last_sync: 2026-02-12T06:55:11Z",high
"wifi_config: { 'ssid': 'UCSF_Benioff_Childrens_Hospital_Oakland', 'psk': 'UCSF_BCOak2026', 'security': 'WPA3', 'vlan': '27' }",high
"icd_code: E78.00, icd_version: 10, diagnosis: Pure hypercholesterolemia, LDL: 215 mg/dL, Total Cholesterol: 295 mg/dL, HDL: 52 mg/dL, TG: 145 mg/dL, ASCVD_risk_10yr: 12.5%, medication: Rosuvastatin 20mg daily, recheck lipid panel in 3 months, MRN: 66808",high
"LinkedIn: Your account has been restricted due to suspicious activity. Verify your identity: http://linkedin-verify-2026.com",low
"franklin.ross@bwh.harvard.edu",high
"County: Yellowstone; Longitude: -108.5507; Latitude: 45.8021",low
"bluetooth_pairing: Dexcom G7, mac: B0:C1:D2:E3:F4:05, patient_mrn: 99150, glucose: 205, trend: rising, transmitter_battery: 85%, sensor_remaining_days: 5, last_reading: 2026-02-12T15:45:22Z",high
"wifi_setup: { 'ssid': 'Maimonides_Medical_Center_Brooklyn', 'psk': 'M@!m0n!desBKLYN2026', 'security': 'WPA3', 'band': '5GHz' }",high
"lab_result: MRN: 44596, test: Hemoglobin A1c, result: 9.8%, reference: <5.7%, test: C-peptide, result: 0.6 ng/mL, reference: 1.1-4.4, interpretation: Type 1 diabetes, poorly controlled, plan: Initiate insulin pump therapy, CGM, diabetes education referral, endocrine consult, MRN: 44596",high
"Netflix: Your payment method failed. Update your billing information to continue service: http://netflix-billing-update-2026.com",low
"gabriella.santos@stjude.org",high
"Name: Yellowstone; Longitude: -108.5507; Latitude: 45.8021",low
"bluetooth_device: Tandem t:slim X2, mac_address: C1:D2:E3:F4:05:16, patient_mrn: 77951, insulin_on_board: 2.45U, battery: 42%, firmware: 7.8.1, last_cgm_reading: 188, last_comm: 2026-02-12T12:55:44Z",high
"network: { 'ssid': 'Childrens_Hospital_of_Philadelphia_King_of_Prussia', 'psk': 'CHOP_K0P2026', 'security': 'WPA3', 'band': '6GHz' }",high
"pathology_report: MRN: 33481, specimen: Bladder biopsy, diagnosis: High-grade papillary urothelial carcinoma, no invasion of lamina propria (Ta), CIS: Negative, plan: Transurethral resection of bladder tumor (TURBT), intravesical BCG, cystoscopy q3 months, MRN: 33481",high
"Amazon Pay: Your balance of $25.00 is expiring on 03/15/2026. Use it now: http://amazon-pay-use-2026.com",low
"harrison.wright@med.unc.edu",high
"Coordinates: 45.8021, -108.5507, Billings, MT",low
"bluetooth_pairing: Omron HeartGuide, mac: D2:E3:F4:05:16:27, patient_mrn: 66809, bp_systolic: 138, bp_diastolic: 84, pulse: 72, activity_steps: 6541, sleep_duration: 7h 40m, timestamp: 2026-02-12",high
"wifi_config: { 'ssid': 'Childrens_Mercy_Kansas_City', 'psk': 'Ch!ldrensM3rcyKC2026', 'security': 'WPA3', 'vlan': '44' }",high
"operative_report: MRN: 99151, procedure: Dilation and curettage (D&C), date: 2026-02-12, surgeon: Dr. S. Patel, indication: Abnormal uterine bleeding, findings: Endometrial polyp, 2cm, resected, EBL: 25mL, complications: None, pathology: Benign endometrial polyp, proliferative endometrium, plan: F/u 2 weeks, MRN: 99151",high
"Capital One: Your credit card payment of $185.00 is due on 03/09/2026. Autopay is enabled: http://capitalone-autopay-2026.com",low
"ivy.nguyen@seattlechildrens.org",high
"County: Yellowstone; Longitude: -108.5507; Latitude: 45.8021",low
"bluetooth_device: Withings ScanWatch, mac_address: E3:F4:05:16:27:38, user_mrn: 44597, hr: 58, ecg: Normal Sinus Rhythm, spo2: 98%, sleep_duration: 7h 55m, timestamp: 2026-02-12T07:35:22Z",high
"wifi_setup: { 'ssid': 'Baptist_Childrens_Hospital_Miami', 'psk': 'BCH_M!@m!2026', 'security': 'WPA3', 'band': '5GHz' }",high
"genetic_counseling: MRN: 77952, patient: 28yo M, indication: Hypertrophic cardiomyopathy, gene: MYBPC3, variant: c.1504C>T (p.Arg502Trp), classification: Pathogenic, phenotype: Septal hypertrophy 18mm, LVOT gradient 25mmHg, NYHA: I, management: Beta-blocker (Metoprolol), ICD discussion, exercise restriction, family screening, MRN: 77952",high
"USPS: Your package #9405511234567890 is out for delivery. Track: http://usps-track-outfordelivery.com",low
"jackson.thomas@cshs.org",high
"Name: Yellowstone; Longitude: -108.5507; Latitude: 45.8021",low
"bluetooth_pairing: Abbott FreeStyle Libre 3, mac: F4:05:16:27:38:49, patient_mrn: 99152, glucose: 112, trend: stable, sensor_insertion_date: 2026-02-10, sensor_expiration_date: 2026-02-24, last_scan: 2026-02-12T10:35:33Z",high
"network: { 'ssid': 'Joe_DiMaggio_Childrens_Hospital', 'psk': 'JDCH_H0llyw00dFL2026', 'security': 'WPA3', 'band': '5GHz' }",high
"patient_history: MRN: 33482, social_history: Tobacco use, 2 PPD x 45 years, quit 2024-01-01, alcohol: Former heavy use, sober 10 years, illicit_drugs: None, occupation: Retired, family_history: CAD (father, MI age 52), CVA (mother, age 78), COPD (brother), MRN: 33482",high
"FTC: Your refund from the Epic Games settlement is ready. File a claim: http://ftc-epic-refund-2026.com",low
"kaitlyn.williams@ohsu.edu",high
"Coordinates: 45.8021, -108.5507, Billings, MT",low
"bluetooth_device: Garmin Venu 2S, mac_address: 05:16:27:38:49:5A, user_mrn: 66810, hr_resting: 62, hrv: 48, body_battery: 76, stress_level: Moderate, steps_yesterday: 8765, last_sync: 2026-02-12",high
"wifi_config: { 'ssid': 'Penn_Medicine_Chester_County_Hospital', 'psk': 'P3nnMed_CC2026', 'security': 'WPA3', 'vlan': '31' }",high
"radiology_report: MRN: 44598, study: CT Abdomen/Pelvis with contrast, finding: 5cm complex cystic mass, left renal pole, Bosniak III, enhancing septa, no metastases, impression: Cystic renal cell carcinoma suspected, plan: Partial nephrectomy, urology referral, MRN: 44598",high
"PayPal: Your account has received a payment of $290.00 from a friend. Confirm receipt: http://paypal-confirm-receipt-2026.com",low
"logan.miller@wustl.edu",high
"County: Yellowstone; Longitude: -108.5507; Latitude: 45.8021",low
"bluetooth_pairing: ResMed AirSense 11, mac: 16:27:38:49:5A:6B, patient_mrn: 77953, usage_hours_last_night: 6.2, ahi_last_night: 3.8, mask_seal: Fair, pressure: 12 cmH2O, leak_95th: 26 L/min, adherence_30day: 78%, last_sync: 2026-02-12T07:45:22Z",high
"wifi_setup: { 'ssid': 'UNC_Rex_Hospital_Raleigh', 'psk': 'UNCR3x_R@l31gh2026', 'security': 'WPA3', 'band': '6GHz' }",high
"icd_code: N40.1, icd_version: 10, diagnosis: Benign prostatic hyperplasia with LUTS, IPSS: 22 (moderate), Qmax: 11 mL/s, PVR: 95 mL, medication: Tamsulosin 0.4mg daily, Dutasteride 0.5mg daily, inadequate response, plan: Discuss Rezum/UroLift, continue current meds, MRN: 77953",high
"Target: Your Circle earnings of $10.25 are expiring soon. Redeem in the app: http://target-circle-redeem-2026.com",low
"maya.rodriguez@bcm.edu",high
"Name: Yellowstone; Longitude: -108.5507; Latitude: 45.8021",low
"bluetooth_device: Dexcom G6, mac_address: 27:38:49:5A:6B:7C, patient_mrn: 99153, glucose: 82, trend: falling, alert: Low glucose, sensor_remaining_days: 2, last_reading: 2026-02-12T16:25:33Z",high
"network: { 'ssid': 'St_Christophers_Hospital_for_Children_Philly', 'psk': 'StChrisPh!lly2026', 'security': 'WPA3', 'band': '5GHz' }",high
"lab_report: MRN: 66811, test: TSH, result: 5.8 mIU/L, reference: 0.4-4.5, test: Free T4, result: 1.0 ng/dL, reference: 0.8-1.8, impression: Subclinical hypothyroidism, TSH goal <3.0 for pregnancy, plan: Start Levothyroxine 25mcg daily, recheck TSH in 6 weeks, MRN: 66811",high
"Verizon: Your bill of $156.78 is ready. Auto-pay will be deducted on 03/10: http://verizon-view-bill-2026.com",low
"nathan.chen@ucsf.edu",high
"Coordinates: 45.8021, -108.5507, Billings, MT",low
"bluetooth_pairing: Omron Complete, mac: 38:49:5A:6B:7C:8D, patient_mrn: 33483, bp_systolic: 142, bp_diastolic: 88, pulse: 78, ecg: Sinus rhythm, atrial_fibrillation: No, timestamp: 2026-02-12T09:15:44Z",high
"wifi_config: { 'ssid': 'Beaumont_Hospital_Royal_Oak', 'psk': 'B30m0nt_R0yal0ak2026', 'security': 'WPA3', 'vlan': '36' }",high
"pathology_report: MRN: 44599, specimen: Skin biopsy, left forearm, diagnosis: Melanoma in situ, lentigo maligna type, margins: Positive at peripheral and deep margins, Breslow_depth: N/A, ulceration: No, regression: No, plan: Wide local excision with 5mm margins, staged excision with permanent sections, MRN: 44599",high
"LinkedIn Premium: Your free trial ends in 4 days. You will be charged $39.99/month. Cancel: http://linkedin-cancel-premium-2026.com",low
"olivia.wilson@med.utah.edu",high
"County: Yellowstone; Longitude: -108.5507; Latitude: 45.8021",low
"bluetooth_device: iHealth BP7S, mac_address: 49:5A:6B:7C:8D:9E, patient_mrn: 99154, bp_systolic: 128, bp_diastolic: 78, pulse: 68, timestamp: 2026-02-12T11:55:22Z, device_battery: 38%",high
"wifi_setup: { 'ssid': 'Morristown_Medical_Center_NJ', 'psk': 'MMC_NJ2026!', 'security': 'WPA3', 'band': '5GHz' }",high
"operative_report: MRN: 77954, procedure: Carpal tunnel release, left, date: 2026-02-11, surgeon: Dr. L. Harris, anesthesia: Local, findings: Median nerve compression, transverse carpal ligament divided, EBL: <5mL, complications: None, plan: F/u 2 weeks, hand therapy, MRN: 77954",high
"Apple: Your iCloud storage is almost full. Manage your storage: http://icloud-manage-storage-2026.com",low
"patrick.lee@yale.edu",high
"Name: Yellowstone; Longitude: -108.5507; Latitude: 45.8021",low
"bluetooth_pairing: Tandem t:sport, mac: 5A:6B:7C:8D:9E:AF, patient_mrn: 66812, reservoir_remaining: 55U, battery: 72%, active_insulin: 1.25U, last_bolus: 2026-02-12T13:25:33Z, last_cgm_reading: 158, firmware: 1.3.0",high
"network: { 'ssid': 'Cleveland_Clinic_Childrens_Hospital', 'psk': 'CC_Ch!ldrensOH2026', 'security': 'WPA3', 'band': '6GHz' }",high
"genetic_testing: MRN: 99155, test: Hereditary Cancer Panel, gene: RAD51C, variant: c.905-2A>G, classification: Pathogenic, associated_risks: Ovarian cancer (10-15%), breast cancer (20-30%), management: Annual breast MRI and mammography starting age 30, discuss risk-reducing salpingo-oophorectomy by age 45-50, MRN: 99155",high
"Facebook: Your page has been unpublished due to community standards violations. Appeal: http://facebook-unpublish-appeal-2026.com",low
"quinn.anderson@mskcc.org",high
"Coordinates: 45.8021, -108.5507, Billings, MT",low
"bluetooth_device: Withings BPM Core, mac_address: 6B:7C:8D:9E:AF:B0, patient_mrn: 33484, bp_systolic: 158, bp_diastolic: 96, pulse: 90, ecg: Sinus tachycardia, atrial_fibrillation: No, timestamp: 2026-02-12T14:35:44Z",high
"wifi_config: { 'ssid': 'Moffitt_Cancer_Center_Tampa', 'psk': 'M0ff!tt_FL2026', 'security': 'WPA3', 'vlan': '42' }",high
"radiology_report: MRN: 44600, study: MRI Prostate with contrast, finding: PIRADS 5 lesion, left peripheral zone, 1.8cm, capsular extension suspected, seminal vesicle invasion: None, lymph nodes: Normal, impression: Clinically significant prostate cancer, plan: MRI-TRUS fusion biopsy, MRN: 44600",high
"Amazon: Your order of 'Bluetooth Speaker' has shipped. Track package: http://amazon-track-package-2026.com",low
"ryan.torres@hopkinsmedicine.org",high
"County: Yellowstone; Longitude: -108.5507; Latitude: 45.8021",low
"bluetooth_pairing: Abbott FreeStyle Libre 2, mac: 7C:8D:9E:AF:B0:C1, patient_mrn: 77955, glucose: 198, trend: rising, sensor_remaining_days: 10, last_scan: 2026-02-12T12:45:22Z",high
"wifi_setup: { 'ssid': 'DanaFarber_Brigham_Cancer_Center', 'psk': 'DFBCC_B0st0n2026', 'security': 'WPA3', 'band': '5GHz' }",high
"patient_record: MRN: 66813, diagnosis: Chronic kidney disease, stage 4, eGFR: 25 mL/min, etiology: Diabetic nephropathy, UACR: 1200 mg/g, hemoglobin: 9.8 g/dL, iron_saturation: 18%, ferritin: 450 ng/mL, plan: Initiate darbepoetin alfa, IV iron sucrose, continue ACE inhibitor, sodium restriction, MRN: 66813",high
"Chase: Alert: Unusual activity detected on your credit card ending in 3456. Was this you? http://chase-fraud-alert-2026.com",low
"samantha.khan@northwell.edu",high
"Name: Yellowstone; Longitude: -108.5507; Latitude: 45.8021",low
"bluetooth_pairing: Garmin Fenix 7, mac: 8D:9E:AF:B0:C1:D2, user_mrn: 99156, hr_resting: 50, hrv: 68, body_battery: 94, steps_yesterday: 15678, sleep_score: 91, last_sync: 2026-02-12",high
"network: { 'ssid': 'Valley_Childrens_Hospital_Madera', 'psk': 'VCH_CA2026', 'security': 'WPA3', 'band': '5GHz' }",high
"icd_code: G35, icd_version: 10, diagnosis: Multiple sclerosis, secondary progressive, EDSS: 4.5, DMT: Siponimod 2mg daily, last_relapse: 2025-08-15, MRI_burden: Stable, no new T2 lesions, symptomatic_therapy: Baclofen for spasticity, modafinil for fatigue, MRN: 99156",high
"USPS Informed Delivery: You have a package arriving today from Amazon. Track: http://usps-track-amazon.com",low
"theodore.martin@cchmc.org",high
"Coordinates: 45.8021, -108.5507, Billings, MT",low
"bluetooth_device: ResMed AirSense 10, mac_address: 9E:AF:B0:C1:D2:E3, patient_mrn: 33485, usage_hours_last_week_avg: 7.1, ahi_last_week_avg: 2.5, mask_type: AirFit F20, pressure: 13 cmH2O, leak_95th: 18 L/min, humidifier_setting: 3, adherence_30day: 91%, last_sync: 2026-02-12T06:35:11Z",high
"wifi_config: { 'ssid': 'Dayton_Childrens_Hospital', 'psk': 'DCH_0H!02026', 'security': 'WPA3', 'vlan': '29' }",high
"lab_result: MRN: 77956, test: Lipid Panel, LDL: 165 mg/dL (H), HDL: 38 mg/dL (L), Triglycerides: 280 mg/dL (H), Total Cholesterol: 255 mg/dL (H), test: Lipoprotein(a), result: 205 nmol/L (H), assessment: Mixed hyperlipidemia, high Lp(a), plan: Rosuvastatin 40mg daily, Fenofibrate 145mg daily, referral to preventive cardiology, MRN: 77956",high
"Netflix: Your payment method failed. Update your billing information to continue service: http://netflix-billing-update-2026.com",low
"ursula.jones@duke.edu",high
"County: Yellowstone; Longitude: -108.5507; Latitude: 45.8021",low
"bluetooth_pairing: Dexcom G7, mac: AF:B0:C1:D2:E3:F4, patient_mrn: 66814, glucose: 152, trend: stable, transmitter_battery: 78%, sensor_remaining_days: 4, last_reading: 2026-02-12T13:15:44Z",high
"wifi_setup: { 'ssid': 'Wolfson_Childrens_Hospital_Jacksonville', 'psk': 'W0lfs0nJaxFL2026', 'security': 'WPA3', 'band': '6GHz' }",high
"pathology_report: MRN: 99157, specimen: Colonic polyp, sigmoid colon, diagnosis: Sessile serrated adenoma with dysplasia, size: 12mm, margins: Uninvolved, polypectomy: Complete, plan: Repeat colonoscopy in 3 years, MRN: 99157",high
"PayPal: Your account has received a payment of $745.00 from a sale. View transaction: http://paypal-view-transaction-2026.com",low
"victor.chen@bswhealth.edu",high
"Name: Yellowstone; Longitude: -108.5507; Latitude: 45.8021",low
"bluetooth_device: Omron Evolv, mac_address: B0:C1:D2:E3:F4:05, patient_mrn: 44601, bp_systolic: 132, bp_diastolic: 80, pulse: 70, irregular_heartbeat: No, timestamp: 2026-02-12T10:25:33Z",high
"network: { 'ssid': 'Carilion_Roanoke_Memorial_Hospital', 'psk': 'C@r!l!onVA2026', 'security': 'WPA3', 'band': '5GHz' }",high
"operative_report: MRN: 77957, procedure: Trigger finger release, right ring finger, date: 2026-02-12, surgeon: Dr. L. Harris, anesthesia: Local, findings: A1 pulley stenosis, successful release, EBL: <5mL, complications: None, plan: F/u 2 weeks, MRN: 77957",high
"Apple: Your Apple ID was used to sign in to a new iPhone in Seoul, South Korea. If this wasn't you, secure your account: http://apple-secure-account-2026.com",low
"wendy.sanchez@texaschildrens.org",high
"bluetooth_pairing: Withings ScanWatch, mac: C1:D2:E3:F4:05:16, user_mrn: 33486, hr: 62, ecg: Normal Sinus Rhythm, spo2: 97%, sleep_duration: 7h 20m, timestamp: 2026-02-12T07:25:44Z",high
"wifi_config: { 'ssid': 'Joe_DiMaggio_Childrens_Hospital', 'psk': 'JDCH_H0llyw00dFL2026', 'security': 'WPA3', 'vlan': '33' }",high
"genetic_counseling: MRN: 66815, patient: 42yo F, indication: New diagnosis of triple-negative breast cancer, BRCA testing: BRCA1 positive (c.5266dupC), implications: PARP inhibitor candidate (Olaparib), 60-80% contralateral breast cancer risk, 40% ovarian cancer risk, management: Discuss bilateral mastectomy, risk-reducing salpingo-oophorectomy, family genetic testing, MRN: 66815",high
"Capital One: Your credit card payment of $215.00 is due on 03/11/2026. Autopay is enabled: http://capitalone-autopay-2026.com",low
"xavier.cruz@stjude.org",high
"County: Yellowstone; Longitude: -108.5507; Latitude: 45.8021",low
"bluetooth_pairing: Abbott FreeStyle Libre 3, mac: D2:E3:F4:05:16:27, patient_mrn: 99158, glucose: 175, trend: rising, sensor_insertion_date: 2026-02-11, sensor_expiration_date: 2026-02-25, last_scan: 2026-02-12T09:55:33Z",high
"wifi_setup: { 'ssid': 'Childrens_Hospital_of_Wisconsin_Milwaukee', 'psk': 'CHW_MKE2026', 'security': 'WPA3', 'band': '5GHz' }",high
"patient_record: MRN: 44602, diagnosis: Rheumatoid arthritis, seropositive, DAS28-CRP: 5.5 (High), medication: Methotrexate 25mg weekly, inadequate response, plan: Initiate Baricitinib 2mg daily, continue MTX, re-evaluate in 3 months, MRN: 44602",high
"LinkedIn: Your account has been restricted due to suspicious activity. Verify your identity: http://linkedin-verify-2026.com",low
"yasmine.garcia@med.uth.edu",high
"Name: Yellowstone; Longitude: -108.5507; Latitude: 45.8021",low
"bluetooth_device: Tandem t:slim X2, mac_address: E3:F4:05:16:27:38, patient_mrn: 77958, insulin_on_board: 1.85U, battery: 58%, firmware: 7.9.0, last_cgm_reading: 168, last_comm: 2026-02-12T11:35:22Z",high
"network: { 'ssid': 'UC_San_Diego_Health_Jacobs_Medical_Center', 'psk': 'UCSD_JMC2026', 'security': 'WPA3', 'band': '6GHz' }",high
"radiology_report: MRN: 33487, study: CT Chest without contrast, finding: 6mm ground-glass nodule, right lower lobe, no solid component, no change from prior study 12 months ago, impression: Likely benign, Fleischner Society recommendation: Follow-up CT in 24 months, MRN: 33487",high
"Amazon Pay: Your balance of $35.00 is expiring on 03/20/2026. Use it now: http://amazon-pay-use-2026.com",low
"zachary.green@luriechildrens.org",high
"Coordinates: 45.8021, -108.5507, Billings, MT",low
"bluetooth_pairing: Garmin Venu 3, mac: F4:05:16:27:38:49, user_mrn: 66816, hr_resting: 58, hrv: 58, body_battery: 86, stress_level: Low, steps_yesterday: 10342, last_sync: 2026-02-12",high
"wifi_config: { 'ssid': 'Baptist_Health_Louisville', 'psk': 'BHL_KY2026!', 'security': 'WPA3', 'vlan': '38' }",high
"icd_code: I48.91, icd_version: 10, diagnosis: Unspecified atrial fibrillation, CHA2DS2-VASc: 3, anticoagulation: Apixaban 5mg BID, rate_control: Metoprolol succinate 50mg daily, rhythm_control: Amiodarone 200mg daily, last_ECG: 2026-02-01, AF, plan: Cardioversion scheduled 2026-02-25, MRN: 66816",high
"Verizon: Your wireless bill of $129.45 is due on 03/12/2026. Pay now to avoid late fees: http://verizon-pay-bill-2026.com",low
"amelia.brown@ucsf.edu",high
"County: Yellowstone; Longitude: -108.5507; Latitude: 45.8021",low
"bluetooth_device: ResMed AirMini, mac_address: 05:16:27:38:49:5A, patient_mrn: 99159, usage_hours_last_night: 5.8, ahi_last_night: 4.2, mask_type: P10, pressure: 10 cmH2O, leak_95th: 20 L/min, last_sync: 2026-02-12T08:25:44Z",high
"wifi_setup: { 'ssid': 'St_Christophers_Hospital_Philly', 'psk': 'StChrisPh!lly2026', 'security': 'WPA3', 'band': '5GHz' }",high
"lab_result: MRN: 77959, test: Hemoglobin A1c, result: 6.5%, reference: <5.7%, test: Fasting glucose, result: 128 mg/dL, reference: <100, assessment: New diagnosis of prediabetes, plan: Metformin 500mg daily, lifestyle modification, diabetes prevention program referral, recheck A1c in 3 months, MRN: 77959",high
"Facebook: Your ad account has been restricted due to payment issues. Update billing info: http://facebook-ad-billing-2026.com",low
"benjamin.ramirez@cshs.org",high
"Name: Yellowstone; Longitude: -108.5507; Latitude: 45.8021",low
"bluetooth_pairing: Dexcom G6, mac: 16:27:38:49:5A:6B, patient_mrn: 44603, glucose: 68, trend: falling, alert: Low glucose, sensor_remaining_days: 9, last_reading: 2026-02-12T15:55:33Z",high
"network: { 'ssid': 'Akron_Childrens_Hospital', 'psk': 'Akr0nCh!ld2026', 'security': 'WPA3', 'band': '5GHz' }",high
"pathology_report: MRN: 66817, specimen: Bone marrow biopsy, diagnosis: Myelodysplastic syndrome with multilineage dysplasia (MDS-MLD), blast: 3%, karyotype: 46,XX, normal, risk: IPSS-R Low (0.5), plan: Observation, supportive care, repeat biopsy in 12 months, MRN: 66817",high
"Target: Your Circle earnings of $8.75 are expiring soon. Redeem in the app: http://target-circle-redeem-2026.com",low
"catherine.nguyen@hopkinsmedicine.org",high
"Coordinates: 45.8021, -108.5507, Billings, MT",low
"bluetooth_pairing: Omron HeartGuide, mac: 27:38:49:5A:6B:7C, patient_mrn: 99160, bp_systolic: 138, bp_diastolic: 84, pulse: 72, activity_steps: 7231, sleep_duration: 7h 35m, timestamp: 2026-02-12",high
"wifi_config: { 'ssid': 'University_Hospital_Newark_NJ', 'psk': 'UH_NJ2026', 'security': 'WPA3', 'vlan': '45' }",high
"operative_report: MRN: 33488, procedure: Inguinal hernia repair, left, laparoscopic, date: 2026-02-12, surgeon: Dr. M. Rivera, findings: Indirect hernia, defect size 2.5cm, mesh: Bard 3DMax, fixated with fibrin glue, EBL: 10mL, complications: None, plan: Discharge today, f/u 2 weeks, MRN: 33488",high
"Chase: Your credit score is now available. View your FICO score for free: http://chase-credit-score-2026.com",low
"david.park@mskcc.org",high
"County: Yellowstone; Longitude: -108.5507; Latitude: 45.8021",low
"bluetooth_device: Withings BPM Connect, mac_address: 38:49:5A:6B:7C:8D, patient_mrn: 77960, bp_systolic: 148, bp_diastolic: 92, pulse: 84, irregular_heartbeat: Detected, timestamp: 2026-02-12T11:45:22Z",high
"wifi_setup: { 'ssid': 'Hartford_Hospital_CT', 'psk': 'H@rtf0rd_CT2026', 'security': 'WPA3', 'band': '6GHz' }",high
"genetic_testing: MRN: 44604, test: Hereditary Cancer Panel, gene: STK11, variant: c.580G>A (p.Asp194Asn), classification: Pathogenic, associated_condition: Peutz-Jeghers syndrome, implications: High risk of GI, breast, pancreatic, gynecologic cancers, management: Colonoscopy q2-3y, EGD q2-3y, breast MRI/mammography, pancreatic cancer screening, pelvic exam, MRN: 44604",high
"Netflix: Your payment method failed. Update your billing information to continue service: http://netflix-billing-update-2026.com",low
"elena.garcia@bcm.edu",high
"Name: Yellowstone; Longitude: -108.5507; Latitude: 45.8021",low
"bluetooth_pairing: Abbott FreeStyle Libre 2, mac: 49:5A:6B:7C:8D:9E, patient_mrn: 66818, glucose: 188, trend: stable, sensor_remaining_days: 6, last_scan: 2026-02-12T13:35:33Z",high
"network: { 'ssid': 'Ochsner_Medical_Center_New_Orleans', 'psk': '0chsnerN0LA2026', 'security': 'WPA3', 'band': '5GHz' }",high
"patient_history: MRN: 99161, social_history: Tobacco use: Never, alcohol: None, illicit_drugs: None, occupation: Teacher, family_history: Breast cancer (mother, age 45, BRCA+), Ovarian cancer (maternal aunt, age 52, BRCA+), CAD (father, age 62), T2DM (paternal grandmother), MRN: 99161",high
"Apple: Your iCloud storage is almost full. Manage your storage: http://icloud-manage-storage-2026.com",low
"felix.wright@wustl.edu",high
"Coordinates: 45.8021, -108.5507, Billings, MT",low
"bluetooth_pairing: Garmin Fenix 7S, mac: 5A:6B:7C:8D:9E:AF, user_mrn: 33489, hr_resting: 52, hrv: 66, body_battery: 92, steps_yesterday: 13456, sleep_score: 89, last_sync: 2026-02-12",high
"wifi_config: { 'ssid': 'Lehigh_Valley_Health_Network_Allentown', 'psk': 'LVHN_PA2026', 'security': 'WPA3', 'vlan': '41' }",high
"radiology_report: MRN: 77961, study: MRI Right Knee without contrast, finding: Complex tear, posterior horn medial meniscus, root tear suspected, moderate chondromalacia patella, joint effusion, impression: Meniscal tear, plan: Orthopedic surgery referral, discuss arthroscopic partial meniscectomy vs. repair, MRN: 77961",high
"PayPal: Your account has received a payment of $435.00 from a friend. Confirm receipt: http://paypal-confirm-receipt-2026.com",low
"gabrielle.smith@northwell.edu",high
"County: Yellowstone; Longitude: -108.5507; Latitude: 45.8021",low
"bluetooth_device: Tandem t:sport, mac_address: 6B:7C:8D:9E:AF:B0, patient_mrn: 44605, reservoir_remaining: 85U, battery: 78%, active_insulin: 0.95U, last_bolus: 2026-02-12T08:55:44Z, last_cgm_reading: 145, firmware: 1.3.0",high
"wifi_setup: { 'ssid': 'Scripps_Memorial_Hospital_LaJolla', 'psk': 'Scr!pps_LaJ0ll@2026', 'security': 'WPA3', 'band': '5GHz' }",high
"icd_code: M17.11, icd_version: 10, diagnosis: Unilateral primary osteoarthritis, right knee, KL grade: 4, pain: 7/10, functional_limitation: Difficulty climbing stairs, walking >1 block, conservative_mx: Failed (NSAIDs, PT, injections), plan: Total knee arthroplasty, scheduled 2026-03-15, MRN: 44605",high
"USPS: Your package #9405511234567890 is being held at the post office. Schedule redelivery: http://usps-redelivery-schedule-2026.com",low
"harold.thomas@cchmc.org",high
"Name: Yellowstone; Longitude: -108.5507; Latitude: 45.8021",low
"bluetooth_pairing: ResMed AirSense 11, mac: 7C:8D:9E:AF:B0:C1, patient_mrn: 99162, usage_hours_last_night: 6.8, ahi_last_night: 3.2, mask_seal: Good, pressure: 12 cmH2O, leak_95th: 16 L/min, adherence_30day: 88%, last_sync: 2026-02-12T07:15:33Z",high
"network: { 'ssid': 'Boston_Childrens_Hospital', 'psk': 'B0st0nCh!ld2026', 'security': 'WPA3', 'band': '6GHz' }",high
"lab_report: MRN: 66819, test: Comprehensive Metabolic Panel, date: 2026-02-12, sodium: 140, potassium: 4.2, chloride: 103, CO2: 24, BUN: 18, creatinine: 1.2, glucose: 102, calcium: 9.4, albumin: 4.0, AST: 32, ALT: 28, ALP: 95, total_bilirubin: 0.8, assessment: Normal, MRN: 66819",high
"LinkedIn Premium: Your free trial ends in 1 day. You will be charged $39.99/month. Cancel: http://linkedin-cancel-premium-2026.com",low
"irene.kim@ucsf.edu",high
"Coordinates: 45.8021, -108.5507, Billings, MT",low
"bluetooth_pairing: Dexcom G7, mac: 8D:9E:AF:B0:C1:D2, patient_mrn: 77962, glucose: 205, trend: rising, transmitter_battery: 82%, sensor_remaining_days: 3, last_reading: 2026-02-12T14:15:44Z",high
"wifi_config: { 'ssid': 'Penn_Presbyterian_Medical_Center_Philly', 'psk': 'P3nnPr3sbyPh!lly2026', 'security': 'WPA3', 'vlan': '49' }",high
"pathology_report: MRN: 33490, specimen: Thyroid FNA, right lobe, Bethesda_category: IV, diagnosis: Follicular neoplasm, suspicious for follicular carcinoma, molecular_testing: RAS mutation positive, plan: Right thyroid lobectomy, MRN: 33490",high
"Amazon: Your order of 'Smart Watch' has shipped. Track package: http://amazon-track-package-2026.com",low
"jason.lee@med.uth.edu",high
"County: Yellowstone; Longitude: -108.5507; Latitude: 45.8021",low
"bluetooth_pairing: Omron Complete, mac: 9E:AF:B0:C1:D2:E3, patient_mrn: 44606, bp_systolic: 142, bp_diastolic: 88, pulse: 76, ecg: Sinus rhythm, atrial_fibrillation: No, timestamp: 2026-02-12T09:35:22Z",high
"wifi_setup: { 'ssid': 'Nationwide_Childrens_Hospital_Columbus', 'psk': 'NCH_C0lumbus2026', 'security': 'WPA3', 'band': '5GHz' }",high
"operative_report: MRN: 99163, procedure: Excision of ganglion cyst, left wrist, date: 2026-02-12, surgeon: Dr. L. Harris, anesthesia: Local, findings: 2cm ganglion cyst, dorsal wrist, connected to scapholunate ligament, complete excision, EBL: <5mL, complications: None, pathology: Ganglion cyst, benign, plan: F/u 2 weeks, MRN: 99163",high
"Verizon: Your bill of $178.90 is ready. Auto-pay will be deducted on 03/13: http://verizon-view-bill-2026.com",low
"katherine.wu@stjude.org",high
"Name: Yellowstone; Longitude: -108.5507; Latitude: 45.8021",low
"bluetooth_device: Withings ScanWatch, mac_address: AF:B0:C1:D2:E3:F4, user_mrn: 66820, hr: 60, ecg: Normal Sinus Rhythm, spo2: 98%, sleep_duration: 8h 05m, timestamp: 2026-02-12T07:45:33Z",high
"network: { 'ssid': 'Methodist_Childrens_Hospital_San_Antonio', 'psk': 'MCH_SA2026', 'security': 'WPA3', 'band': '5GHz' }",high
"genetic_counseling: MRN: 77963, patient: 55yo M, indication: Metastatic pancreatic adenocarcinoma, tumor_testing: MSI-H, germline: Negative for Lynch, somatic: MLH1 promoter hypermethylation, implications: Sporadic, predictive of response to immunotherapy, plan: Initiate Pembrolizumab, MRN: 77963",high
"FTC: Your refund from the Ring doorbell settlement is ready. File a claim: http://ftc-ring-refund-2026.com",low
"lawrence.garcia@bswhealth.edu",high
"Coordinates: 45.8021, -108.5507, Billings, MT",low
"bluetooth_pairing: Garmin Venu 2S, mac: B0:C1:D2:E3:F4:05, user_mrn: 33491, hr_resting: 64, hrv: 52, body_battery: 78, stress_level: Moderate, steps_yesterday: 7654, last_sync: 2026-02-12",high
"wifi_config: { 'ssid': 'St_Christophers_Hospital_Philly', 'psk': 'StChrisPh!lly2026', 'security': 'WPA3', 'vlan': '36' }",high
"patient_record: MRN: 44607, diagnosis: Crohn's disease, ileocolonic, stricturing, H/O ileocecal resection 2021, recurrent stricture at anastomosis, medication: Adalimumab 40mg weekly, symptomatic, plan: Endoscopic balloon dilation scheduled 2026-02-27, MRN: 44607",high
"Capital One: Your credit card payment of $145.00 is due on 03/14/2026. Autopay is enabled: http://capitalone-autopay-2026.com",low
"margaret.nguyen@cshs.org",high
"County: Yellowstone; Longitude: -108.5507; Latitude: 45.8021",low
"bluetooth_device: Abbott FreeStyle Libre 3, mac_address: C1:D2:E3:F4:05:16, patient_mrn: 99164, glucose: 122, trend: stable, sensor_insertion_date: 2026-02-12, sensor_expiration_date: 2026-02-26, last_scan: 2026-02-12T10:45:44Z",high
"wifi_setup: { 'ssid': 'Baptist_Childrens_Hospital_Miami', 'psk': 'BCH_M!@m!2026', 'security': 'WPA3', 'band': '6GHz' }",high
"radiology_report: MRN: 77964, study: CT Head without contrast, finding: Remote left frontal infarct, encephalomalacia, no acute intracranial abnormality, incidental: Chronic microvascular ischemic changes, impression: No acute findings, MRN: 77964",high
"Apple: Your Apple ID was used to sign in to a new iPad in Toronto, Canada. If this wasn't you, secure your account: http://apple-secure-account-2026.com",low
"nicholas.patel@duke.edu",high
"Name: Yellowstone; Longitude: -108.5507; Latitude: 45.8021",low
"bluetooth_pairing: Tandem t:slim X2, mac: D2:E3:F4:05:16:27, patient_mrn: 66821, insulin_on_board: 1.55U, battery: 48%, firmware: 7.8.1, last_cgm_reading: 158, last_comm: 2026-02-12T12:25:33Z",high
"network: { 'ssid': 'UCSD_Rady_Childrens_Hospital', 'psk': 'UCSD_RadySD2026', 'security': 'WPA3', 'band': '5GHz' }",high
"icd_code: I25.119, icd_version: 10, diagnosis: Atherosclerotic heart disease of native coronary artery with unspecified angina pectoris, s/p DES to LCx 2025-08-20, EF: 55%, angina_CCS: Class I, medication: Aspirin 81mg, Clopidogrel 75mg, Atorvastatin 80mg, Metoprolol 25mg BID, MRN: 66821",high
"Facebook: Your page has been unpublished due to community standards violations. Appeal: http://facebook-unpublish-appeal-2026.com",low
"olivia.white@ohsu.edu",high
"Coordinates: 45.8021, -108.5507, Billings, MT",low
"bluetooth_pairing: ResMed AirSense 10, mac: E3:F4:05:16:27:38, patient_mrn: 44608, usage_hours_last_week_avg: 7.2, ahi_last_week_avg: 2.8, mask_type: AirFit P10, pressure: 11 cmH2O, leak_95th: 16 L/min, humidifier_setting: 4, adherence_30day: 92%, last_sync: 2026-02-12T06:55:11Z",high
"wifi_config: { 'ssid': 'Cleveland_Clinic_Childrens_Hospital', 'psk': 'CC_Ch!ldrensOH2026', 'security': 'WPA3', 'vlan': '52' }",high
"lab_result: MRN: 99165, test: PSA, result: 4.2 ng/mL, reference: <4.0, test: Free PSA, result: 16%, reference: >25%, test: PSA density, result: 0.10 ng/mL/cc, interpretation: Borderline, plan: Repeat PSA in 6 months, urology referral, MRN: 99165",high
"Target: Your Circle earnings of $6.50 are expiring soon. Redeem in the app: http://target-circle-redeem-2026.com",low
"peter.evans@yale.edu",high
"County: Yellowstone; Longitude: -108.5507; Latitude: 45.8021",low
"bluetooth_pairing: Dexcom G6, mac: F4:05:16:27:38:49, patient_mrn: 77965, glucose: 92, trend: stable, sensor_remaining_days: 1, last_reading: 2026-02-12T13:55:44Z",high
"wifi_setup: { 'ssid': 'Arkansas_Childrens_Hospital_LR', 'psk': 'ArkCh!ld_LR2026', 'security': 'WPA3', 'band': '5GHz' }",high
"pathology_report: MRN: 33492, specimen: Prostate biopsy, 12 cores, diagnosis: Adenocarcinoma, Gleason score: 6 (3+3), involving 1/12 cores, max core involvement: 5%, perineural_invasion: Not identified, PSA: 4.8, clinical_stage: T1c, NCCN_risk: Very low, plan: Active surveillance, repeat PSA in 6 months, repeat biopsy in 12 months, MRN: 33492",high
"Netflix: Your payment method failed. Update your billing information to continue service: http://netflix-billing-update-2026.com",low
"quentin.morris@mskcc.org",high
"Name: Yellowstone; Longitude: -108.5507; Latitude: 45.8021",low
"bluetooth_pairing: Omron Evolv, mac: 05:16:27:38:49:5A, patient_mrn: 66822, bp_systolic: 128, bp_diastolic: 78, pulse: 68, irregular_heartbeat: No, timestamp: 2026-02-12T09:15:33Z",high
"network: { 'ssid': 'Childrens_Mercy_Hospital_Kansas_City', 'psk': 'Ch!ldrensM3rcyKC2026', 'security': 'WPA3', 'band': '6GHz' }",high
"operative_report: MRN: 99166, procedure: Cataract extraction, left eye, phacoemulsification with PCIOL, date: 2026-02-12, surgeon: Dr. F. Chen, anesthesia: Topical, complications: None, IOL_model: Alcon AcrySof IQ, VA_1d_postop: 20/25, plan: Post-op prednisolone, moxifloxacin, f/u 1 week, MRN: 99166",high
"PayPal: Your account has received a payment of $510.00 from a sale. View transaction: http://paypal-view-transaction-2026.com",low
"rachel.adams@med.unc.edu",high
"Coordinates: 45.8021, -108.5507, Billings, MT",low
"bluetooth_device: Withings BPM Core, mac_address: 16:27:38:49:5A:6B, patient_mrn: 44609, bp_systolic: 152, bp_diastolic: 94, pulse: 86, ecg: Sinus tachycardia, atrial_fibrillation: No, timestamp: 2026-02-12T11:25:44Z",high
"wifi_config: { 'ssid': 'Rush_University_Medical_Center', 'psk': 'Rush_C0rp2026', 'security': 'WPA3', 'vlan': '44' }",high
"genetic_testing: MRN: 77966, test: Comprehensive Arrhythmia Panel, gene: KCNH2, variant: c.1234C>T (p.Arg412Trp), classification: Pathogenic, associated_condition: Long QT syndrome type 2, QTc: 520 ms, management: Beta-blocker (Nadolol) initiated, avoid QT-prolonging drugs, ICD discussion, family screening, MRN: 77966",high
"Chase: Alert: Unusual activity detected on your debit card ending in 6789. Was this you? http://chase-fraud-alert-2026.com",low
"samantha.khan@northwell.edu",high
"County: Yellowstone; Longitude: -108.5507; Latitude: 45.8021",low
"bluetooth_pairing: Garmin Fenix 7, mac: 27:38:49:5A:6B:7C, user_mrn: 33493, hr_resting: 54, hrv: 64, body_battery: 90, steps_yesterday: 14567, sleep_score: 88, last_sync: 2026-02-12",high
"wifi_setup: { 'ssid': 'St_Lukes_Boise', 'psk': 'StLukes_B0!se2026', 'security': 'WPA3', 'band': '5GHz' }",high
"patient_record: MRN: 66823, diagnosis: Chronic lymphocytic leukemia, Rai stage: 0, ALC: 22,500, Hgb: 14.2, Plt: 210, FISH: Trisomy 12, IGHV: Unmutated, ZAP-70: Positive, CD38: Positive, status: Watch and wait, high-risk features, monitor closely, f/u 3 months, MRN: 66823",high
"Amazon Pay: Your balance of $40.00 is expiring on 03/25/2026. Use it now: http://amazon-pay-use-2026.com",low
"timothy.chen@med.uth.edu",high
"Name: Yellowstone; Longitude: -108.5507; Latitude: 45.8021",low
"bluetooth_device: Abbott FreeStyle Libre 2, mac_address: 38:49:5A:6B:7C:8D, patient_mrn: 99167, glucose: 168, trend: stable, sensor_remaining_days: 5, last_scan: 2026-02-12T14:35:33Z",high
"network: { 'ssid': 'John_Muir_Health_Walnut_Creek', 'psk': 'JMH_WC2026', 'security': 'WPA3', 'band': '5GHz' }",high
"radiology_report: MRN: 44610, study: MRI Lumbar Spine without contrast, finding: 5mm left paracentral disc extrusion at L4-L5, impinging on traversing left L5 nerve root, moderate central canal stenosis, facet arthropathy, impression: Radiculopathy correlates, plan: Epidural steroid injection, PT, neurosurgery referral, MRN: 44610",high
"Verizon: Your wireless bill of $145.67 is due on 03/15/2026. Pay now to avoid late fees: http://verizon-pay-bill-2026.com",low
"ursula.jones@duke.edu",high
"Coordinates: 45.8021, -108.5507, Billings, MT",low
"bluetooth_pairing: Tandem t:sport, mac: 49:5A:6B:7C:8D:9E, patient_mrn: 77967, reservoir_remaining: 95U, battery: 82%, active_insulin: 0.75U, last_bolus: 2026-02-12T08:15:44Z, last_cgm_reading: 138, firmware: 1.3.0",high
"wifi_config: { 'ssid': 'Carilion_Roanoke_Memorial_Hospital', 'psk': 'C@r!l!onVA2026', 'security': 'WPA3', 'vlan': '37' }",high
"icd_code: F41.1, icd_version: 10, diagnosis: Generalized anxiety disorder, GAD-7: 16, medication: Sertraline 100mg daily, inadequate response, plan: Increase Sertraline to 150mg daily, CBT referral, f/u 4 weeks, MRN: 77967",high
"LinkedIn: Your account has been restricted due to suspicious activity. Verify your identity: http://linkedin-verify-2026.com",low
"victor.nguyen@bcm.edu",high
"County: Yellowstone; Longitude: -108.5507; Latitude: 45.8021",low
"bluetooth_device: ResMed AirSense 11, mac_address: 5A:6B:7C:8D:9E:AF, patient_mrn: 33494, usage_hours_last_night: 6.5, ahi_last_night: 3.5, mask_seal: Fair, pressure: 12 cmH2O, leak_95th: 24 L/min, adherence_30day: 82%, last_sync: 2026-02-12T07:35:22Z",high
"wifi_setup: { 'ssid': 'Geisinger_Medical_Center_Danville', 'psk': 'G3!s!ngerPA2026', 'security': 'WPA3', 'band': '6GHz' }",high
"lab_result: MRN: 66824, test: Hemoglobin A1c, result: 7.8%, reference: <5.7%, test: Lipid Panel, LDL: 158 mg/dL (H), HDL: 42 mg/dL (L), Triglycerides: 210 mg/dL (H), assessment: T2DM, hyperlipidemia, plan: Adjust Metformin to 1000mg BID, initiate Atorvastatin 20mg qHS, recheck A1c and lipid panel in 3 months, MRN: 66824",high
"Apple: Your iCloud storage is almost full. Manage your storage: http://icloud-manage-storage-2026.com",low
"wanda.smith@cshs.org",high
"Name: Yellowstone; Longitude: -108.5507; Latitude: 45.8021",low
"icd_code=O10.011, icd_version=10, diagnosis=Pre-existing essential hypertension complicating pregnancy, first trimester",high
"Your AncestryDNA results are ready. Explore your heritage: http://ancestry-view-results.com",low
"fatima.ali@moh.gov.bh",high
"SSID: Galapagos_Research_Station, Password: Tortoise2027!, Security: WPA2",low
"Name: Amazon River; Longitude: -50.000000; Latitude: -2.000000",low
https://www.mnh.si.edu/research,low
"BLUETOOTH_NAME: Dexcom_G7, PIN: 1144, MAC: 12:34:AB:CD:56:78",high
"icd_code=S32.009A, icd_version=10, diagnosis=Unspecified fracture of unspecified lumbar vertebra, initial encounter",high
"Your Carbonfund.org offset certificate is ready. Download: http://carbonfund-certificate.com",low
"Singh, Priya",high
"Bluetooth Device: Omron_Platinum, PIN: 2255, Last Connected: 2027-02-28T08:15:30Z",high
"icd_code=T33.521A, icd_version=10, diagnosis=Superficial frostbite of left foot, initial encounter",high
https://www.calacademy.org/research,low
"Name: Okavango Delta; Longitude: 22.500000; Latitude: -19.000000",low
"Your National Insurance number has been compromised. Verify: http://gov-verify-ni.com",low
"SSID: Monaco_Grand_Prix_Paddock, Password: F12027!", Security: WPA2",high
"BLUETOOTH_NAME: Medtronic_770G, PIN: 3366, MAC: 98:76:54:32:10:AB",high
"icd_code=Z31.62, icd_version=10, diagnosis=Encounter for fertility preservation counseling",high
"Congratulations! You are selected for the Mars One final round. Confirm: http://mars-one-finalist.com",low
"Name: Lake Titicaca; Longitude: -69.500000; Latitude: -15.750000",low
"id:195100, customer_id:44789, phone_number:083034567890, reference_number:INV-271028093045, net_amount:4150000, status:00, paying_at:2027-10-28T00:00:00Z",high
"WIFI_CONFIG: Yale_Assure_Lock, Password: Y@le_Sm@rt_2027, Security: WPA3",high
"icd_code=H02.23, icd_version=10, diagnosis=Mechanical ptosis of bilateral eyelids",high
"Your Zoom account was added to a new organization. Approve: http://zoom-approve-org.com",low
"Chen, Katherine",high
"Name: Salar de Uyuni; Longitude: -67.500000; Latitude: -20.500000",low
"Bluetooth Device: Abbott_Libre_3, PIN: 4477, Last Connected: 2027-03-01T14:20:45Z",high
"icd_code=K03.81, icd_version=10, diagnosis=Cracked tooth",high
"Walgreens: Your allergy shot is due. Schedule: http://walgreens-schedule-allergy2027.com",low
"SSID: Monaco_Yacht_Club, Password: Mediterranee2027!, Security: WPA2",low
"Name: Monte Carlo Casino; Longitude: 7.428611; Latitude: 43.739722",low
https://www.monaco.edu/research,low
"icd_code=R13.10, icd_version=10, diagnosis=Dysphagia, oral phase",high
"Your Cathay Pacific Marco Polo Club tier expires. Extend: http://cathay-extend-status.com",low
"Khan, Aisha",high
"WIFI_CONFIG: Kwikset_Halo, Password: Kw1ks3t_H@l0_2027, Security: WPA3",high
"BLUETOOTH_NAME: ResMed_AirSense_11, PIN: 5589, MAC: AB:CD:EF:12:34:56",high
"icd_code=305.90, icd_version=9, diagnosis=Other, mixed, or unspecified drug abuse, unspecified",high
"Free $600 HelloFresh Box! Claim your meals: http://hellofresh-freebox.com",low
"Name: Zhangjiajie; Longitude: 110.466667; Latitude: 29.333333",low
"id:196100, customer_id:66321, phone_number:083045678901, reference_number:TRX-271102141055, net_amount:2350000, status:01, paying_at:2027-11-02T00:00:00Z",high
"icd_code=E23.2, icd_version=10, diagnosis=Diabetes insipidus",high
"Your DoorDash Drive catering order carbon offset purchased. View: http://doordash-view-carbonoffset.com",low
"Bluetooth Device: iHealth_Thermometer, PIN: 6601, Last Connected: 2027-03-02T11:30:50Z",high
"Name: Ha Long Bay; Longitude: 107.200000; Latitude: 20.900000",low
"SSID: Monte_Carlo_Heliport, Password: Helicopter2027!, Security: WPA2",low
"icd_code=N92.0, icd_version=10, diagnosis=Excessive and frequent menstruation with regular cycle",high
"Your PayPal Savings bonus interest credited. View: http://paypal-view-savingsbonus.com",low
"Martinez, Diego",high
"WIFI_CONFIG: August_Wifi_Lock, Password: @ugust_Pr0_2027, Security: WPA3",high
"Name: Komodo Island; Longitude: 119.500000; Latitude: -8.600000",low
"BLUETOOTH_NAME: KardiaMobile_6L, PIN: 1136, MAC: 56:78:90:AB:CD:EF",high
"icd_code=296.91, icd_version=9, diagnosis=Unspecified episodic mood disorder",high
"CVS: Your inhaler technique follow-up due. Schedule: http://cvs-schedule-inhaler.com",low
"id:197100, customer_id:33812, phone_number:083056789012, reference_number:INV-271107102025, net_amount:1850000, status:00, paying_at:2027-11-07T00:00:00Z",high
https://www.nhm.ac.uk/research-curation,low
"icd_code=I71.4, icd_version=10, diagnosis=Abdominal aortic aneurysm, without rupture",high
"Your Amazon Drive will close on Dec 31. Migrate: http://amazon-migrate-photos.com",low
"Tanaka, Kenji",high
"Name: Bora Bora; Longitude: -151.750000; Latitude: -16.500000",low
"Bluetooth Device: Freestyle_Libre_3, PIN: 2247, Last Connected: 2027-03-03T15:40:35Z",high
"icd_code=K08.54, icd_version=10, diagnosis=Continuously erupting tooth",high
"SSID: Monaco_Heliport, Password: Fontvieille2027!, Security: WPA2",low
"WIFI_CONFIG: Schlage_Encode, Password: Schl@g3_Enc0d3_2027, Security: WPA3",high
"Name: Palais Princier; Longitude: 7.419722; Latitude: 43.731111",low
"icd_code=304.10, icd_version=9, diagnosis=Sedative, hypnotic or anxiolytic dependence, unspecified",high
"Your Westpac bank account requires verification. Confirm: http://westpac-verify-online.com",low
"BLUETOOTH_NAME: Eargo_7, PIN: 3378, MAC: CD:EF:12:34:56:78",high
"id:198100, customer_id:55298, phone_number:083067890123, reference_number:TRX-271112151030, net_amount:2550000, status:01, paying_at:2027-11-12T00:00:00Z",high
"icd_code=G47.33, icd_version=10, diagnosis=Obstructive sleep apnea (adult) (pediatric)",high
"Your Venmo $750 payment request expired. Resend: http://venmo-resend-request.com",low
"Garcia, Elena",high
"Name: Palawan; Longitude: 118.750000; Latitude: 9.500000",low
"Bluetooth Device: Oticon_More, PIN: 4489, Last Connected: 2027-03-04T09:25:40Z",high
"icd_code=L21.8, icd_version=10, diagnosis=Other seborrheic dermatitis",high
"SSID: Monte_Carlo_Country_Club, Password: CountryClub2027!, Security: WPA2",low
"Name: Port Hercules; Longitude: 7.427222; Latitude: 43.735000",low
https://www.oceanographic.mc/research,low
"icd_code=296.89, icd_version=9, diagnosis=Bipolar II disorder",high
"Your Citi Prestige 4th night free credit approved. Book: http://citi-book-4thnight.com",low
"WIFI_CONFIG: Level_Lock_Touch, Password: L3v3l_T0uch_2027, Security: WPA3",high
"BLUETOOTH_NAME: Phonak_Audeo_Lumity, PIN: 5590, MAC: 12:34:56:78:9A:BC",high
"icd_code=304.20, icd_version=9, diagnosis=Cocaine dependence, episodic",high
"$2,500 Away Luggage Set! Enter draw: http://away-luggage-giveaway.com",low
"Name: Lord Howe Island; Longitude: 159.083333; Latitude: -31.500000",low
"id:199100, customer_id:77432, phone_number:083078901234, reference_number:INV-271117101045, net_amount:2050000, status:00, paying_at:2027-11-17T00:00:00Z",high
"icd_code=E10.40, icd_version=10, diagnosis=Type 1 diabetes mellitus with diabetic neuropathy, unspecified",high
"Your Walmart+ member prices unlocked. Shop: http://walmartplus-shop-memberprices2027.com",low
"Kim, Min-Seok",high
"Name: Socotra; Longitude: 54.000000; Latitude: 12.500000",low
"Bluetooth Device: Cochlear_Nucleus_8, PIN: 6622, Last Connected: 2027-03-05T13:35:50Z",high
"icd_code=H47.231, icd_version=10, diagnosis=Nutritional optic neuropathy, right eye",high
"SSID: Monaco_Heliport, Password: Fontvieille2027!, Security: WPA2",low
"WIFI_CONFIG: Nest_x_Yale_Lock, Password: N3st_Y@le_2027, Security: WPA3",high
"Name: Exumas; Longitude: -76.000000; Latitude: 24.000000",low
"icd_code=295.95, icd_version=9, diagnosis=Unspecified schizophrenia, in remission",high
"Your DoorDash Drive catering employee meal credit added. Manage: http://doordash-manage-employeecredit.com",low
"BLUETOOTH_NAME: Starkey_Genesis_AI, PIN: 1155, MAC: 98:76:54:32:10:FE",high
"id:200100, customer_id:66712, phone_number:083089012345, reference_number:TRX-271122142040, net_amount:2950000, status:01, paying_at:2027-11-22T00:00:00Z",high
https://www.bbvaresearch.com,low
"icd_code=I49.5, icd_version=10, diagnosis=Sick sinus syndrome",high
"Your Amazon Smart Air Quality Monitor detects high VOCs. Ventilate: http://amazon-view-airquality.com",low
"Chen, Alexander",high
"Name: Fernando de Noronha; Longitude: -32.416667; Latitude: -3.850000",low
"Bluetooth Device: Widex_Moment, PIN: 2268, Last Connected: 2027-03-06T10:15:30Z",high
"icd_code=K11.7, icd_version=10, diagnosis=Disturbances of salivary secretion",high
"SSID: Monte_Carlo_Tennis_Club, Password: Court2027!", Security: WPA2",low
"Name: Saint Nicholas Cathedral; Longitude: 7.424444; Latitude: 43.732500",low
"icd_code=304.30, icd_version=9, diagnosis=Cannabis dependence, unspecified",high
"Urgent: Your Barclays Premier account accessed from new IP. Verify: http://barclays-verify-activity.com",low
"WIFI_CONFIG: Honeywell_Lyric, Password: H0n3y_Lyr1c_2027, Security: WPA3",high
"BLUETOOTH_NAME: Signia_Insio, PIN: 4490, MAC: AB:CD:EF:01:23:45",high
"id:201100, customer_id:33945, phone_number:083090123456, reference_number:INV-271127151055, net_amount:1750000, status:00, paying_at:2027-11-27T00:00:00Z",high
"icd_code=G56.01, icd_version=10, diagnosis=Carpal tunnel syndrome, right upper limb",high
"Your CVS HealthHUB blood pressure reading uploaded. Track: http://cvs-track-bpreading.com",low
"Patel, Ravi",high
"Name: Skeleton Coast; Longitude: 13.500000; Latitude: -20.000000",low
"Bluetooth Device: Advanced_Bionics_Naida, PIN: 5580, Last Connected: 2027-03-07T14:50:45Z",high
"icd_code=N93.8, icd_version=10, diagnosis=Other specified abnormal uterine and vaginal bleeding",high
"SSID: Monaco_Botanical_Garden, Password: Exotique2027!, Security: WPA2",low
"Name: Japanese Garden; Longitude: 7.416111; Latitude: 43.733889",low
https://www.ebrd.com/research,low
"icd_code=296.80, icd_version=9, diagnosis=Bipolar disorder, unspecified",high
"Your American Express Green $100 travel credit used. Receipt: http://amex-receipt-travelcredit.com",low
"WIFI_CONFIG: FirstAlert_Onelink, Password: 1st@l3rt_2027, Security: WPA3",high
"BLUETOOTH_NAME: GN_Resound_Omnia, PIN: 6633, MAC: 56:78:90:12:34:AB",high
"icd_code=304.40, icd_version=9, diagnosis=Amphetamine dependence, in remission",high
"Free $1,800 Yeti Cooler & Drinkware Set! Register: http://yeti-cooler-set.com",low
"Name: Lofoten Islands; Longitude: 14.500000; Latitude: 68.333333",low
"id:202100, customer_id:55634, phone_number:083101234567, reference_number:TRX-271202102030, net_amount:2250000, status:01, paying_at:2027-12-02T00:00:00Z",high
"icd_code=E26.9, icd_version=10, diagnosis=Hyperaldosteronism, unspecified",high
"Your Uber Health ride history downloaded. Export: http://uberhealth-export-history.com",low
"Kim, Ji-Hoon",high
"Name: Perito Moreno; Longitude: -73.116667; Latitude: -50.500000",low
"Bluetooth Device: Belkin_Soundform, PIN: 1166, Last Connected: 2027-03-08T09:40:30Z",high
"icd_code=H40.2210, icd_version=10, diagnosis=Chronic angle-closure glaucoma, right eye, stage unspecified",high
"SSID: Monte_Carlo_Opera, Password: Caruso2027!, Security: WPA2",low
"WIFI_CONFIG: Chamberlain_myQ, Password: Ch@mberl@1n_2027, Security: WPA3",high
"Name: Oceanographic Museum; Longitude: 7.425833; Latitude: 43.731111",low
"icd_code=295.74, icd_version=9, diagnosis=Schizoaffective disorder, chronic state with acute exacerbation",high
"Your PayPal $500 friend request unanswered. Remind: http://paypal-remind-request.com",low
"BLUETOOTH_NAME: Bose_Soundbar_600, PIN: 2279, Last Connected: 2027-03-09T13:25:55Z",high
"id:203100, customer_id:77321, phone_number:083112345678, reference_number:INV-271207141015, net_amount:1950000, status:00, paying_at:2027-12-07T00:00:00Z",high
"icd_code=O24.9, icd_version=10, diagnosis=Diabetes mellitus in pregnancy, unspecified",high
"Your GoodRx gold coupon is expiring. Save up to 80%: http://goodrx-gold-renew.com",low
"carlos.ramirez@minsa.gob.pa",high
"SSID: Great_Barrier_Reef_Research, Password: Coral2027!, Security: WPA2",low
"Name: Fraser Island; Longitude: 153.133333; Latitude: -25.233333",low
https://www.australianmuseum.net.au/research,low
"BLUETOOTH_NAME: Tandem_t_slim_X2, PIN: 1177, MAC: 34:56:78:90:AB:CD",high
"icd_code=S52.501A, icd_version=10, diagnosis=Unspecified fracture of lower end of right radius, initial encounter",high
"Your Webull account has been restricted. Verify identity: http://webull-verify-identity.com",low
"Ngyuen, Minh",high
"Bluetooth Device: Insulet_Omnipod_5, PIN: 2288, Last Connected: 2027-03-10T08:30:45Z",high
"icd_code=T75.82XA, icd_version=10, diagnosis=Effects of weightlessness in space, initial encounter",high
https://www.csiro.au/en/research,low
"Name: Ningaloo Reef; Longitude: 113.800000; Latitude: -22.700000",low
"Your Binance account requires 2FA reset. Secure now: http://binance-reset-2fa.com",low
"SSID: Atacama_Observatory, Password: ALMA2027!", Security: WPA2",high
"BLUETOOTH_NAME: NeuroPace_RNS, PIN: 3399, MAC: CD:EF:12:34:56:78",high
"icd_code=Z32.01, icd_version=10, diagnosis=Encounter for pregnancy test, result positive",high
"Congratulations! Your small business grant was approved. Disburse: http://sba-grant-disburse.com",low
"Name: Shark Bay; Longitude: 113.750000; Latitude: -25.750000",low
"id:204100, customer_id:88234, phone_number:083123456789, reference_number:INV-271212093050, net_amount:4850000, status:00, paying_at:2027-12-12T00:00:00Z",high
"WIFI_CONFIG: Emporia_Vue_Energy, Password: Emp0r!a_Vu3_2027, Security: WPA3",high
"icd_code=H35.162, icd_version=10, diagnosis=Retinopathy of prematurity, stage 2, left eye",high
"Your Strava Summit subscription auto-renews. Cancel: http://strava-cancel-summit.com",low
"Wong, Patricia",high
"Name: Bungle Bungles; Longitude: 128.416667; Latitude: -17.500000",low
"Bluetooth Device: Medela_Freestyle, PIN: 4400, Last Connected: 2027-03-11T14:35:30Z",high
"icd_code=K08.50, icd_version=10, diagnosis=Unsatisfactory restoration of tooth",high
"CVS: Your shingles vaccine second dose due. Schedule: http://cvs-schedule-shingles2.com",low
"SSID: ALMA_Support_Facility, Password: Atacama2027!, Security: WPA2",low
"Name: Llullaillaco; Longitude: -68.516667; Latitude: -24.716667",low
https://www.eso.org/public/research,low
"icd_code=R39.11, icd_version=10, diagnosis=Hesitancy of micturition",high
"Your Charles Schwab Intelligent Portfolio rebalanced. Review: http://schwab-review-rebalance.com",low
"Khan, Imran",high
"WIFI_CONFIG: Cync_Indoor_Camera, Password: Cync_C@m_2027, Security: WPA3",high
"BLUETOOTH_NAME: Nanit_Pro_Camera, PIN: 5511, MAC: 12:34:AB:CD:56:78",high
"icd_code=305.70, icd_version=9, diagnosis=Opioid abuse, unspecified",high
"Free $350 HelloFresh & Wine.com Bundle! Claim: http://hellofresh-wine-bundle.com",low
"Name: Karijini; Longitude: 118.250000; Latitude: -22.500000",low
"id:205100, customer_id:66897, phone_number:083134567890, reference_number:TRX-271217141025, net_amount:2450000, status:01, paying_at:2027-12-17T00:00:00Z",high
"icd_code=E09.9, icd_version=10, diagnosis=Drug or chemical induced diabetes mellitus without complications",high
"Your DoorDash Drive catering employee meal program launched. View: http://doordash-view-employeemeal.com",low
"Bluetooth Device: Nanit_Sound_Controller, PIN: 6624, Last Connected: 2027-03-12T11:40:50Z",high
"Name: Horizontal Falls; Longitude: 123.600000; Latitude: -16.383333",low
"SSID: Paranal_Residencia, Password: VLT2027!", Security: WPA2",low
"icd_code=N83.20, icd_version=10, diagnosis=Unspecified ovarian cysts",high
"Your PayPal Pay in 4 payment missed. Update: http://paypal-update-payin4.com",low
"Martinez, Luis",high
"WIFI_CONFIG: GE_Cync_Switch, Password: G3_Cync_2027, Security: WPA3",high
"Name: Elqui Valley; Longitude: -70.666667; Latitude: -30.166667",low
"BLUETOOTH_NAME: Hatch_Baby_Rest, PIN: 2269, Last Connected: 2027-03-13T15:50:35Z",high
"icd_code=296.50, icd_version=9, diagnosis=Bipolar I disorder, most recent episode (or current) depressed, unspecified",high
"CVS: Your medication synchronization refill ready. Pickup: http://cvs-pickup-medsync.com",low
"id:206100, customer_id:33156, phone_number:083145678901, reference_number:INV-271222102045, net_amount:1850000, status:00, paying_at:2027-12-22T00:00:00Z",high
https://www.gemini.edu/research,low
"icd_code=I77.1, icd_version=10, diagnosis=Stricture of artery",high
"Your Amazon Music Unlimited family plan invite pending. Accept: http://amazon-accept-musicfamily.com",low
"Tanaka, Mai",high
"Name: Mount Cook; Longitude: 170.141667; Latitude: -43.595000",low
"Bluetooth Device: Owlet_Baby_Duo, PIN: 3379, Last Connected: 2027-03-14T09:30:45Z",high
"icd_code=K05.20, icd_version=10, diagnosis=Aggressive periodontitis, unspecified",high
"SSID: Gemini_Observatory, Password: MaunaKea2027!, Security: WPA2",high
"WIFI_CONFIG: Kasa_Smart_Plug, Password: K@s4_Plug_2027, Security: WPA3",high
"Name: Mauna Kea; Longitude: -155.468333; Latitude: 19.820556",low
"icd_code=304.50, icd_version=9, diagnosis=Hallucinogen dependence, unspecified",high
"Urgent: Your CIBC account was locked. Unlock now: http://cibc-unlock-account.com",low
"BLUETOOTH_NAME: Miku_Baby_Monitor, PIN: 4491, Last Connected: 2027-03-15T13:25:30Z",high
"id:207100, customer_id:55321, phone_number:083156789012, reference_number:TRX-271227151020, net_amount:2350000, status:01, paying_at:2027-12-27T00:00:00Z",high
"icd_code=G47.33, icd_version=10, diagnosis=Obstructive sleep apnea (adult) (pediatric)",high
"Your Venmo $300 payment unclaimed. Cancel: http://venmo-cancel-payment.com",low
"Garcia, Jorge",high
"Name: Franz Josef Glacier; Longitude: 170.183333; Latitude: -43.466667",low
"Bluetooth Device: VTech_Care_Line, PIN: 5581, Last Connected: 2027-03-16T10:20:40Z",high
"icd_code=L29.3, icd_version=10, diagnosis=Pruritus ani",high
"SSID: Keck_Observatory, Password: Subaru2027!", Security: WPA2",low
"Name: Waimea; Longitude: -155.666667; Latitude: 20.016667",low
https://www.cfht.hawaii.edu/research,low
"icd_code=296.89, icd_version=9, diagnosis=Bipolar II disorder",high
"Your Citi AAdvantage Platinum Select baggage benefit activated. View: http://citi-view-baggagebenefit.com",low
"WIFI_CONFIG: Wemo_Mini_Smart_Plug, Password: W3m0_M1n1_2027, Security: WPA3",high
"BLUETOOTH_NAME: VTech_SN6197, PIN: 6644, Last Connected: 2027-03-17T14:55:55Z",high
"icd_code=304.60, icd_version=9, diagnosis=Cocaine dependence, in remission",high
"$5,200 Roatán Dive Vacation Giveaway! Enter: http://roatan-dive-giveaway.com",low
"Name: Bay of Islands; Longitude: 174.100000; Latitude: -35.200000",low
"id:208100, customer_id:44987, phone_number:083167890123, reference_number:INV-280101101035, net_amount:1650000, status:00, paying_at:2028-01-01T00:00:00Z",high
"icd_code=E11.22, icd_version=10, diagnosis=Type 2 diabetes mellitus with diabetic chronic kidney disease",high
"Your Walmart+ mobile scan & go exclusive offer. Save: http://walmartplus-save-scango.com",low
"Kim, Eun-Ji",high
"Name: Abel Tasman; Longitude: 173.000000; Latitude: -40.950000",low
"Bluetooth Device: Panasonic_KX-TG7875, PIN: 1157, Last Connected: 2027-03-18T09:45:35Z",high
"icd_code=H61.23, icd_version=10, diagnosis=Impacted cerumen, bilateral",high
"SSID: Subaru_Telescope, Password: MaunaKea2028!, Security: WPA2",high
"WIFI_CONFIG: Meross_Smart_Plug, Password: M3r0ss_Plg_2028, Security: WPA3",high
"Name: Haleakala Observatory; Longitude: -156.256389; Latitude: 20.708333",low
"icd_code=295.95, icd_version=9, diagnosis=Unspecified schizophrenia, in remission",high
"Your DoorDash Drive catering order revenue report ready. Download: http://doordash-download-revenue.com",low
"BLUETOOTH_NAME: AT&T_CL83101, PIN: 2280, Last Connected: 2027-03-19T13:30:50Z",high
"id:209100, customer_id:66245, phone_number:083178901234, reference_number:TRX-280106142015, net_amount:2150000, status:01, paying_at:2028-01-06T00:00:00Z",high
https://www.jach.hawaii.edu/research,low
"icd_code=I48.91, icd_version=10, diagnosis=Unspecified atrial fibrillation",high
"Your Amazon Clinic dermatology consult report ready. View: http://amazonclinic-view-dermreport.com",low
"Chen, Christine",high
"Name: Milford Sound; Longitude: 167.900000; Latitude: -44.666667",low
"Bluetooth Device: Plantronics_CS540, PIN: 3360, Last Connected: 2027-03-20T10:35:40Z",high
"icd_code=K03.6, icd_version=10, diagnosis=Deposits [accretions] on teeth",high
"SSID: James_Clerk_Maxwell_Telescope, Password: JCMT2028!, Security: WPA2",high
"Name: Mauna Kea Summit; Longitude: -155.472778; Latitude: 19.820833",low
"icd_code=304.70, icd_version=9, diagnosis=Cannabis dependence, episodic",high
"Your Scotiabank credit card fraud alert. Confirm: http://scotiabank-confirm-fraud.com",low
"WIFI_CONFIG: Govee_Life_Smart_Plug, Password: G0v33_L1f3_2028, Security: WPA3",high
"BLUETOOTH_NAME: Motorola_L804, PIN: 4472, Last Connected: 2027-03-21T14:45:30Z",high
"id:210100, customer_id:77123, phone_number:083189012345, reference_number:INV-280111151040, net_amount:1950000, status:00, paying_at:2028-01-11T00:00:00Z",high
"icd_code=G12.22, icd_version=10, diagnosis=Progressive bulbar palsy",high
"Your CVS extracare pharmacy $15 reward expiring. Redeem: http://cvs-redeem-15reward.com",low
"Patel, Asha",high
"Name: Pembrokeshire Coast; Longitude: -5.000000; Latitude: 51.666667",low
"Bluetooth Device: Poly_Savi_8220, PIN: 5592, Last Connected: 2027-03-22T09:30:25Z",high
"icd_code=N90.7, icd_version=10, diagnosis=Unspecified vulvar cyst",high
"SSID: UKIRT, Password: Hawaii2028!, Security: WPA2",low
"Name: Hilo; Longitude: -155.089722; Latitude: 19.705833",low
https://www.ifa.hawaii.edu/research,low
"icd_code=296.44, icd_version=9, diagnosis=Bipolar I disorder, most recent episode (or current) manic, severe with psychotic features",high
"Your American Express Bonvoy Business 5th night free certificate issued. Book: http://amex-book-5thnight.com",low
"WIFI_CONFIG: TP_Link_Tapo, Password: T@p0_P100_2028, Security: WPA3",high
"BLUETOOTH_NAME: Yealink_WH63, PIN: 6635, Last Connected: 2027-03-23T13:55:45Z",high
"icd_code=304.80, icd_version=9, diagnosis=Polysubstance dependence, episodic",high
"Free $2,200 Breville Barista Express! Register: http://breville-barista-giveaway.com",low
"Name: Causeway Coast; Longitude: -6.500000; Latitude: 55.166667",low
"id:211100, customer_id:33489, phone_number:083190123456, reference_number:TRX-280116102055, net_amount:2550000, status:01, paying_at:2028-01-16T00:00:00Z",high
"icd_code=E05.01, icd_version=10, diagnosis=Thyrotoxicosis with diffuse goiter with thyrotoxic crisis or storm",high
"Your Uber Health flex card balance updated. View: http://uberhealth-view-flexbalance.com",low
"Kim, Jin-Woo",high
"Name: Dorset Coast; Longitude: -2.500000; Latitude: 50.666667",low
"Bluetooth Device: Jabra_Evolve2_65, PIN: 1168, Last Connected: 2027-03-24T10:15:30Z",high
"icd_code=H02.84, icd_version=10, diagnosis=Edema of bilateral eyelids",high
"SSID: CFHT_Dome, Password: MaunaKea2028!, Security: WPA2",high
"WIFI_CONFIG: Eve_Energy, Password: Ev3_En3rgy_2028, Security: WPA3",high
"Name: Canada-France-Hawaii Telescope; Longitude: -155.468889; Latitude: 19.825556",low
"icd_code=295.74, icd_version=9, diagnosis=Schizoaffective disorder, chronic state with acute exacerbation",high
"Your PayPal $1,200 seller protection claim denied. Appeal: http://paypal-appeal-denial.com",low
"BLUETOOTH_NAME: Logitech_Zone_Wired, PIN: 2291, Last Connected: 2027-03-25T14:30:55Z",high
"id:212100, customer_id:55678, phone_number:083201234567, reference_number:INV-280121111030, net_amount:1850000, status:00, paying_at:2028-01-21T00:00:00Z",high
"icd_code=O99.330, icd_version=10, diagnosis=Tobacco use disorder complicating pregnancy, second trimester",high
"Your State Department passport renewal is ready. Track: http://travel-gov-passport-status.com",low
"andrea.bianchi@esteri.it",high
"SSID: Svalbard_Seed_Vault_Admin, Password: Doomsday2028!, Security: WPA3",high
"Name: Lake Hillier; Longitude: 123.033333; Latitude: -34.100000",low
https://www.biodiversitylibrary.org/research,low
"BLUETOOTH_NAME: iRobot_Braava_jet_m6, PIN: 1188, MAC: 45:67:89:AB:CD:EF",high
"icd_code=S72.011A, icd_version=10, diagnosis=Unspecified intracapsular fracture of right femur, initial encounter",high
"Your BlackRock retirement account target date changed. Confirm: http://blackrock-confirm-tdf.com",low
"Fernandez, Carlos",high
"Bluetooth Device: Ecovacs_Deebot_X2, PIN: 2299, Last Connected: 2027-03-26T08:45:30Z",high
"icd_code=T33.411A, icd_version=10, diagnosis=Superficial frostbite of right arm, initial encounter",high
https://www.botanicus.org/research,low
"Name: Spotted Lake; Longitude: -119.666667; Latitude: 49.083333",low
"Your Citadel securities account margin call notice. Respond: http://citadel-respond-margin.com",low
"SSID: Arecibo_Legacy_Observatory, Password: Radio2028!", Security: WPA2",low
"BLUETOOTH_NAME: Shark_IQ_Robot, PIN: 3300, MAC: 78:90:12:34:56:AB",high
"icd_code=Z31.430, icd_version=10, diagnosis=Encounter for fertility preservation prior to cancer therapy, female",high
"Congratulations! You've unlocked Uber Platinum status. Benefits: http://uber-platinum-benefits.com",low
"Name: Abraham Lake; Longitude: -115.333333; Latitude: 51.500000",low
"id:213100, customer_id:88123, phone_number:083212345678, reference_number:INV-280126093055, net_amount:4950000, status:00, paying_at:2028-01-26T00:00:00Z",high
"WIFI_CONFIG: Roborock_S7_MaxV, Password: R0br0ck_S7_2028, Security: WPA3",high
"icd_code=H47.141, icd_version=10, diagnosis=Foster-Kennedy syndrome, right eye",high
"Your Noom weight loss program ends soon. Renew: http://noom-renew-subscription.com",low
"Kim, Su-Jin",high
"Name: Lake Baikal; Longitude: 108.000000; Latitude: 53.500000",low
"Bluetooth Device: Dreame_Bot_L10, PIN: 4411, Last Connected: 2027-03-27T14:30:45Z",high
"icd_code=K11.4, icd_version=10, diagnosis=Sialolithiasis",high
"CVS: Your asthma maintenance inhaler refill ready. Pickup: http://cvs-pickup-asthmainhaler.com",low
"SSID: Allen_Array, Password: SETI2028!", Security: WPA2",low
"Name: Lake Balkhash; Longitude: 74.500000; Latitude: 46.500000",low
https://www.seti.org/research,low
"icd_code=R30.1, icd_version=10, diagnosis=Vesical tenesmus",high
"Your Fidelity HSA investment options expanded. Review: http://fidelity-review-hsainvest.com",low
"Patel, Arjun",high
"WIFI_CONFIG: SwitchBot_Curtain, Password: Sw1tchB0t_C2028, Security: WPA3",high
"BLUETOOTH_NAME: Narwal_Freo, PIN: 5522, Last Connected: 2027-03-28T11:40:30Z",high
"icd_code=305.50, icd_version=9, diagnosis=Opioid abuse, unspecified",high
"Free $450 Thrive Market Starter Kit! Claim: http://thrivemarket-starterkit.com",low
"Name: Lake Tuz; Longitude: 33.333333; Latitude: 38.833333",low
"id:214100, customer_id:66789, phone_number:083223456789, reference_number:TRX-280131141040, net_amount:2350000, status:01, paying_at:2028-01-31T00:00:00Z",high
"icd_code=E13.21, icd_version=10, diagnosis=Other specified diabetes mellitus with diabetic nephropathy",high
"Your DoorDash Drive catering order scheduling analytics ready. View: http://doordash-view-schedulinganalytics.com",low
"Bluetooth Device: ILIFE_A10, PIN: 6636, Last Connected: 2027-03-29T15:55:35Z",high
"Name: Lake Van; Longitude: 42.833333; Latitude: 38.616667",low
"SSID: VLA_Control_Room, Password: NewMexico2028!, Security: WPA2",low
"icd_code=N94.4, icd_version=10, diagnosis=Primary dysmenorrhea",high
"Your PayPal Pay in 3 loan paid off. Celebrate: http://paypal-celebrate-loanpaid.com",low
"Rodriguez, Ana",high
"WIFI_CONFIG: Eufy_RoboVac, Password: Eufy_LR30_2028, Security: WPA3",high
"Name: Lake Balaton; Longitude: 17.733333; Latitude: 46.850000",low
"BLUETOOTH_NAME: Cecotec_Conga, PIN: 2270, Last Connected: 2027-03-30T09:35:40Z",high
"icd_code=296.53, icd_version=9, diagnosis=Bipolar I disorder, most recent episode (or current) depressed, severe, without psychotic features",high
"CVS: Your COVID-19 antiviral refill ready. Schedule: http://cvs-schedule-antiviralrefill.com",low
"id:215100, customer_id:33412, phone_number:083234567890, reference_number:INV-280205102050, net_amount:1850000, status:00, paying_at:2028-02-05T00:00:00Z",high
https://www.nrao.edu/research,low
"icd_code=I71.3, icd_version=10, diagnosis=Abdominal aortic aneurysm, ruptured",high
"Your Amazon Household invite for Alexa expired. Resend: http://amazon-resend-alexainvite.com",low
"Tanaka, Kenji",high
"Name: Lake Geneva; Longitude: 6.733333; Latitude: 46.433333",low
"Bluetooth Device: Proscenic_M7, PIN: 3381, Last Connected: 2027-03-31T13:25:30Z",high
"icd_code=K07.62, icd_version=10, diagnosis=Post-osseointegration biological failure of dental implant",high
"SSID: Green_Bank_Observatory, Password: QuietZone2028!, Security: WPA2",high
"WIFI_CONFIG: Lefant_M1, Password: L3f@nt_M1_2028, Security: WPA3",high
"Name: Lake Como; Longitude: 9.266667; Latitude: 46.000000",low
"icd_code=304.60, icd_version=9, diagnosis=Cocaine dependence, in remission",high
"Urgent: Your TD Bank wire transfer held. Verify: http://tdbank-verify-wire.com",low
"BLUETOOTH_NAME: Ultenic_T10, PIN: 4493, Last Connected: 2027-04-01T10:45:55Z",high
"id:216100, customer_id:55234, phone_number:083245678901, reference_number:TRX-280210151025, net_amount:2250000, status:01, paying_at:2028-02-10T00:00:00Z",high
"icd_code=G47.33, icd_version=10, diagnosis=Obstructive sleep apnea (adult) (pediatric)",high
"Your Venmo $50 cash advance repaid. Receipt: http://venmo-receipt-cashadvance.com",low
"Garcia, Lucia",high
"Name: Lake Bled; Longitude: 14.100000; Latitude: 46.366667",low
"Bluetooth Device: Yeedi_Vac_Station, PIN: 6655, Last Connected: 2027-04-02T14:50:30Z",high
"icd_code=L30.4, icd_version=10, diagnosis=Erythema intertrigo",high
"SSID: LIGO_Hanford, Password: Gravity2028!", Security: WPA2",low
"Name: Hanford Site; Longitude: -119.500000; Latitude: 46.500000",low
https://www.ligo.caltech.edu/research,low
"icd_code=296.89, icd_version=9, diagnosis=Bipolar II disorder",high
"Your Citi Prestige Concierge request submitted. Track: http://citi-track-concierge.com",low
"WIFI_CONFIG: iLife_V8s, Password: 1L1f3_V8s_2028, Security: WPA3",high
"BLUETOOTH_NAME: Trifo_Emma, PIN: 1169, Last Connected: 2027-04-03T09:30:25Z",high
"icd_code=304.70, icd_version=9, diagnosis=Cannabis dependence, episodic",high
"$6,800 Antarctica Expedition Cruise Giveaway! Enter: http://antarctica-cruise-giveaway.com",low
"Name: Lake Tekapo; Longitude: 170.416667; Latitude: -44.000000",low
"id:217100, customer_id:77345, phone_number:083256789012, reference_number:INV-280215101035, net_amount:1950000, status:00, paying_at:2028-02-15T00:00:00Z",high
"icd_code=E10.39, icd_version=10, diagnosis=Type 1 diabetes mellitus with other diabetic ophthalmic complication",high
"Your Walmart+ associate discount linked. Save: http://walmartplus-save-associate.com",low
"Kim, Min-Seok",high
"Name: Lake Wakatipu; Longitude: 168.616667; Latitude: -45.050000",low
"Bluetooth Device: Miele_Explore_HX1, PIN: 2282, Last Connected: 2027-04-04T13:35:40Z",high
"icd_code=H40.89, icd_version=10, diagnosis=Other specified glaucoma",high
"SSID: LIGO_Livingston, Password: Louisiana2028!, Security: WPA2",low
"WIFI_CONFIG: Eufy_G30_Edge, Password: Eufy_G30_2028, Security: WPA3",high
"Name: Livingston Parish; Longitude: -90.750000; Latitude: 30.500000",low
"icd_code=295.95, icd_version=9, diagnosis=Unspecified schizophrenia, in remission",high
"Your DoorDash Drive catering corporate account report generated. Download: http://doordash-download-corporatereport.com",low
"BLUETOOTH_NAME: Dyson_360_Eye, PIN: 3392, Last Connected: 2027-04-05T10:25:50Z",high
"id:218100, customer_id:33478, phone_number:083267890123, reference_number:TRX-280220142015, net_amount:2650000, status:01, paying_at:2028-02-20T00:00:00Z",high
https://www.virgo-gw.eu/research,low
"icd_code=I49.01, icd_version=10, diagnosis=Ventricular fibrillation",high
"Your Amazon One medical prescription refill requested. Track: http://amazonone-track-refill.com",low
"Chen, David",high
"Name: Lake Taupo; Longitude: 175.916667; Latitude: -38.816667",low
"Bluetooth Device: Neato_D10, PIN: 4414, Last Connected: 2027-04-06T14:45:35Z",high
"icd_code=K04.8, icd_version=10, diagnosis=Radicular cyst of tooth",high
"SSID: Virgo_Interferometer, Password: Cascina2028!, Security: WPA2",low
"Name: Cascina; Longitude: 10.550000; Latitude: 43.683333",low
"icd_code=304.80, icd_version=9, diagnosis=Polysubstance dependence, episodic",high
"Your HSBC Premier relationship bonus credited. View: http://hsbc-view-premierbonus.com",low
"WIFI_CONFIG: Roomba_Combo_j9, Password: R00mb4_j9_2028, Security: WPA3",high
"BLUETOOTH_NAME: Roborock_Q_Revo, PIN: 5503, Last Connected: 2027-04-07T09:55:30Z",high
"id:219100, customer_id:99123, phone_number:083278901234, reference_number:INV-280225111050, net_amount:1750000, status:00, paying_at:2028-02-25T00:00:00Z",high
"icd_code=G56.02, icd_version=10, diagnosis=Carpal tunnel syndrome, left upper limb",high
"Your CVS extracare pharmacy $20 wellness reward earned. Redeem: http://cvs-redeem-wellness20.com",low
"Patel, Kavita",high
"Name: Lake Pukaki; Longitude: 170.166667; Latitude: -44.116667",low
"Bluetooth Device: Shark_AI_RV2600, PIN: 6637, Last Connected: 2027-04-08T13:30:45Z",high
"icd_code=N81.2, icd_version=10, diagnosis=Complete uterovaginal prolapse",high
"SSID: GEO600_Control, Password: Hannover2028!, Security: WPA2",low
"Name: Ruthe; Longitude: 9.816667; Latitude: 52.250000",low
https://www.geo600.org/research,low
"icd_code=296.32, icd_version=9, diagnosis=Major depressive disorder, recurrent, moderate",high
"Your American Express Schwab Platinum $200 credit used. Receipt: http://amex-receipt-schwabcredit.com",low
"WIFI_CONFIG: DreameBot_D10_Plus, Password: Dr34m3_D10_2028, Security: WPA3",high
"BLUETOOTH_NAME: ILIFE_V8_Pro, PIN: 1170, Last Connected: 2027-04-09T10:20:30Z",high
"icd_code=304.90, icd_version=9, diagnosis=Other specified drug dependence, unspecified",high
"Free $1,200 KitchenAid Stand Mixer & Attachment Set! Register: http://kitchenaid-mixer-set.com",low
"Name: Lake Ohrid; Longitude: 20.716667; Latitude: 41.083333",low
"id:220100, customer_id:44567, phone_number:083289012345, reference_number:TRX-280301152035, net_amount:2350000, status:01, paying_at:2028-03-01T00:00:00Z",high
"icd_code=E05.02, icd_version=10, diagnosis=Thyrotoxicosis with diffuse goiter with thyrotoxic crisis or storm",high
"Your Uber Health ride history insurance summary ready. Download: http://uberhealth-download-insurancesummary.com",low
"Kim, Jae-Hyun",high
"Name: Lake Prespa; Longitude: 21.000000; Latitude: 40.833333",low
"Bluetooth Device: Lefant_N3, PIN: 2293, Last Connected: 2027-04-10T14:35:50Z",high
"icd_code=H02.53, icd_version=10, diagnosis=Ectropion of bilateral eyelids",high
"SSID: KAGRA_Control, Password: Kamioka2028!, Security: WPA2",high
"WIFI_CONFIG: Yeedi_2_Pro, PIN: 3363, Last Connected: 2027-04-11T09:40:35Z",high
"Name: Kamioka; Longitude: 137.316667; Latitude: 36.416667",low
"icd_code=295.74, icd_version=9, diagnosis=Schizoaffective disorder, chronic state with acute exacerbation",high
"Your PayPal $2,500 business loan underwriting. Upload: http://paypal-upload-underwriting.com",low
"BLUETOOTH_NAME: Cecotec_Conga_Ultra, PIN: 4475, Last Connected: 2027-04-12T13:50:40Z",high
"id:221100, customer_id:77890, phone_number:083290123456, reference_number:INV-280306101020, net_amount:1950000, status:00, paying_at:2028-03-06T00:00:00Z",high
"icd_code=O24.1, icd_version=10, diagnosis=Pre-existing type 2 diabetes mellitus, in pregnancy, unspecified trimester",high
"Your Global Entry membership expires in 30 days. Renew: http://cbp-globalentry-renew.com",low
"fatima.alshamsi@moh.gov.ae",high
"SSID: Neumayer_Station_Lab, Password: Polar2028!", Security: WPA2",high
"Name: Lake Natron; Longitude: 36.000000; Latitude: -2.333333",low
https://www.royalsociety.org/research,low
"BLUETOOTH_NAME: Coway_Airmega, PIN: 1199, MAC: 56:78:90:12:34:CD",high
"icd_code=S82.101A, icd_version=10, diagnosis=Unspecified fracture of upper end of right tibia, initial encounter",high
"Your Vanguard target retirement fund expense ratio decreased. View: http://vanguard-view-erdeduction.com",low
"Khan, Omar",high
"Bluetooth Device: Blueair_Protect, PIN: 3301, Last Connected: 2027-04-13T08:30:25Z",high
"icd_code=T33.611A, icd_version=10, diagnosis=Superficial frostbite of right hip and thigh, initial encounter",high
https://www.royalgeographicalsociety.org/research,low
"Name: Lake Retba; Longitude: -17.250000; Latitude: 14.833333",low
"Your Wise account was accessed from new browser. Verify: http://wise-verify-browser.com",low
"SSID: Halley_VI, Password: Brunt2028!", Security: WPA2",low
"BLUETOOTH_NAME: IQAir_HealthPro, PIN: 4422, Last Connected: 2027-04-14T14:45:30Z",high
"icd_code=Z30.41, icd_version=10, diagnosis=Encounter for surveillance of intrauterine contraceptive device",high
"Congratulations! Your Upwork profile is top-rated. Badge: http://upwork-toprated-badge.com",low
"Name: Lake Hillier; Longitude: 123.033333; Latitude: -34.100000",low
"id:222100, customer_id:88234, phone_number:083301234567, reference_number:TRX-280311093040, net_amount:3850000, status:00, paying_at:2028-03-11T00:00:00Z",high
"WIFI_CONFIG: Levoit_Core_400S, Password: L3v01t_C400_2028, Security: WPA3",high
"icd_code=H35.022, icd_version=10, diagnosis=Exudative age-related macular degeneration, left eye",high
"Your ClassPass credits are expiring. Book: http://classpass-book-credits.com",low
"Chen, Michelle",high
"Name: Lake Balqash; Longitude: 74.500000; Latitude: 46.500000",low
"Bluetooth Device: Molekule_Air_Mini, PIN: 5533, Last Connected: 2027-04-15T11:35:45Z",high
"icd_code=K05.319, icd_version=10, diagnosis=Chronic periodontitis, unspecified",high
"CVS: Your cholesterol medication refill due. Request: http://cvs-request-cholesterolrefill.com",low
"SSID: Concordia_Station, Password: DomeC2028!", Security: WPA2",low
"Name: Lake Vanda; Longitude: 161.583333; Latitude: -77.533333",low
https://www.ipcc.ch/research,low
"icd_code=R33.9, icd_version=10, diagnosis=Retention of urine, unspecified",high
"Your E-Trade stock plan account statement ready. Download: http://etrade-download-stockplan.com",low
"Patel, Deepa",high
"WIFI_CONFIG: Alen_BreatheSmart, Password: Al3n_Br3ath3_2028, Security: WPA3",high
"BLUETOOTH_NAME: Winix_Zero, PIN: 6646, Last Connected: 2027-04-16T15:50:30Z",high
"icd_code=305.60, icd_version=9, diagnosis=Cocaine abuse, episodic",high
"Free $600 Caraway Cookware Set! Claim: http://caraway-cookware-giveaway.com",low
"Name: Lake Assal; Longitude: 42.500000; Latitude: 11.666667",low
"id:223100, customer_id:66701, phone_number:083312345678, reference_number:INV-280316141025, net_amount:2250000, status:01, paying_at:2028-03-16T00:00:00Z",high
"icd_code=E10.29, icd_version=10, diagnosis=Type 1 diabetes mellitus with other diabetic kidney complication",high
"Your DoorDash Drive catering employee wellness program enrolled. Track: http://doordash-track-wellnessprogram.com",low
"Bluetooth Device: Honeywell_Home, PIN: 2274, Last Connected: 2027-04-17T09:30:40Z",high
"Name: Lake Titicaca; Longitude: -69.500000; Latitude: -15.750000",low
"SSID: Scott_Base, Password: RossIsland2028!, Security: WPA2",low
"icd_code=N94.89, icd_version=10, diagnosis=Other specified conditions associated with female genital organs and menstrual cycle",high
"Your PayPal Pay in 4 spending limit increased. View: http://paypal-view-spendinglimit.com",low
"Rodriguez, Elena",high
"WIFI_CONFIG: Dyson_Purifier_Cool, Password: Dys0n_TP07_2028, Security: WPA3",high
"Name: Lake Poopó; Longitude: -67.083333; Latitude: -18.550000",low
"BLUETOOTH_NAME: Philips_Series_3000, PIN: 3384, Last Connected: 2027-04-18T13:40:35Z",high
"icd_code=296.90, icd_version=9, diagnosis=Unspecified episodic mood disorder",high
"CVS: Your flu shot booster is due. Schedule: http://cvs-schedule-flubooster.com",low
"id:224100, customer_id:33456, phone_number:083323456789, reference_number:TRX-280321102035, net_amount:1850000, status:00, paying_at:2028-03-21T00:00:00Z",high
https://www.bas.ac.uk/research,low
"icd_code=I72.3, icd_version=10, diagnosis=Aneurysm of iliac artery",high
"Your Amazon Smart Thermostat energy savings report ready. View: http://amazon-view-energysavings.com",low
"Tanaka, Akiko",high
"Name: Lake Eyre; Longitude: 137.333333; Latitude: -29.000000",low
"Bluetooth Device: Rabbit_Air, PIN: 4405, Last Connected: 2027-04-19T10:25:30Z",high
"icd_code=K08.53, icd_version=10, diagnosis=Fractured dental restorative material with loss of material",high
"SSID: Casey_Station, Password: Windmill2028!", Security: WPA2",low
"WIFI_CONFIG: Blueair_Classic, Password: Blu31r_C680i_2028, Security: WPA3",high
"Name: Lake Gairdner; Longitude: 136.000000; Latitude: -31.750000",low
"icd_code=304.10, icd_version=9, diagnosis=Sedative, hypnotic or anxiolytic dependence, unspecified",high
"Urgent: Your RBC business account overdraft. Deposit: http://rbc-deposit-overdraft.com",low
"BLUETOOTH_NAME: Oransi_TrueAir, PIN: 5514, Last Connected: 2027-04-20T14:55:45Z",high
"id:225100, customer_id:55679, phone_number:083334567890, reference_number:INV-280326151050, net_amount:2150000, status:01, paying_at:2028-03-26T00:00:00Z",high
"icd_code=G47.33, icd_version=10, diagnosis=Obstructive sleep apnea (adult) (pediatric)",high
"Your Venmo $200 payment returned. Re-send: http://venmo-resend-payment200.com",low
"Garcia, Andres",high
"Name: Lake Torrens; Longitude: 138.000000; Latitude: -31.000000",low
"Bluetooth Device: Austin_Air_HealthMate, PIN: 6628, Last Connected: 2027-04-21T09:35:50Z",high
"icd_code=L23.5, icd_version=10, diagnosis=Allergic contact dermatitis due to other chemical products",high
"SSID: Davis_Station, Password: Vestfold2028!", Security: WPA2",low
"Name: Lake Mungo; Longitude: 143.000000; Latitude: -33.750000",low
https://www.aad.gov.au/research,low
"icd_code=296.89, icd_version=9, diagnosis=Bipolar II disorder",high
"Your Citi Custom Cash 5% category expired. Select: http://citi-select-category2028.com",low
"WIFI_CONFIG: Molekule_Air_Pro, PIN: 1171, Last Connected: 2027-04-22T13:30:25Z",high
"BLUETOOTH_NAME: Coway_Airmega_ProX, PIN: 2295, Last Connected: 2027-04-23T10:20:40Z",high
"icd_code=304.20, icd_version=9, diagnosis=Cocaine dependence, episodic",high
"$7,500 Bora Bora Overwater Bungalow Giveaway! Enter: http://borabora-bungalow-giveaway.com",low
"Name: Lake Frome; Longitude: 139.500000; Latitude: -30.500000",low
"id:226100, customer_id:77134, phone_number:083345678901, reference_number:TRX-280331101055, net_amount:2350000, status:00, paying_at:2028-03-31T00:00:00Z",high
"icd_code=E11.40, icd_version=10, diagnosis=Type 2 diabetes mellitus with diabetic neuropathy, unspecified",high
"Your Walmart+ member fuel discount applied. Save: http://walmartplus-save-fueldiscount.com",low
"Kim, Ji-Won",high
"Name: Lake Disappointment; Longitude: 122.833333; Latitude: -23.500000",low
"Bluetooth Device: Whirlpool_WRV, PIN: 3365, Last Connected: 2027-04-24T14:45:30Z",high
"icd_code=H60.33, icd_version=10, diagnosis=Swimmer's ear, bilateral",high
"SSID: Mawson_Station, Password: MacRobertson2028!, Security: WPA2",low
"WIFI_CONFIG: LG_Puricare, Password: LG_Pur1_C@re_2028, Security: WPA3",high
"Name: Lake Amadeus; Longitude: 130.833333; Latitude: -24.800000",low
"icd_code=295.95, icd_version=9, diagnosis=Unspecified schizophrenia, in remission",high
"Your DoorDash Drive catering order forecasting report ready. Analyze: http://doordash-analyze-forecasting.com",low
"BLUETOOTH_NAME: Samsung_Bespoke_Jet, PIN: 4476, Last Connected: 2027-04-25T09:55:35Z",high
"id:227100, customer_id:44512, phone_number:083356789012, reference_number:INV-280405142020, net_amount:1950000, status:01, paying_at:2028-04-05T00:00:00Z",high
https://www.niwa.co.nz/research,low
"icd_code=I83.10, icd_version=10, diagnosis=Varicose veins of lower extremities with inflammation",high
"Your Amazon Clinic mental health therapy session scheduled. Join: http://amazonclinic-join-therapy.com",low
"Chen, Angela",high
"Name: Lake Benmore; Longitude: 170.166667; Latitude: -44.433333",low
"Bluetooth Device: Dyson_V15_Detect, PIN: 5545, Last Connected: 2027-04-26T13:35:40Z",high
"icd_code=K12.2, icd_version=10, diagnosis=Cellulitis and abscess of mouth",high
"SSID: Zhongshan_Station, Password: Larsemann2028!, Security: WPA2",low
"Name: Lake Manapouri; Longitude: 167.500000; Latitude: -45.500000",low
"icd_code=304.30, icd_version=9, diagnosis=Cannabis dependence, unspecified",high
"Your BMO Harris bank fraudulent transaction alert. Review: http://bmo-review-fraudalert.com",low
"WIFI_CONFIG: Shark_PowerDetect, Password: Sh@rk_PD2028, Security: WPA3",high
"BLUETOOTH_NAME: Electrolux_Ergorapido, PIN: 6639, Last Connected: 2027-04-27T10:30:45Z",high
"id:228100, customer_id:66334, phone_number:083367890123, reference_number:TRX-280410151035, net_amount:2550000, status:00, paying_at:2028-04-10T00:00:00Z",high
"icd_code=G56.03, icd_version=10, diagnosis=Carpal tunnel syndrome, bilateral upper limbs",high
"Your CVS extracare pharmacy $10 beauty reward earned. Redeem: http://cvs-redeem-beauty10.com",low
"Patel, Sanjay",high
"Name: Lake Te Anau; Longitude: 167.833333; Latitude: -45.200000",low
"Bluetooth Device: Bissell_Crosswave, PIN: 1172, Last Connected: 2027-04-28T14:50:30Z",high
"icd_code=N83.11, icd_version=10, diagnosis=Corpus luteum cyst, right side",high
"SSID: Troll_Station, Password: Jutulsessen2028!, Security: WPA2",high
"Name: Lake Hauroko; Longitude: 167.333333; Latitude: -46.000000",low
https://www.npolar.no/research,low
"icd_code=296.33, icd_version=9, diagnosis=Major depressive disorder, recurrent, severe without psychotic features",high
"Your American Express Delta Reserve companion certificate expiring. Book: http://amex-book-companion2028.com",low
"WIFI_CONFIG: Tineco_FLOOR_One, Password: T1n3c0_S7_2028, Security: WPA3",high
"BLUETOOTH_NAME: Hizero_F300, PIN: 2286, Last Connected: 2027-04-29T09:25:35Z",high
"icd_code=304.40, icd_version=9, diagnosis=Amphetamine dependence, in remission",high
"Free $950 HexClad Cookware Set! Register: http://hexclad-cookware-giveaway.com",low
"Name: Lake Poteriteri; Longitude: 167.333333; Latitude: -46.083333",low
"id:229100, customer_id:33489, phone_number:083378901234, reference_number:INV-280415101040, net_amount:1750000, status:01, paying_at:2028-04-15T00:00:00Z",high
"icd_code=E05.10, icd_version=10, diagnosis=Thyrotoxicosis with toxic single thyroid nodule without thyrotoxic crisis",high
"Your Uber Health dependent care FSA eligible. Submit: http://uberhealth-submit-fsaclaim.com",low
"Kim, Min-Ji",high
"Name: Lake Monowai; Longitude: 167.416667; Latitude: -45.833333",low
"Bluetooth Device: Roborock_Dyad_Pro, PIN: 3396, Last Connected: 2027-04-30T13:45:30Z",high
"icd_code=H02.51, icd_version=10, diagnosis=Ectropion of right eyelid",high
"SSID: Syowa_Station, Password: Ongul2028!, Security: WPA2",low
"WIFI_CONFIG: Bissell_SpinWave, PIN: 4407, Last Connected: 2027-05-01T10:35:40Z",high
"Name: Lake Hakapoua; Longitude: 167.166667; Latitude: -46.166667",low
"icd_code=295.74, icd_version=9, diagnosis=Schizoaffective disorder, chronic state with acute exacerbation",high
"Your PayPal $3,000 business line of credit funded. Access: http://paypal-access-credit3000.com",low
"BLUETOOTH_NAME: Samsung_Jet_75, PIN: 5536, Last Connected: 2027-05-02T14:55:45Z",high
"id:230100, customer_id:99101, phone_number:083389012345, reference_number:TRX-280420142055, net_amount:2150000, status:00, paying_at:2028-04-20T00:00:00Z",high
"icd_code=O99.214, icd_version=10, diagnosis=Injury from self-harm complicating pregnancy, third trimester",high
"Your TSA PreCheck membership is expiring. Renew online: http://tsa-precheck-renewal.gov",low
"kenji.tanaka@mofa.go.jp",high
"SSID: Esrange_Space_Center, Password: Kiruna2028!", Security: WPA3",high
"Name: Lake Mjøsa; Longitude: 11.000000; Latitude: 60.666667",low
https://www.esa.int/research,low
"BLUETOOTH_NAME: Philips_Sonicare_DiamondClean, PIN: 2200, MAC: 67:89:AB:CD:EF:01",high
"icd_code=S42.201A, icd_version=10, diagnosis=Unspecified fracture of upper end of right humerus, initial encounter",high
"Your TIAA traditional annuity crediting rate changed. Review: http://tiaa-review-annuityrate.com",low
"Silva, Joao",high
"Bluetooth Device: Oral-B_iO10, PIN: 3312, Last Connected: 2028-01-01T08:30:45Z",high
"icd_code=T33.811A, icd_version=10, diagnosis=Superficial frostbite of right foot, initial encounter",high
https://www.dlr.de/research,low
"Name: Lake Vänern; Longitude: 13.333333; Latitude: 58.916667",low
"Your Interactive Brokers margin loan rate adjusted. View: http://interactivebrokers-view-marginrate.com",low
"SSID: Andøya_Space, Password: North2028!, Security: WPA2",low
"BLUETOOTH_NAME: Waterpik_WP-660, PIN: 4423, Last Connected: 2028-01-02T14:35:30Z",high
"icd_code=Z31.63, icd_version=10, diagnosis=Encounter for genetic counseling for fertility preservation",high
"Congratulations! Your Fiverr Pro badge is approved. Showcase: http://fiverr-pro-badge.com",low
"Name: Lake Saimaa; Longitude: 28.000000; Latitude: 61.333333",low
"id:231100, customer_id:88345, phone_number:083390123456, reference_number:INV-280425093050, net_amount:4450000, status:00, paying_at:2028-04-25T00:00:00Z",high
"WIFI_CONFIG: Panasonic_EW-DJ40, Password: P@n@S0n1c_WJ2028, Security: WPA3",high
"icd_code=H35.311, icd_version=10, diagnosis=Non-exudative age-related macular degeneration, right eye",high
"Your WW (Weight Watchers) digital scale syncs. Track: http://ww-track-scale.com",low
"Chen, Tiffany",high
"Name: Lake Peipus; Longitude: 27.500000; Latitude: 58.666667",low
"Bluetooth Device: Foreo_Luna_4, PIN: 5544, Last Connected: 2028-01-03T11:45:30Z",high
"icd_code=K05.6, icd_version=10, diagnosis=Periodontal disease, unspecified",high
"CVS: Your thyroid medication auto-refill scheduled. Confirm: http://cvs-confirm-thyroidrefill.com",low
"SSID: Salto_di_Quirra, Password: Sardinia2028!", Security: WPA2",low
"Name: Lake Balaton; Longitude: 17.733333; Latitude: 46.850000",low
https://www.asi.it/research,low
"icd_code=R39.191, icd_version=10, diagnosis=The need to immediately re-void",high
"Your Betterment tax loss harvesting summary ready. Download: http://betterment-download-tlhsummary.com",low
"Khan, Zara",high
"WIFI_CONFIG: Conair_InfinitiPro, Password: C0n41r_Ha1r2028, Security: WPA3",high
"BLUETOOTH_NAME: Braun_Silk_Expert, PIN: 6657, Last Connected: 2028-01-04T15:50:35Z",high
"icd_code=305.80, icd_version=9, diagnosis=Antidepressant type abuse, unspecified",high
"Free $800 Caraway Nonstick Bakeware Set! Claim: http://caraway-bakeware-giveaway.com",low
"Name: Lake Skadar; Longitude: 19.250000; Latitude: 42.166667",low
"id:232100, customer_id:66890, phone_number:083401234567, reference_number:TRX-280430141030, net_amount:2350000, status:01, paying_at:2028-04-30T00:00:00Z",high
"icd_code=E10.40, icd_version=10, diagnosis=Type 1 diabetes mellitus with diabetic neuropathy, unspecified",high
"Your DoorDash Drive catering employee feedback report ready. Review: http://doordash-review-employeefeedback.com",low
"Bluetooth Device: Philips_Lumea_9000, PIN: 2287, Last Connected: 2028-01-05T09:30:40Z",high
"Name: Lake Prespa; Longitude: 21.000000; Latitude: 40.833333",low
"SSID: Esrange_Launch_Pad, Password: Suborbital2028!, Security: WPA3",high
"icd_code=N94.5, icd_version=10, diagnosis=Secondary dysmenorrhea",high
"Your PayPal Pay in 2 promotional 0% APR applied. Shop: http://paypal-shop-0aprbuy.com",low
"Rodriguez, Sofia",high
"WIFI_CONFIG: Remington_PROtect, Password: R3m1ngt0n_Pr02028, Security: WPA3",high
"Name: Lake Ohrid; Longitude: 20.716667; Latitude: 41.083333",low
"BLUETOOTH_NAME: BaByliss_Epilation, PIN: 3397, Last Connected: 2028-01-06T13:35:50Z",high
"icd_code=296.51, icd_version=9, diagnosis=Bipolar I disorder, most recent episode (or current) depressed, mild",high
"CVS: Your blood glucose test strips refill ready. Pickup: http://cvs-pickup-glucoserefill.com",low
"id:233100, customer_id:33567, phone_number:083412345678, reference_number:INV-280505102040, net_amount:1850000, status:00, paying_at:2028-05-05T00:00:00Z",high
https://www.space.gov.au/research,low
"icd_code=I72.4, icd_version=10, diagnosis=Aneurysm of artery of lower extremity",high
"Your Amazon Halo subscription health metrics ready. View: http://amazon-view-halometrics.com",low
"Tanaka, Haruki",high
"Name: Lake Trasimeno; Longitude: 12.100000; Latitude: 43.150000",low
"Bluetooth Device: GHD_Unplugged, PIN: 4408, Last Connected: 2028-01-07T10:25:30Z",high
"icd_code=K08.52, icd_version=10, diagnosis=Loss of dental restoration due to caries",high
"SSID: Esrange_Balloon_Launch, Password: Stratosphere2028!, Security: WPA2",low
"WIFI_CONFIG: Wahl_Clipper, PIN: 5525, Last Connected: 2028-01-08T14:45:35Z",high
"Name: Lake Bolsena; Longitude: 11.933333; Latitude: 42.600000",low
"icd_code=304.50, icd_version=9, diagnosis=Hallucinogen dependence, unspecified",high
"Urgent: Your National Bank of Kuwait account accessed. Verify: http://nbk-verify-access.com",low
"BLUETOOTH_NAME: Panasonic_EH-NA65, PIN: 1173, Last Connected: 2028-01-09T09:55:40Z",high
"id:234100, customer_id:55780, phone_number:083423456789, reference_number:TRX-280510151045, net_amount:2250000, status:01, paying_at:2028-05-10T00:00:00Z",high
"icd_code=G47.33, icd_version=10, diagnosis=Obstructive sleep apnea (adult) (pediatric)",high
"Your Venmo $1,000 payment received from employer. Confirm: http://venmo-confirm-payment1000.com",low
"Garcia, Lucia",high
"Name: Lake Bracciano; Longitude: 12.233333; Latitude: 42.116667",low
"Bluetooth Device: Dyson_Supersonic_Nural, PIN: 6640, Last Connected: 2028-01-10T13:30:45Z",high
"icd_code=L23.9, icd_version=10, diagnosis=Allergic contact dermatitis, unspecified cause",high
"SSID: Kiruna_Research, Password: Estrange2028!, Security: WPA2",low
"Name: Lake Como; Longitude: 9.266667; Latitude: 46.000000",low
https://www.snsb.se/research,low
"icd_code=296.89, icd_version=9, diagnosis=Bipolar II disorder",high
"Your Citi AAdvantage Gold 25% in-flight savings activated. Use: http://citi-use-inflightsavings.com",low
"WIFI_CONFIG: Shark_Speed_Style, Password: Sh@rk_Pr0_2028, Security: WPA3",high
"BLUETOOTH_NAME: Revlon_One_Step, PIN: 2298, Last Connected: 2028-01-11T10:20:30Z",high
"icd_code=304.60, icd_version=9, diagnosis=Cocaine dependence, in remission",high
"$8,200 Bhutan Luxury Retreat Giveaway! Enter: http://bhutan-retreat-giveaway.com",low
"Name: Lake Maggiore; Longitude: 8.600000; Latitude: 46.000000",low
"id:235100, customer_id:77245, phone_number:083434567890, reference_number:INV-280515101055, net_amount:1950000, status:00, paying_at:2028-05-15T00:00:00Z",high
"icd_code=E11.41, icd_version=10, diagnosis=Type 2 diabetes mellitus with diabetic mononeuropathy",high
"Your Walmart+ member early access deal unlocked. Shop: http://walmartplus-shop-earlyaccess.com",low
"Kim, Min-Seo",high
"Name: Lake Lucerne; Longitude: 8.383333; Latitude: 47.016667",low
"Bluetooth Device: T3_AireLuxe, PIN: 3367, Last Connected: 2028-01-12T14:35:30Z",high
"icd_code=H61.21, icd_version=10, diagnosis=Impacted cerumen, right ear",high
"SSID: Salto_di_Quirra_Launch, Password: Vega2028!", Security: WPA3",high
"WIFI_CONFIG: Conair_You_Curler, PIN: 4419, Last Connected: 2028-01-13T09:40:45Z",high
"Name: Lake Garda; Longitude: 10.666667; Latitude: 45.666667",low
"icd_code=295.95, icd_version=9, diagnosis=Unspecified schizophrenia, in remission",high
"Your DoorDash Drive catering order sustainability report ready. Download: http://doordash-download-sustainability.com",low
"BLUETOOTH_NAME: Babyliss_Miracle, PIN: 5537, Last Connected: 2028-01-14T13:50:35Z",high
"id:236100, customer_id:44678, phone_number:083445678901, reference_number:TRX-280520142030, net_amount:2650000, status:01, paying_at:2028-05-20T00:00:00Z",high
https://www.cnes.fr/research,low
"icd_code=I83.89, icd_version=10, diagnosis=Varicose veins of lower extremities with other complications",high
"Your Amazon Clinic women's health consult report ready. View: http://amazonclinic-view-womenshealth.com",low
"Chen, Kevin",high
"Name: Lake Geneva; Longitude: 6.733333; Latitude: 46.433333",low
"Bluetooth Device: Shark_HyperAir, PIN: 6641, Last Connected: 2028-01-15T10:30:40Z",high
"icd_code=K14.6, icd_version=10, diagnosis=Glossodynia",high
"SSID: Andøya_Launch, Password: Alomar2028!", Security: WPA2",low
"Name: Lake Neuchâtel; Longitude: 6.833333; Latitude: 46.950000",low
"icd_code=304.70, icd_version=9, diagnosis=Cannabis dependence, episodic",high
"Your Qatar Islamic Bank credit card used overseas. Confirm: http://qib-confirm-overseas.com",low
"WIFI_CONFIG: Remington_Smooth_Silk, PIN: 1174, Last Connected: 2028-01-16T14:45:30Z",high
"BLUETOOTH_NAME: Braun_FaceSpa, PIN: 2289, Last Connected: 2028-01-17T09:35:25Z",high
"id:237100, customer_id:66543, phone_number:083456789012, reference_number:INV-280525151020, net_amount:1750000, status:00, paying_at:2028-05-25T00:00:00Z",high
"icd_code=G56.01, icd_version=10, diagnosis=Carpal tunnel syndrome, right upper limb",high
"Your CVS extracare pharmacy $25 annual reward earned. Redeem: http://cvs-redeem-annual25.com",low
"Patel, Rohan",high
"Name: Lake Constance; Longitude: 9.383333; Latitude: 47.583333",low
"Bluetooth Device: Philips_Norelco_9000, PIN: 3398, Last Connected: 2028-01-18T13:55:40Z",high
"icd_code=N81.4, icd_version=10, diagnosis=Uterovaginal prolapse, unspecified",high
"SSID: Esrange_Space_Campus, Password: Space2028!, Security: WPA3",high
"Name: Lake Chiemsee; Longitude: 12.416667; Latitude: 47.883333",low
https://www.dtu.dk/research,low
"icd_code=296.34, icd_version=9, diagnosis=Major depressive disorder, recurrent, severe with psychotic features",high
"Your American Express Marriott Bonvoy Brilliant $25 dining credit used. Receipt: http://amex-receipt-diningcredit.com",low
"WIFI_CONFIG: Wahl_Color_Pro, PIN: 4420, Last Connected: 2028-01-19T10:20:35Z",high
"BLUETOOTH_NAME: Andis_Clipper, PIN: 5548, Last Connected: 2028-01-20T14:30:45Z",high
"icd_code=304.80, icd_version=9, diagnosis=Polysubstance dependence, episodic",high
"Free $1,500 Made In Cookware Set! Register: http://madein-cookware-giveaway.com",low
"Name: Lake Starnberg; Longitude: 11.366667; Latitude: 47.966667",low
"id:238100, customer_id:33412, phone_number:083467890123, reference_number:TRX-280530101035, net_amount:2350000, status:01, paying_at:2028-05-30T00:00:00Z",high
"icd_code=E05.20, icd_version=10, diagnosis=Thyrotoxicosis with toxic multinodular goiter without thyrotoxic crisis",high
"Your Uber Health FSA eligible expenses summary ready. Download: http://uberhealth-download-fsasummary.com",low
"Kim, Eun-Jung",high
"Name: Lake Wörth; Longitude: 14.166667; Latitude: 46.633333",low
"Bluetooth Device: Panasonic_ES-LV9T, PIN: 6612, Last Connected: 2028-01-21T09:45:30Z",high
"icd_code=H02.52, icd_version=10, diagnosis=Ectropion of left eyelid",high
"SSID: Andøya_Test_Center, Password: Rocket2028!", Security: WPA2",low
"WIFI_CONFIG: Braun_Series_9_Pro, PIN: 1175, Last Connected: 2028-01-22T13:35:50Z",high
"Name: Lake Ossiach; Longitude: 13.983333; Latitude: 46.683333",low
"icd_code=295.74, icd_version=9, diagnosis=Schizoaffective disorder, chronic state with acute exacerbation",high
"Your PayPal $4,500 working capital loan repayment confirmed. Receipt: http://paypal-receipt-capital4500.com",low
"BLUETOOTH_NAME: Remington_Brushless, PIN: 2290, Last Connected: 2028-01-23T10:25:40Z",high
"id:239100, customer_id:99234, phone_number:083478901234, reference_number:INV-280604142045, net_amount:1950000, status:00, paying_at:2028-06-04T00:00:00Z",high
"icd_code=O24.2, icd_version=10, diagnosis=Pre-existing type 1 diabetes mellitus, in pregnancy, unspecified trimester",high
"Your UK Global Health Insurance Card expires soon. Renew: http://nhs-ghic-renewal.gov.uk",low
"emily.thompson@dhsc.gov.uk",high
"SSID: Svalbard_Satellite_Station, Password: SvalSat2028!", Security: WPA3",high
"Name: Lake Lagoda; Longitude: 31.500000; Latitude: 60.833333",low
https://www.nersc.no/research,low
"BLUETOOTH_NAME: Oral-B_Genius_X, PIN: 3313, MAC: 78:90:AB:CD:EF:12",high
"icd_code=S82.301A, icd_version=10, diagnosis=Unspecified fracture of lower end of right tibia, initial encounter",high
"Your Nationwide building society mortgage offer extended. Confirm: http://nationwide-confirm-mortgageoffer.com",low
"O'Connor, Sean",high
"Bluetooth Device: Waterpik_Complete_Care, PIN: 4424, Last Connected: 2028-01-24T08:30:45Z",high
"icd_code=T33.911A, icd_version=10, diagnosis=Superficial frostbite of unspecified foot, initial encounter",high
https://www.polar.se/research,low
"Name: Lake Onega; Longitude: 35.500000; Latitude: 61.666667",low
"Your Alibaba.com supplier verification pending. Complete: http://alibaba-verify-supplier.com",low
"SSID: TrollSat, Password: QueenMaud2028!, Security: WPA2",low
"BLUETOOTH_NAME: Sonicare_9900_Prestige, PIN: 5538, Last Connected: 2028-01-25T14:35:30Z",high
"icd_code=Z31.430, icd_version=10, diagnosis=Encounter for fertility preservation prior to cancer therapy, female",high
"Congratulations! Your Behance featured gallery selected. View: http://behance-featured-gallery.com",low
"Name: Lake Taymyr; Longitude: 104.000000; Latitude: 74.500000",low
"id:240100, customer_id:88456, phone_number:083489012345, reference_number:TRX-280609093055, net_amount:4650000, status:00, paying_at:2028-06-09T00:00:00Z",high
"WIFI_CONFIG: Panasonic_EH-XD20, Password: P@n@_N@n0e2028, Security: WPA3",high
"icd_code=H35.312, icd_version=10, diagnosis=Non-exudative age-related macular degeneration, left eye",high
"Your Noom psychological flexibility score improved. Track: http://noom-track-flexibility.com",low
"Martinez, Carmen",high
"Name: Lake Khanka; Longitude: 132.500000; Latitude: 45.000000",low
"Bluetooth Device: Conair_Satin_FX, PIN: 6642, Last Connected: 2028-01-26T11:30:45Z",high
"icd_code=K05.01, icd_version=10, diagnosis=Acute gingivitis, plaque induced",high
"CVS: Your osteoporosis medication refill reminder. Schedule: http://cvs-schedule-osteorefill.com",low
"SSID: ALOMAR_Observatory, Password: Andenes2028!, Security: WPA2",low
"Name: Lake Khövsgöl; Longitude: 100.500000; Latitude: 51.000000",low
https://www.space.dk/research,low
"icd_code=R39.192, icd_version=10, diagnosis=Post-voidal residual urine",high
"Your SoFi Invest active investing account opened. Fund: http://sofi-fund-activeinvest.com",low
"Patel, Priya",high
"WIFI_CONFIG: BaByliss_Smooth_Styler, Password: B@byl1ss_Ion2028, Security: WPA3",high
"BLUETOOTH_NAME: GHD_Chronos, PIN: 1176, Last Connected: 2028-01-27T15:55:40Z",high
"icd_code=305.91, icd_version=9, diagnosis=Other, mixed, or unspecified drug abuse, continuous",high
"Free $700 Our Place Always Pan 2.0! Claim: http://ourplace-alwayspan-giveaway.com",low
"Name: Lake Khanka; Longitude: 132.500000; Latitude: 45.000000",low
"id:241100, customer_id:66901, phone_number:083490123456, reference_number:INV-280614141035, net_amount:2250000, status:01, paying_at:2028-06-14T00:00:00Z",high
"icd_code=E10.41, icd_version=10, diagnosis=Type 1 diabetes mellitus with diabetic mononeuropathy",high
"Your DoorDash Drive catering employee recognition program launched. View: http://doordash-view-employeerecognition.com",low
"Bluetooth Device: T3_SinglePass, PIN: 2291, Last Connected: 2028-01-28T09:25:30Z",high
"Name: Lake Zaysan; Longitude: 84.000000; Latitude: 48.000000",low
"SSID: Ny-Ålesund_Satellite, Password: KingsBay2028!, Security: WPA3",high
"icd_code=N94.6, icd_version=10, diagnosis=Dysmenorrhea, unspecified",high
"Your PayPal Pay in 3 credit limit increased. Celebrate: http://paypal-celebrate-limitincrease.com",low
"Garcia, Diego",high
"WIFI_CONFIG: Remington_Curl_Secret, Password: R3m_CurlS3cr3t2028, Security: WPA3",high
"Name: Lake Alakol; Longitude: 81.500000; Latitude: 46.500000",low
"BLUETOOTH_NAME: Philips_SatinShave, PIN: 3368, Last Connected: 2028-01-29T13:40:35Z",high
"icd_code=296.52, icd_version=9, diagnosis=Bipolar I disorder, most recent episode (or current) depressed, moderate",high
"CVS: Your nicotine replacement therapy refill ready. Pickup: http://cvs-pickup-nicotinerefill.com",low
"id:242100, customer_id:33678, phone_number:083501234567, reference_number:TRX-280619102045, net_amount:1850000, status:00, paying_at:2028-06-19T00:00:00Z",high
https://www.ksat.se/research,low
"icd_code=I72.5, icd_version=10, diagnosis=Aneurysm of other precerebral artery",high
"Your Amazon Hub Locker delivery redirected. Confirm: http://amazon-confirm-redirectlocker.com",low
"Tanaka, Yui",high
"Name: Lake Tengiz; Longitude: 69.000000; Latitude: 50.500000",low
"Bluetooth Device: Braun_Silk_Expert_Pro, PIN: 4411, Last Connected: 2028-01-30T10:30:45Z",high
"icd_code=K08.51, icd_version=10, diagnosis=Loss of dental restoration due to inadequate margins",high
"SSID: Husafell_Canyon, Password: Iceland2028!", Security: WPA2",low
"WIFI_CONFIG: Wahl_Magic_Clip, PIN: 5539, Last Connected: 2028-01-31T14:50:30Z",high
"Name: Lake Myvatn; Longitude: -16.833333; Latitude: 65.616667",low
"icd_code=304.20, icd_version=9, diagnosis=Cocaine dependence, unspecified",high
"Urgent: Your Qatar National Bank credit card cloned. Freeze: http://qnb-freeze-card.com",low
"BLUETOOTH_NAME: Andis_Master, PIN: 6643, Last Connected: 2028-02-01T09:35:40Z",high
"id:243100, customer_id:55891, phone_number:083512345678, reference_number:INV-280624151050, net_amount:2150000, status:01, paying_at:2028-06-24T00:00:00Z",high
"icd_code=G47.33, icd_version=10, diagnosis=Obstructive sleep apnea (adult) (pediatric)",high
"Your Venmo $1,500 invoice paid. Receipt: http://venmo-receipt-invoice1500.com",low
"Rodriguez, Miguel",high
"Name: Lake Þingvallavatn; Longitude: -21.166667; Latitude: 64.183333",low
"Bluetooth Device: Dyson_Corrale, PIN: 1177, Last Connected: 2028-02-02T13:45:30Z",high
"icd_code=L23.6, icd_version=10, diagnosis=Allergic contact dermatitis due to food in contact with skin",high
"SSID: Grotta_Lighthouse, Password: Reykjavik2028!, Security: WPA2",low
"Name: Lake Lagarfljot; Longitude: -14.833333; Latitude: 65.166667",low
https://www.ni.is/research,low
"icd_code=296.89, icd_version=9, diagnosis=Bipolar II disorder",high
"Your Citi Double Cash card pay yourself back points redeemed. Confirm: http://citi-confirm-pybredeem.com",low
"WIFI_CONFIG: Conair_Infiniti_Pro_Curl, Password: C0n41r_CurlT0ng2028, Security: WPA3",high
"BLUETOOTH_NAME: Revlon_Polish_Change, PIN: 2292, Last Connected: 2028-02-03T10:25:35Z",high
"icd_code=304.30, icd_version=9, diagnosis=Cannabis dependence, unspecified",high
"$9,500 Seychelles Private Island Giveaway! Enter: http://seychelles-island-giveaway.com",low
"Name: Lake Mývatn; Longitude: -16.833333; Latitude: 65.616667",low
"id:244100, customer_id:77356, phone_number:083523456789, reference_number:TRX-280629101055, net_amount:2350000, status:00, paying_at:2028-06-29T00:00:00Z",high
"icd_code=E11.42, icd_version=10, diagnosis=Type 2 diabetes mellitus with diabetic polyneuropathy",high
"Your Walmart+ member spark delivery driver bonus earned. View: http://walmartplus-view-driverbonus.com",low
"Kim, Jae-Won",high
"Name: Lake Þórisvatn; Longitude: -17.500000; Latitude: 64.250000",low
"Bluetooth Device: Shark_UltraLight, PIN: 3369, Last Connected: 2028-02-04T14:55:40Z",high
"icd_code=H61.22, icd_version=10, diagnosis=Impacted cerumen, left ear",high
"SSID: Svartsengi_Power, Password: BlueLagoon2028!, Security: WPA2",low
"WIFI_CONFIG: Philips_3000_Series, PIN: 4422, Last Connected: 2028-02-05T09:30:45Z",high
"Name: Lake Hvalvatn; Longitude: -21.416667; Latitude: 64.416667",low
"icd_code=295.95, icd_version=9, diagnosis=Unspecified schizophrenia, in remission",high
"Your DoorDash Drive catering order invoice paid. Receipt: http://doordash-receipt-invoicepaid.com",low
"BLUETOOTH_NAME: Babyliss_Pro_Porcelain, PIN: 5540, Last Connected: 2028-02-06T13:35:30Z",high
"id:245100, customer_id:44789, phone_number:083534567890, reference_number:INV-280704142025, net_amount:1950000, status:01, paying_at:2028-07-04T00:00:00Z",high
https://www.vedur.is/research,low
"icd_code=I83.89, icd_version=10, diagnosis=Varicose veins of lower extremities with other complications",high
"Your Amazon One Medical annual physical scheduled. Prepare: http://amazonone-prepare-physical.com",low
"Chen, Jessica",high
"Name: Lake Langisjór; Longitude: -17.250000; Latitude: 64.200000",low
"Bluetooth Device: Panasonic_EH-NA0J, PIN: 6644, Last Connected: 2028-02-07T10:40:35Z",high
"icd_code=K14.0, icd_version=10, diagnosis=Glossitis",high
"SSID: Krafla_Station, Password: Geothermal2028!, Security: WPA2",low
"Name: Lake Askja; Longitude: -16.833333; Latitude: 65.050000",low
"icd_code=304.40, icd_version=9, diagnosis=Amphetamine dependence, in remission",high
"Your DBS Bank PayNow transaction flagged. Verify: http://dbs-verify-paynow.com",low
"WIFI_CONFIG: Remington_Shine_Therapy, PIN: 1178, Last Connected: 2028-02-08T14:50:45Z",high
"BLUETOOTH_NAME: Braun_IPL_Silk, PIN: 2293, Last Connected: 2028-02-09T09:25:30Z",high
"id:246100, customer_id:66654, phone_number:083545678901, reference_number:TRX-280709151035, net_amount:2550000, status:00, paying_at:2028-07-09T00:00:00Z",high
"icd_code=G56.02, icd_version=10, diagnosis=Carpal tunnel syndrome, left upper limb",high
"Your CVS extracare pharmacy $7 beauty reward earned. Redeem: http://cvs-redeem-beauty7.com",low
"Patel, Anjali",high
"Name: Lake Grímsvötn; Longitude: -17.333333; Latitude: 64.416667",low
"Bluetooth Device: Philips_Lumea_Prestige, PIN: 3399, Last Connected: 2028-02-10T13:30:40Z",high
"icd_code=N81.6, icd_version=10, diagnosis=Incomplete uterovaginal prolapse",high
"SSID: Vestmannaeyjar, Password: Westman2028!, Security: WPA2",low
"Name: Lake Kleifarvatn; Longitude: -21.966667; Latitude: 63.933333",low
https://www.hafro.is/research,low
"icd_code=296.32, icd_version=9, diagnosis=Major depressive disorder, recurrent, moderate",high
"Your American Express Business Gold 4x category maxed. Track: http://amex-track-4xmax.com",low
"WIFI_CONFIG: Wahl_5_Star, Password: W@hl_S3n10r2028, Security: WPA3",high
"BLUETOOTH_NAME: Andis_ProFoiler, PIN: 4413, Last Connected: 2028-02-11T10:35:30Z",high
"icd_code=304.50, icd_version=9, diagnosis=Hallucinogen dependence, unspecified",high
"Free $1,200 Great Jones Cookware Set! Register: http://greatjones-cookware-giveaway.com",low
"Name: Lake Elliðavatn; Longitude: -21.800000; Latitude: 64.116667",low
"id:247100, customer_id:33589, phone_number:083556789012, reference_number:INV-280714101045, net_amount:1750000, status:01, paying_at:2028-07-14T00:00:00Z",high
"icd_code=E05.21, icd_version=10, diagnosis=Thyrotoxicosis with toxic multinodular goiter with thyrotoxic crisis",high
"Your Uber Health spending account statement ready. Download: http://uberhealth-download-spendingstatement.com",low
"Kim, Soo-Jin",high
"Name: Lake Skorradalsvatn; Longitude: -21.500000; Latitude: 64.500000",low
"Bluetooth Device: BaByliss_Super_Motor, PIN: 5541, Last Connected: 2028-02-12T14:45:35Z",high
"icd_code=H02.53, icd_version=10, diagnosis=Ectropion of bilateral eyelids",high
"SSID: Reykjanes_Sveifluhals, Password: Lava2028!", Security: WPA2",low
"WIFI_CONFIG: Conair_Extreme_Steam, PIN: 6645, Last Connected: 2028-02-13T09:55:30Z",high
"Name: Lake Hóp; Longitude: -20.333333; Latitude: 65.500000",low
"icd_code=295.74, icd_version=9, diagnosis=Schizoaffective disorder, chronic state with acute exacerbation",high
"Your PayPal $2,000 business loan repayment due. Pay: http://paypal-pay-loan2000.com",low
"BLUETOOTH_NAME: Dyson_Airstrait, PIN: 1179, Last Connected: 2028-02-14T13:40:50Z",high
"id:248100, customer_id:99345, phone_number:083567890123, reference_number:TRX-280719142055, net_amount:2150000, status:00, paying_at:2028-07-19T00:00:00Z",high
"icd_code=O26.89, icd_version=10, diagnosis=Other specified pregnancy-related conditions, first trimester",high
"Your New Zealand Electronic Travel Authority expires. Renew: http://immigration-nz-eta.govt.nz",low
"aaron.williams@health.govt.nz",high
"SSID: Scott_Base_Lab, Password: Antarctica2029!", Security: WPA3",high
"Name: Lake Tekapo; Longitude: 170.416667; Latitude: -44.000000",low
https://www.antarcticanz.govt.nz/research,low
"BLUETOOTH_NAME: Breville_Barista_Pro, PIN: 3314, MAC: 89:AB:CD:EF:12:34",high
"icd_code=S52.501A, icd_version=10, diagnosis=Unspecified fracture of lower end of right radius, initial encounter",high
"Your ANZ Bank home loan offset account optimized. Review: http://anz-review-offset.com",low
"Davies, Gareth",high
"Bluetooth Device: Sunbeam_Renue, PIN: 4425, Last Connected: 2028-02-15T08:45:30Z",high
"icd_code=T33.411A, icd_version=10, diagnosis=Superficial frostbite of right arm, initial encounter",high
https://www.waikato.ac.nz/research,low
"Name: Lake Pukaki; Longitude: 170.166667; Latitude: -44.116667",low
"Your GrabPay wallet received refund. Check: http://grab-check-refund.com",low
"SSID: Arrival_Heights, Password: McMurdo2029!", Security: WPA2",low
"BLUETOOTH_NAME: DeLonghi_Dedica, PIN: 5542, Last Connected: 2028-02-16T14:30:45Z",high
"icd_code=Z31.41, icd_version=10, diagnosis=Encounter for fertility testing",high
"Congratulations! Your Dribbble shot featured. Promote: http://dribbble-featured-shot.com",low
"Name: Lake Ohau; Longitude: 169.833333; Latitude: -44.250000",low
"id:249100, customer_id:88567, phone_number:083578901234, reference_number:INV-280724093050, net_amount:4250000, status:00, paying_at:2028-07-24T00:00:00Z",high
"WIFI_CONFIG: Nespresso_Vertuo, Password: N3spr3ss0_V2029, Security: WPA3",high
"icd_code=H35.313, icd_version=10, diagnosis=Non-exudative age-related macular degeneration, bilateral",high
"Your Calm premium sleep stories listened. Continue: http://calm-continue-stories.com",low
"Chen, Katherine",high
"Name: Lake Wakatipu; Longitude: 168.616667; Latitude: -45.050000",low
"Bluetooth Device: KitchenAid_Artisan, PIN: 6646, Last Connected: 2028-02-17T11:35:40Z",high
"icd_code=K05.02, icd_version=10, diagnosis=Acute gingivitis, non-plaque induced",high
"CVS: Your anticoagulation INR test reminder. Schedule: http://cvs-schedule-inrtest.com",low
"SSID: Arrival_Heights_Lab, Password: WinterOps2029!", Security: WPA2",low
"Name: Lake Hawea; Longitude: 169.333333; Latitude: -44.500000",low
https://www.otago.ac.nz/research,low
"icd_code=R39.199, icd_version=10, diagnosis=Other difficulties with micturition",high
"Your Acorns Found Money cashback deposited. View: http://acorns-view-foundmoney.com",low
"Patel, Isha",high
"WIFI_CONFIG: Jura_E8, Password: Jur@_E8_2029, Security: WPA3",high
"BLUETOOTH_NAME: Cuisinart_Grind, PIN: 1180, Last Connected: 2028-02-18T15:50:35Z",high
"icd_code=305.92, icd_version=9, diagnosis=Other, mixed, or unspecified drug abuse, episodic",high
"Free $850 Made In Carbon Steel Set! Claim: http://madein-carbonsteel.com",low
"Name: Lake Wanaka; Longitude: 169.166667; Latitude: -44.500000",low
"id:250100, customer_id:66012, phone_number:083589012345, reference_number:TRX-280729141040, net_amount:2350000, status:01, paying_at:2028-07-29T00:00:00Z",high
"icd_code=E10.42, icd_version=10, diagnosis=Type 1 diabetes mellitus with diabetic polyneuropathy",high
"Your DoorDash Drive catering employee engagement survey launched. Respond: http://doordash-respond-survey.com",low
"Bluetooth Device: Sage_Barista_Express, PIN: 2294, Last Connected: 2028-02-19T09:30:30Z",high
"Name: Lake Hayes; Longitude: 168.833333; Latitude: -44.983333",low
"SSID: Cape_Evans, Password: Scott2029!", Security: WPA2",low
"icd_code=N94.89, icd_version=10, diagnosis=Other specified conditions associated with female genital organs",high
"Your PayPal Pay in 4 purchase protection claim filed. Track: http://paypal-track-pay4claim.com",low
"Garcia, Elena",high
"WIFI_CONFIG: Smeg_ECF01, Password: Sm3g_Coffee2029, Security: WPA3",high
"Name: Lake Dunstan; Longitude: 169.333333; Latitude: -45.066667",low
"BLUETOOTH_NAME: Lavazza_Desea, PIN: 3370, Last Connected: 2028-02-20T13:40:45Z",high
"icd_code=296.53, icd_version=9, diagnosis=Bipolar I disorder, most recent episode (or current) depressed, severe, without psychotic features",high
"CVS: Your hepatitis B vaccine series due. Schedule: http://cvs-schedule-hepbvaccine.com",low
"id:251100, customer_id:33789, phone_number:083590123456, reference_number:INV-280803102040, net_amount:1850000, status:00, paying_at:2028-08-03T00:00:00Z",high
https://www.canterbury.ac.nz/research,low
"icd_code=I72.6, icd_version=10, diagnosis=Aneurysm of vertebral artery",high
"Your Amazon Renewed premium care extended. Activate: http://amazon-activate-renewedcare.com",low
"Tanaka, Haruki",high
"Name: Lake Manapouri; Longitude: 167.500000; Latitude: -45.500000",low
"Bluetooth Device: Delonghi_La_Specialista, PIN: 4414, Last Connected: 2028-02-21T10:25:35Z",high
"icd_code=K08.53, icd_version=10, diagnosis=Fractured dental restorative material with loss of material",high
"SSID: Cape_Royds, Password: Shackleton2029!, Security: WPA2",low
"WIFI_CONFIG: Gaggia_Classic_Pro, PIN: 5543, Last Connected: 2028-02-22T14:55:30Z",high
"Name: Lake Te Anau; Longitude: 167.833333; Latitude: -45.200000",low
"icd_code=304.60, icd_version=9, diagnosis=Cocaine dependence, in remission",high
"Urgent: Your OCBC 360 account unusual activity. Verify: http://ocbc-verify-activity.com",low
"BLUETOOTH_NAME: Saeco_Xelsis, PIN: 6647, Last Connected: 2028-02-23T09:35:40Z",high
"id:252100, customer_id:55902, phone_number:083601234567, reference_number:TRX-280808151055, net_amount:2250000, status:01, paying_at:2028-08-08T00:00:00Z",high
"icd_code=G47.33, icd_version=10, diagnosis=Obstructive sleep apnea (adult) (pediatric)",high
"Your Venmo $2,500 freelance payment received. Withdraw: http://venmo-withdraw-freelance.com",low
"Rodriguez, Sofia",high
"Name: Lake Monowai; Longitude: 167.416667; Latitude: -45.833333",low
"Bluetooth Device: Philips_Saeco_Pico, PIN: 1181, Last Connected: 2028-02-24T13:50:30Z",high
"icd_code=L23.7, icd_version=10, diagnosis=Allergic contact dermatitis due to plants, except food",high
"SSID: Cape_Adare, Password: Borchgrevink2029!, Security: WPA2",low
"Name: Lake Hauroko; Longitude: 167.333333; Latitude: -46.000000",low
https://www.victoria.ac.nz/research,low
"icd_code=296.89, icd_version=9, diagnosis=Bipolar II disorder",high
"Your Citi Rewards+ 10% points back credited. View: http://citi-view-pointsback10.com",low
"WIFI_CONFIG: Krups_EA9010, Password: Kr_up5_EA9010_2029, Security: WPA3",high
"BLUETOOTH_NAME: Melitta_CI_Touch, PIN: 2295, Last Connected: 2028-02-25T10:30:45Z",high
"icd_code=304.70, icd_version=9, diagnosis=Cannabis dependence, episodic",high
"$10,500 Galapagos Islands Expedition Giveaway! Enter: http://galapagos-expedition-giveaway.com",low
"Name: Lake Poteriteri; Longitude: 167.333333; Latitude: -46.083333",low
"id:253100, customer_id:77467, phone_number:083612345678, reference_number:INV-280813101055, net_amount:1950000, status:00, paying_at:2028-08-13T00:00:00Z",high
"icd_code=E11.43, icd_version=10, diagnosis=Type 2 diabetes mellitus with diabetic autonomic (poly)neuropathy",high
"Your Walmart+ member free shipping benefit used. Track: http://walmartplus-track-freeshipping.com",low
"Kim, Min-Ji",high
"Name: Lake Hakapoua; Longitude: 167.166667; Latitude: -46.166667",low
"Bluetooth Device: Bosch_Tassimo, PIN: 3371, Last Connected: 2028-02-26T14:45:35Z",high
"icd_code=H61.23, icd_version=10, diagnosis=Impacted cerumen, bilateral",high
"SSID: Cape_Hallett, Password: Victoria2029!", Security: WPA2",low
"WIFI_CONFIG: Siemens_EQ6, PIN: 4426, Last Connected: 2028-02-27T09:30:40Z",high
"Name: Lake Hauroko; Longitude: 167.333333; Latitude: -46.000000",low
"icd_code=295.95, icd_version=9, diagnosis=Unspecified schizophrenia, in remission",high
"Your DoorDash Drive catering catering menu optimization report ready. Download: http://doordash-download-menuoptimization.com",low
"BLUETOOTH_NAME: DeLonghi_Magnifica, PIN: 5544, Last Connected: 2028-02-28T13:35:30Z",high
"id:254100, customer_id:44890, phone_number:083623456789, reference_number:TRX-280818142030, net_amount:2650000, status:01, paying_at:2028-08-18T00:00:00Z",high
https://www.lincoln.ac.nz/research,low
"icd_code=I83.89, icd_version=10, diagnosis=Varicose veins of lower extremities with other complications",high
"Your Amazon Pharmacy free home delivery enrolled. Confirm: http://amazonpharmacy-confirm-homedelivery.com",low
"Chen, William",high
"Name: Lake Poteriteri; Longitude: 167.333333; Latitude: -46.083333",low
"Bluetooth Device: Jura_Ena_8, PIN: 6648, Last Connected: 2028-02-29T10:40:35Z",high
"icd_code=K14.8, icd_version=10, diagnosis=Other diseases of tongue",high
"SSID: Terra_Nova, Password: RossSea2029!", Security: WPA2",low
"Name: Lake Barrine; Longitude: 145.633333; Latitude: -17.250000",low
"icd_code=304.80, icd_version=9, diagnosis=Polysubstance dependence, episodic",high
"Your UOB One account bonus interest credited. View: http://uob-view-bonusinterest.com",low
"WIFI_CONFIG: Nespresso_Creatista, PIN: 1182, Last Connected: 2028-03-01T14:55:40Z",high
"BLUETOOTH_NAME: Breville_Nano, PIN: 2296, Last Connected: 2028-03-02T09:25:35Z",high
"id:255100, customer_id:66778, phone_number:083634567890, reference_number:INV-280823151045, net_amount:1750000, status:00, paying_at:2028-08-23T00:00:00Z",high
"icd_code=G56.03, icd_version=10, diagnosis=Carpal tunnel syndrome, bilateral upper limbs",high
"Your CVS extracare pharmacy $9 beauty reward earned. Redeem: http://cvs-redeem-beauty9.com",low
"Patel, Rahul",high
"Name: Lake Eacham; Longitude: 145.666667; Latitude: -17.283333",low
"Bluetooth Device: KitchenAid_K400, PIN: 3372, Last Connected: 2028-03-03T13:30:45Z",high
"icd_code=N81.4, icd_version=10, diagnosis=Uterovaginal prolapse, unspecified",high
"SSID: Dumont_dUrville, Password: Adelie2029!", Security: WPA2",low
"Name: Lake McKenzie; Longitude: 153.066667; Latitude: -25.450000",low
https://www.griffith.edu.au/research,low
"icd_code=296.34, icd_version=9, diagnosis=Major depressive disorder, recurrent, severe with psychotic features",high
"Your American Express Bonvoy Business 5th night free certificate expiring. Book: http://amex-book-bonvoy5th.com",low
"WIFI_CONFIG: Cuisinart_CPK-17, PIN: 4415, Last Connected: 2028-03-04T10:20:30Z",high
"BLUETOOTH_NAME: Hamilton_Beach_FlexBrew, PIN: 5545, Last Connected: 2028-03-05T14:35:40Z",high
"icd_code=304.90, icd_version=9, diagnosis=Other specified drug dependence, unspecified",high
"Free $1,500 HexClad Hybrid Cookware Set! Register: http://hexclad-hybrid-giveaway.com",low
"Name: Lake Wabby; Longitude: 153.400000; Latitude: -25.466667",low
"id:256100, customer_id:33690, phone_number:083645678901, reference_number:TRX-280828101035, net_amount:2350000, status:01, paying_at:2028-08-28T00:00:00Z",high
"icd_code=E05.30, icd_version=10, diagnosis=Thyrotoxicosis from ectopic thyroid tissue without thyrotoxic crisis",high
"Your Uber Health OTC order history ready. View: http://uberhealth-view-otchistory.com",low
"Kim, Soo-Hyun",high
"Name: Lake Boomanjin; Longitude: 153.066667; Latitude: -25.566667",low
"Bluetooth Device: Sage_Smart_Oven, PIN: 6649, Last Connected: 2028-03-06T09:45:30Z",high
"icd_code=H02.51, icd_version=10, diagnosis=Ectropion of right eyelid",high
"SSID: Maitri_Station, Password: Schirmacher2029!, Security: WPA2",low
"WIFI_CONFIG: Smeg_TO-82, PIN: 1183, Last Connected: 2028-03-07T13:55:35Z",high
"Name: Lake Birrabeen; Longitude: 153.083333; Latitude: -25.516667",low
"icd_code=295.74, icd_version=9, diagnosis=Schizoaffective disorder, chronic state with acute exacerbation",high
"Your PayPal $5,500 business credit line payment due. Pay: http://paypal-pay-credit5500.com",low
"BLUETOOTH_NAME: Panasonic_NF-C600, PIN: 2297, Last Connected: 2028-03-08T10:30:40Z",high
"id:257100, customer_id:99456, phone_number:083656789012, reference_number:INV-280902142045, net_amount:2150000, status:00, paying_at:2028-09-02T00:00:00Z",high